Header,Description,30_Year,,,,,,,,,,,,,,,,,,,,,,,,,,,,,,,,,,,,,,,,,,,,,,,,,,,,,,,,,,,,,,,,,,,,,,,,,,,,,,,,,,,,,,,,,,,,,,,,,,,,,,,,,,,,,,,,,,,,,,,,,,,,,,,,,,,,,,,,,,,,,,,,,,,,,,,,,,,,,,,,,,,,,,,,,,,,,,,,,,,,,,,,,,,,,,,,,,,,,,,,,
Header,Interpolation,CubicInterp,,,,,,,,,,,,,,,,,,,,,,,,,,,,,,,,,,,,,,,,,,,,,,,,,,,,,,,,,,,,,,,,,,,,,,,,,,,,,,,,,,,,,,,,,,,,,,,,,,,,,,,,,,,,,,,,,,,,,,,,,,,,,,,,,,,,,,,,,,,,,,,,,,,,,,,,,,,,,,,,,,,,,,,,,,,,,,,,,,,,,,,,,,,,,,,,,,,,,,,,,
Header,MonthsPerPeriod,1,,,,,,,,,,,,,,,,,,,,,,,,,,,,,,,,,,,,,,,,,,,,,,,,,,,,,,,,,,,,,,,,,,,,,,,,,,,,,,,,,,,,,,,,,,,,,,,,,,,,,,,,,,,,,,,,,,,,,,,,,,,,,,,,,,,,,,,,,,,,,,,,,,,,,,,,,,,,,,,,,,,,,,,,,,,,,,,,,,,,,,,,,,,,,,,,,,,,,,,,,
Header,Currency,USD,,,,,,,,,,,,,,,,,,,,,,,,,,,,,,,,,,,,,,,,,,,,,,,,,,,,,,,,,,,,,,,,,,,,,,,,,,,,,,,,,,,,,,,,,,,,,,,,,,,,,,,,,,,,,,,,,,,,,,,,,,,,,,,,,,,,,,,,,,,,,,,,,,,,,,,,,,,,,,,,,,,,,,,,,,,,,,,,,,,,,,,,,,,,,,,,,,,,,,,,,
Header,Index,SP,Income Return-Index Growth,Annual,3,4,,,,,,,,,,,,,,,,,,,,,,,,,,,,,,,,,,,,,,,,,,,,,,,,,,,,,,,,,,,,,,,,,,,,,,,,,,,,,,,,,,,,,,,,,,,,,,,,,,,,,,,,,,,,,,,,,,,,,,,,,,,,,,,,,,,,,,,,,,,,,,,,,,,,,,,,,,,,,,,,,,,,,,,,,,,,,,,,,,,,,,,,,,,,,,,,,,,,,
Header,Index,ND,Income Return-Index Growth,Annual,5,6,,,,,,,,,,,,,,,,,,,,,,,,,,,,,,,,,,,,,,,,,,,,,,,,,,,,,,,,,,,,,,,,,,,,,,,,,,,,,,,,,,,,,,,,,,,,,,,,,,,,,,,,,,,,,,,,,,,,,,,,,,,,,,,,,,,,,,,,,,,,,,,,,,,,,,,,,,,,,,,,,,,,,,,,,,,,,,,,,,,,,,,,,,,,,,,,,,,,,
Header,Index,ML,Income Return-Index Growth,Annual,7,8,,,,,,,,,,,,,,,,,,,,,,,,,,,,,,,,,,,,,,,,,,,,,,,,,,,,,,,,,,,,,,,,,,,,,,,,,,,,,,,,,,,,,,,,,,,,,,,,,,,,,,,,,,,,,,,,,,,,,,,,,,,,,,,,,,,,,,,,,,,,,,,,,,,,,,,,,,,,,,,,,,,,,,,,,,,,,,,,,,,,,,,,,,,,,,,,,,,,,
Header,Index,PB,Income Return-Index Growth,Annual,9,10,,,,,,,,,,,,,,,,,,,,,,,,,,,,,,,,,,,,,,,,,,,,,,,,,,,,,,,,,,,,,,,,,,,,,,,,,,,,,,,,,,,,,,,,,,,,,,,,,,,,,,,,,,,,,,,,,,,,,,,,,,,,,,,,,,,,,,,,,,,,,,,,,,,,,,,,,,,,,,,,,,,,,,,,,,,,,,,,,,,,,,,,,,,,,,,,,,,,,
Header,Index,PM,Income Return-Index Growth,Annual,11,12,,,,,,,,,,,,,,,,,,,,,,,,,,,,,,,,,,,,,,,,,,,,,,,,,,,,,,,,,,,,,,,,,,,,,,,,,,,,,,,,,,,,,,,,,,,,,,,,,,,,,,,,,,,,,,,,,,,,,,,,,,,,,,,,,,,,,,,,,,,,,,,,,,,,,,,,,,,,,,,,,,,,,,,,,,,,,,,,,,,,,,,,,,,,,,,,,,,,,
Header,Index,EF,Income Return-Index Growth,Annual,13,14,,,,,,,,,,,,,,,,,,,,,,,,,,,,,,,,,,,,,,,,,,,,,,,,,,,,,,,,,,,,,,,,,,,,,,,,,,,,,,,,,,,,,,,,,,,,,,,,,,,,,,,,,,,,,,,,,,,,,,,,,,,,,,,,,,,,,,,,,,,,,,,,,,,,,,,,,,,,,,,,,,,,,,,,,,,,,,,,,,,,,,,,,,,,,,,,,,,,,
Header,Index,RS,Income Return-Index Growth,Annual,15,16,,,,,,,,,,,,,,,,,,,,,,,,,,,,,,,,,,,,,,,,,,,,,,,,,,,,,,,,,,,,,,,,,,,,,,,,,,,,,,,,,,,,,,,,,,,,,,,,,,,,,,,,,,,,,,,,,,,,,,,,,,,,,,,,,,,,,,,,,,,,,,,,,,,,,,,,,,,,,,,,,,,,,,,,,,,,,,,,,,,,,,,,,,,,,,,,,,,,,
Header,Index,AG,Income Return-Index Growth,Annual,17,18,,,,,,,,,,,,,,,,,,,,,,,,,,,,,,,,,,,,,,,,,,,,,,,,,,,,,,,,,,,,,,,,,,,,,,,,,,,,,,,,,,,,,,,,,,,,,,,,,,,,,,,,,,,,,,,,,,,,,,,,,,,,,,,,,,,,,,,,,,,,,,,,,,,,,,,,,,,,,,,,,,,,,,,,,,,,,,,,,,,,,,,,,,,,,,,,,,,,,
Header,Index,AB,Income Return-Index Growth,Annual,19,20,,,,,,,,,,,,,,,,,,,,,,,,,,,,,,,,,,,,,,,,,,,,,,,,,,,,,,,,,,,,,,,,,,,,,,,,,,,,,,,,,,,,,,,,,,,,,,,,,,,,,,,,,,,,,,,,,,,,,,,,,,,,,,,,,,,,,,,,,,,,,,,,,,,,,,,,,,,,,,,,,,,,,,,,,,,,,,,,,,,,,,,,,,,,,,,,,,,,,
Header,Index,LM,Income Return-Index Growth,Annual,21,22,,,,,,,,,,,,,,,,,,,,,,,,,,,,,,,,,,,,,,,,,,,,,,,,,,,,,,,,,,,,,,,,,,,,,,,,,,,,,,,,,,,,,,,,,,,,,,,,,,,,,,,,,,,,,,,,,,,,,,,,,,,,,,,,,,,,,,,,,,,,,,,,,,,,,,,,,,,,,,,,,,,,,,,,,,,,,,,,,,,,,,,,,,,,,,,,,,,,,
Header,Index,MVA,Income Return-Index Growth,Annual,23,24,,,,,,,,,,,,,,,,,,,,,,,,,,,,,,,,,,,,,,,,,,,,,,,,,,,,,,,,,,,,,,,,,,,,,,,,,,,,,,,,,,,,,,,,,,,,,,,,,,,,,,,,,,,,,,,,,,,,,,,,,,,,,,,,,,,,,,,,,,,,,,,,,,,,,,,,,,,,,,,,,,,,,,,,,,,,,,,,,,,,,,,,,,,,,,,,,,,,,
Header,Index,AQ,Income Return-Index Growth,Annual,25,26,,,,,,,,,,,,,,,,,,,,,,,,,,,,,,,,,,,,,,,,,,,,,,,,,,,,,,,,,,,,,,,,,,,,,,,,,,,,,,,,,,,,,,,,,,,,,,,,,,,,,,,,,,,,,,,,,,,,,,,,,,,,,,,,,,,,,,,,,,,,,,,,,,,,,,,,,,,,,,,,,,,,,,,,,,,,,,,,,,,,,,,,,,,,,,,,,,,,,
Header,MiscRate,RiskFree,Annual,27,27,,,,,,,,,,,,,,,,,,,,,,,,,,,,,,,,,,,,,,,,,,,,,,,,,,,,,,,,,,,,,,,,,,,,,,,,,,,,,,,,,,,,,,,,,,,,,,,,,,,,,,,,,,,,,,,,,,,,,,,,,,,,,,,,,,,,,,,,,,,,,,,,,,,,,,,,,,,,,,,,,,,,,,,,,,,,,,,,,,,,,,,,,,,,,,,,,,,,,,
Header,MiscRate,MRMGAYield,Annual,28,28,,,,,,,,,,,,,,,,,,,,,,,,,,,,,,,,,,,,,,,,,,,,,,,,,,,,,,,,,,,,,,,,,,,,,,,,,,,,,,,,,,,,,,,,,,,,,,,,,,,,,,,,,,,,,,,,,,,,,,,,,,,,,,,,,,,,,,,,,,,,,,,,,,,,,,,,,,,,,,,,,,,,,,,,,,,,,,,,,,,,,,,,,,,,,,,,,,,,,,
Header,MiscRate,CALL_SP_D12_K100,Annual,29,29,,,,,,,,,,,,,,,,,,,,,,,,,,,,,,,,,,,,,,,,,,,,,,,,,,,,,,,,,,,,,,,,,,,,,,,,,,,,,,,,,,,,,,,,,,,,,,,,,,,,,,,,,,,,,,,,,,,,,,,,,,,,,,,,,,,,,,,,,,,,,,,,,,,,,,,,,,,,,,,,,,,,,,,,,,,,,,,,,,,,,,,,,,,,,,,,,,,,,,
Header,MiscRate,CALL_SP_D12_K101,Annual,30,30,,,,,,,,,,,,,,,,,,,,,,,,,,,,,,,,,,,,,,,,,,,,,,,,,,,,,,,,,,,,,,,,,,,,,,,,,,,,,,,,,,,,,,,,,,,,,,,,,,,,,,,,,,,,,,,,,,,,,,,,,,,,,,,,,,,,,,,,,,,,,,,,,,,,,,,,,,,,,,,,,,,,,,,,,,,,,,,,,,,,,,,,,,,,,,,,,,,,,,
Header,MiscRate,CALL_SP_D12_K102,Annual,31,31,,,,,,,,,,,,,,,,,,,,,,,,,,,,,,,,,,,,,,,,,,,,,,,,,,,,,,,,,,,,,,,,,,,,,,,,,,,,,,,,,,,,,,,,,,,,,,,,,,,,,,,,,,,,,,,,,,,,,,,,,,,,,,,,,,,,,,,,,,,,,,,,,,,,,,,,,,,,,,,,,,,,,,,,,,,,,,,,,,,,,,,,,,,,,,,,,,,,,,
Header,MiscRate,CALL_SP_D12_K104,Annual,32,32,,,,,,,,,,,,,,,,,,,,,,,,,,,,,,,,,,,,,,,,,,,,,,,,,,,,,,,,,,,,,,,,,,,,,,,,,,,,,,,,,,,,,,,,,,,,,,,,,,,,,,,,,,,,,,,,,,,,,,,,,,,,,,,,,,,,,,,,,,,,,,,,,,,,,,,,,,,,,,,,,,,,,,,,,,,,,,,,,,,,,,,,,,,,,,,,,,,,,,
Header,MiscRate,CALL_SP_D12_K108,Annual,33,33,,,,,,,,,,,,,,,,,,,,,,,,,,,,,,,,,,,,,,,,,,,,,,,,,,,,,,,,,,,,,,,,,,,,,,,,,,,,,,,,,,,,,,,,,,,,,,,,,,,,,,,,,,,,,,,,,,,,,,,,,,,,,,,,,,,,,,,,,,,,,,,,,,,,,,,,,,,,,,,,,,,,,,,,,,,,,,,,,,,,,,,,,,,,,,,,,,,,,,
Header,MiscRate,CALL_SP_D12_K112,Annual,34,34,,,,,,,,,,,,,,,,,,,,,,,,,,,,,,,,,,,,,,,,,,,,,,,,,,,,,,,,,,,,,,,,,,,,,,,,,,,,,,,,,,,,,,,,,,,,,,,,,,,,,,,,,,,,,,,,,,,,,,,,,,,,,,,,,,,,,,,,,,,,,,,,,,,,,,,,,,,,,,,,,,,,,,,,,,,,,,,,,,,,,,,,,,,,,,,,,,,,,,
Header,MiscRate,CALL_SP_D24_K100,Annual,35,35,,,,,,,,,,,,,,,,,,,,,,,,,,,,,,,,,,,,,,,,,,,,,,,,,,,,,,,,,,,,,,,,,,,,,,,,,,,,,,,,,,,,,,,,,,,,,,,,,,,,,,,,,,,,,,,,,,,,,,,,,,,,,,,,,,,,,,,,,,,,,,,,,,,,,,,,,,,,,,,,,,,,,,,,,,,,,,,,,,,,,,,,,,,,,,,,,,,,,,
Header,MiscRate,CALL_SP_D24_K102,Annual,36,36,,,,,,,,,,,,,,,,,,,,,,,,,,,,,,,,,,,,,,,,,,,,,,,,,,,,,,,,,,,,,,,,,,,,,,,,,,,,,,,,,,,,,,,,,,,,,,,,,,,,,,,,,,,,,,,,,,,,,,,,,,,,,,,,,,,,,,,,,,,,,,,,,,,,,,,,,,,,,,,,,,,,,,,,,,,,,,,,,,,,,,,,,,,,,,,,,,,,,,
Header,MiscRate,CALL_SP_D24_K104,Annual,37,37,,,,,,,,,,,,,,,,,,,,,,,,,,,,,,,,,,,,,,,,,,,,,,,,,,,,,,,,,,,,,,,,,,,,,,,,,,,,,,,,,,,,,,,,,,,,,,,,,,,,,,,,,,,,,,,,,,,,,,,,,,,,,,,,,,,,,,,,,,,,,,,,,,,,,,,,,,,,,,,,,,,,,,,,,,,,,,,,,,,,,,,,,,,,,,,,,,,,,,
Header,MiscRate,CALL_SP_D24_K108,Annual,38,38,,,,,,,,,,,,,,,,,,,,,,,,,,,,,,,,,,,,,,,,,,,,,,,,,,,,,,,,,,,,,,,,,,,,,,,,,,,,,,,,,,,,,,,,,,,,,,,,,,,,,,,,,,,,,,,,,,,,,,,,,,,,,,,,,,,,,,,,,,,,,,,,,,,,,,,,,,,,,,,,,,,,,,,,,,,,,,,,,,,,,,,,,,,,,,,,,,,,,,
Header,MiscRate,CALL_SP_D24_K116,Annual,39,39,,,,,,,,,,,,,,,,,,,,,,,,,,,,,,,,,,,,,,,,,,,,,,,,,,,,,,,,,,,,,,,,,,,,,,,,,,,,,,,,,,,,,,,,,,,,,,,,,,,,,,,,,,,,,,,,,,,,,,,,,,,,,,,,,,,,,,,,,,,,,,,,,,,,,,,,,,,,,,,,,,,,,,,,,,,,,,,,,,,,,,,,,,,,,,,,,,,,,,
Header,MiscRate,CALL_SP_D24_K124,Annual,40,40,,,,,,,,,,,,,,,,,,,,,,,,,,,,,,,,,,,,,,,,,,,,,,,,,,,,,,,,,,,,,,,,,,,,,,,,,,,,,,,,,,,,,,,,,,,,,,,,,,,,,,,,,,,,,,,,,,,,,,,,,,,,,,,,,,,,,,,,,,,,,,,,,,,,,,,,,,,,,,,,,,,,,,,,,,,,,,,,,,,,,,,,,,,,,,,,,,,,,,
Header,MiscRate,CALL_ND_D12_K100,Annual,41,41,,,,,,,,,,,,,,,,,,,,,,,,,,,,,,,,,,,,,,,,,,,,,,,,,,,,,,,,,,,,,,,,,,,,,,,,,,,,,,,,,,,,,,,,,,,,,,,,,,,,,,,,,,,,,,,,,,,,,,,,,,,,,,,,,,,,,,,,,,,,,,,,,,,,,,,,,,,,,,,,,,,,,,,,,,,,,,,,,,,,,,,,,,,,,,,,,,,,,,
Header,MiscRate,CALL_ND_D12_K101,Annual,42,42,,,,,,,,,,,,,,,,,,,,,,,,,,,,,,,,,,,,,,,,,,,,,,,,,,,,,,,,,,,,,,,,,,,,,,,,,,,,,,,,,,,,,,,,,,,,,,,,,,,,,,,,,,,,,,,,,,,,,,,,,,,,,,,,,,,,,,,,,,,,,,,,,,,,,,,,,,,,,,,,,,,,,,,,,,,,,,,,,,,,,,,,,,,,,,,,,,,,,,
Header,MiscRate,CALL_ND_D12_K102,Annual,43,43,,,,,,,,,,,,,,,,,,,,,,,,,,,,,,,,,,,,,,,,,,,,,,,,,,,,,,,,,,,,,,,,,,,,,,,,,,,,,,,,,,,,,,,,,,,,,,,,,,,,,,,,,,,,,,,,,,,,,,,,,,,,,,,,,,,,,,,,,,,,,,,,,,,,,,,,,,,,,,,,,,,,,,,,,,,,,,,,,,,,,,,,,,,,,,,,,,,,,,
Header,MiscRate,CALL_ND_D12_K104,Annual,44,44,,,,,,,,,,,,,,,,,,,,,,,,,,,,,,,,,,,,,,,,,,,,,,,,,,,,,,,,,,,,,,,,,,,,,,,,,,,,,,,,,,,,,,,,,,,,,,,,,,,,,,,,,,,,,,,,,,,,,,,,,,,,,,,,,,,,,,,,,,,,,,,,,,,,,,,,,,,,,,,,,,,,,,,,,,,,,,,,,,,,,,,,,,,,,,,,,,,,,,
Header,MiscRate,CALL_ND_D12_K108,Annual,45,45,,,,,,,,,,,,,,,,,,,,,,,,,,,,,,,,,,,,,,,,,,,,,,,,,,,,,,,,,,,,,,,,,,,,,,,,,,,,,,,,,,,,,,,,,,,,,,,,,,,,,,,,,,,,,,,,,,,,,,,,,,,,,,,,,,,,,,,,,,,,,,,,,,,,,,,,,,,,,,,,,,,,,,,,,,,,,,,,,,,,,,,,,,,,,,,,,,,,,,
Header,MiscRate,CALL_ND_D12_K112,Annual,46,46,,,,,,,,,,,,,,,,,,,,,,,,,,,,,,,,,,,,,,,,,,,,,,,,,,,,,,,,,,,,,,,,,,,,,,,,,,,,,,,,,,,,,,,,,,,,,,,,,,,,,,,,,,,,,,,,,,,,,,,,,,,,,,,,,,,,,,,,,,,,,,,,,,,,,,,,,,,,,,,,,,,,,,,,,,,,,,,,,,,,,,,,,,,,,,,,,,,,,,
Header,MiscRate,CALL_ML_D12_K100,Annual,47,47,,,,,,,,,,,,,,,,,,,,,,,,,,,,,,,,,,,,,,,,,,,,,,,,,,,,,,,,,,,,,,,,,,,,,,,,,,,,,,,,,,,,,,,,,,,,,,,,,,,,,,,,,,,,,,,,,,,,,,,,,,,,,,,,,,,,,,,,,,,,,,,,,,,,,,,,,,,,,,,,,,,,,,,,,,,,,,,,,,,,,,,,,,,,,,,,,,,,,,
Header,MiscRate,CALL_ML_D12_K101,Annual,48,48,,,,,,,,,,,,,,,,,,,,,,,,,,,,,,,,,,,,,,,,,,,,,,,,,,,,,,,,,,,,,,,,,,,,,,,,,,,,,,,,,,,,,,,,,,,,,,,,,,,,,,,,,,,,,,,,,,,,,,,,,,,,,,,,,,,,,,,,,,,,,,,,,,,,,,,,,,,,,,,,,,,,,,,,,,,,,,,,,,,,,,,,,,,,,,,,,,,,,,
Header,MiscRate,CALL_ML_D12_K102,Annual,49,49,,,,,,,,,,,,,,,,,,,,,,,,,,,,,,,,,,,,,,,,,,,,,,,,,,,,,,,,,,,,,,,,,,,,,,,,,,,,,,,,,,,,,,,,,,,,,,,,,,,,,,,,,,,,,,,,,,,,,,,,,,,,,,,,,,,,,,,,,,,,,,,,,,,,,,,,,,,,,,,,,,,,,,,,,,,,,,,,,,,,,,,,,,,,,,,,,,,,,,
Header,MiscRate,CALL_ML_D12_K104,Annual,50,50,,,,,,,,,,,,,,,,,,,,,,,,,,,,,,,,,,,,,,,,,,,,,,,,,,,,,,,,,,,,,,,,,,,,,,,,,,,,,,,,,,,,,,,,,,,,,,,,,,,,,,,,,,,,,,,,,,,,,,,,,,,,,,,,,,,,,,,,,,,,,,,,,,,,,,,,,,,,,,,,,,,,,,,,,,,,,,,,,,,,,,,,,,,,,,,,,,,,,,
Header,MiscRate,CALL_ML_D12_K108,Annual,51,51,,,,,,,,,,,,,,,,,,,,,,,,,,,,,,,,,,,,,,,,,,,,,,,,,,,,,,,,,,,,,,,,,,,,,,,,,,,,,,,,,,,,,,,,,,,,,,,,,,,,,,,,,,,,,,,,,,,,,,,,,,,,,,,,,,,,,,,,,,,,,,,,,,,,,,,,,,,,,,,,,,,,,,,,,,,,,,,,,,,,,,,,,,,,,,,,,,,,,,
Header,MiscRate,CALL_ML_D12_K112,Annual,52,52,,,,,,,,,,,,,,,,,,,,,,,,,,,,,,,,,,,,,,,,,,,,,,,,,,,,,,,,,,,,,,,,,,,,,,,,,,,,,,,,,,,,,,,,,,,,,,,,,,,,,,,,,,,,,,,,,,,,,,,,,,,,,,,,,,,,,,,,,,,,,,,,,,,,,,,,,,,,,,,,,,,,,,,,,,,,,,,,,,,,,,,,,,,,,,,,,,,,,,
Header,MiscRate,CALL_ML_D24_K100,Annual,53,53,,,,,,,,,,,,,,,,,,,,,,,,,,,,,,,,,,,,,,,,,,,,,,,,,,,,,,,,,,,,,,,,,,,,,,,,,,,,,,,,,,,,,,,,,,,,,,,,,,,,,,,,,,,,,,,,,,,,,,,,,,,,,,,,,,,,,,,,,,,,,,,,,,,,,,,,,,,,,,,,,,,,,,,,,,,,,,,,,,,,,,,,,,,,,,,,,,,,,,
Header,MiscRate,CALL_ML_D24_K102,Annual,54,54,,,,,,,,,,,,,,,,,,,,,,,,,,,,,,,,,,,,,,,,,,,,,,,,,,,,,,,,,,,,,,,,,,,,,,,,,,,,,,,,,,,,,,,,,,,,,,,,,,,,,,,,,,,,,,,,,,,,,,,,,,,,,,,,,,,,,,,,,,,,,,,,,,,,,,,,,,,,,,,,,,,,,,,,,,,,,,,,,,,,,,,,,,,,,,,,,,,,,,
Header,MiscRate,CALL_ML_D24_K104,Annual,55,55,,,,,,,,,,,,,,,,,,,,,,,,,,,,,,,,,,,,,,,,,,,,,,,,,,,,,,,,,,,,,,,,,,,,,,,,,,,,,,,,,,,,,,,,,,,,,,,,,,,,,,,,,,,,,,,,,,,,,,,,,,,,,,,,,,,,,,,,,,,,,,,,,,,,,,,,,,,,,,,,,,,,,,,,,,,,,,,,,,,,,,,,,,,,,,,,,,,,,,
Header,MiscRate,CALL_ML_D24_K108,Annual,56,56,,,,,,,,,,,,,,,,,,,,,,,,,,,,,,,,,,,,,,,,,,,,,,,,,,,,,,,,,,,,,,,,,,,,,,,,,,,,,,,,,,,,,,,,,,,,,,,,,,,,,,,,,,,,,,,,,,,,,,,,,,,,,,,,,,,,,,,,,,,,,,,,,,,,,,,,,,,,,,,,,,,,,,,,,,,,,,,,,,,,,,,,,,,,,,,,,,,,,,
Header,MiscRate,CALL_ML_D24_K116,Annual,57,57,,,,,,,,,,,,,,,,,,,,,,,,,,,,,,,,,,,,,,,,,,,,,,,,,,,,,,,,,,,,,,,,,,,,,,,,,,,,,,,,,,,,,,,,,,,,,,,,,,,,,,,,,,,,,,,,,,,,,,,,,,,,,,,,,,,,,,,,,,,,,,,,,,,,,,,,,,,,,,,,,,,,,,,,,,,,,,,,,,,,,,,,,,,,,,,,,,,,,,
Header,MiscRate,CALL_ML_D24_K124,Annual,58,58,,,,,,,,,,,,,,,,,,,,,,,,,,,,,,,,,,,,,,,,,,,,,,,,,,,,,,,,,,,,,,,,,,,,,,,,,,,,,,,,,,,,,,,,,,,,,,,,,,,,,,,,,,,,,,,,,,,,,,,,,,,,,,,,,,,,,,,,,,,,,,,,,,,,,,,,,,,,,,,,,,,,,,,,,,,,,,,,,,,,,,,,,,,,,,,,,,,,,,
Header,MiscRate,CALL_PB_D12_K100,Annual,59,59,,,,,,,,,,,,,,,,,,,,,,,,,,,,,,,,,,,,,,,,,,,,,,,,,,,,,,,,,,,,,,,,,,,,,,,,,,,,,,,,,,,,,,,,,,,,,,,,,,,,,,,,,,,,,,,,,,,,,,,,,,,,,,,,,,,,,,,,,,,,,,,,,,,,,,,,,,,,,,,,,,,,,,,,,,,,,,,,,,,,,,,,,,,,,,,,,,,,,,
Header,MiscRate,CALL_PB_D12_K101,Annual,60,60,,,,,,,,,,,,,,,,,,,,,,,,,,,,,,,,,,,,,,,,,,,,,,,,,,,,,,,,,,,,,,,,,,,,,,,,,,,,,,,,,,,,,,,,,,,,,,,,,,,,,,,,,,,,,,,,,,,,,,,,,,,,,,,,,,,,,,,,,,,,,,,,,,,,,,,,,,,,,,,,,,,,,,,,,,,,,,,,,,,,,,,,,,,,,,,,,,,,,,
Header,MiscRate,CALL_PB_D12_K102,Annual,61,61,,,,,,,,,,,,,,,,,,,,,,,,,,,,,,,,,,,,,,,,,,,,,,,,,,,,,,,,,,,,,,,,,,,,,,,,,,,,,,,,,,,,,,,,,,,,,,,,,,,,,,,,,,,,,,,,,,,,,,,,,,,,,,,,,,,,,,,,,,,,,,,,,,,,,,,,,,,,,,,,,,,,,,,,,,,,,,,,,,,,,,,,,,,,,,,,,,,,,,
Header,MiscRate,CALL_PB_D12_K104,Annual,62,62,,,,,,,,,,,,,,,,,,,,,,,,,,,,,,,,,,,,,,,,,,,,,,,,,,,,,,,,,,,,,,,,,,,,,,,,,,,,,,,,,,,,,,,,,,,,,,,,,,,,,,,,,,,,,,,,,,,,,,,,,,,,,,,,,,,,,,,,,,,,,,,,,,,,,,,,,,,,,,,,,,,,,,,,,,,,,,,,,,,,,,,,,,,,,,,,,,,,,,
Header,MiscRate,CALL_PB_D12_K108,Annual,63,63,,,,,,,,,,,,,,,,,,,,,,,,,,,,,,,,,,,,,,,,,,,,,,,,,,,,,,,,,,,,,,,,,,,,,,,,,,,,,,,,,,,,,,,,,,,,,,,,,,,,,,,,,,,,,,,,,,,,,,,,,,,,,,,,,,,,,,,,,,,,,,,,,,,,,,,,,,,,,,,,,,,,,,,,,,,,,,,,,,,,,,,,,,,,,,,,,,,,,,
Header,MiscRate,CALL_PB_D12_K112,Annual,64,64,,,,,,,,,,,,,,,,,,,,,,,,,,,,,,,,,,,,,,,,,,,,,,,,,,,,,,,,,,,,,,,,,,,,,,,,,,,,,,,,,,,,,,,,,,,,,,,,,,,,,,,,,,,,,,,,,,,,,,,,,,,,,,,,,,,,,,,,,,,,,,,,,,,,,,,,,,,,,,,,,,,,,,,,,,,,,,,,,,,,,,,,,,,,,,,,,,,,,,
Header,MiscRate,CALL_PB_D24_K100,Annual,65,65,,,,,,,,,,,,,,,,,,,,,,,,,,,,,,,,,,,,,,,,,,,,,,,,,,,,,,,,,,,,,,,,,,,,,,,,,,,,,,,,,,,,,,,,,,,,,,,,,,,,,,,,,,,,,,,,,,,,,,,,,,,,,,,,,,,,,,,,,,,,,,,,,,,,,,,,,,,,,,,,,,,,,,,,,,,,,,,,,,,,,,,,,,,,,,,,,,,,,,
Header,MiscRate,CALL_PB_D24_K102,Annual,66,66,,,,,,,,,,,,,,,,,,,,,,,,,,,,,,,,,,,,,,,,,,,,,,,,,,,,,,,,,,,,,,,,,,,,,,,,,,,,,,,,,,,,,,,,,,,,,,,,,,,,,,,,,,,,,,,,,,,,,,,,,,,,,,,,,,,,,,,,,,,,,,,,,,,,,,,,,,,,,,,,,,,,,,,,,,,,,,,,,,,,,,,,,,,,,,,,,,,,,,
Header,MiscRate,CALL_PB_D24_K104,Annual,67,67,,,,,,,,,,,,,,,,,,,,,,,,,,,,,,,,,,,,,,,,,,,,,,,,,,,,,,,,,,,,,,,,,,,,,,,,,,,,,,,,,,,,,,,,,,,,,,,,,,,,,,,,,,,,,,,,,,,,,,,,,,,,,,,,,,,,,,,,,,,,,,,,,,,,,,,,,,,,,,,,,,,,,,,,,,,,,,,,,,,,,,,,,,,,,,,,,,,,,,
Header,MiscRate,CALL_PB_D24_K108,Annual,68,68,,,,,,,,,,,,,,,,,,,,,,,,,,,,,,,,,,,,,,,,,,,,,,,,,,,,,,,,,,,,,,,,,,,,,,,,,,,,,,,,,,,,,,,,,,,,,,,,,,,,,,,,,,,,,,,,,,,,,,,,,,,,,,,,,,,,,,,,,,,,,,,,,,,,,,,,,,,,,,,,,,,,,,,,,,,,,,,,,,,,,,,,,,,,,,,,,,,,,,
Header,MiscRate,CALL_PB_D24_K116,Annual,69,69,,,,,,,,,,,,,,,,,,,,,,,,,,,,,,,,,,,,,,,,,,,,,,,,,,,,,,,,,,,,,,,,,,,,,,,,,,,,,,,,,,,,,,,,,,,,,,,,,,,,,,,,,,,,,,,,,,,,,,,,,,,,,,,,,,,,,,,,,,,,,,,,,,,,,,,,,,,,,,,,,,,,,,,,,,,,,,,,,,,,,,,,,,,,,,,,,,,,,,
Header,MiscRate,CALL_PB_D24_K124,Annual,70,70,,,,,,,,,,,,,,,,,,,,,,,,,,,,,,,,,,,,,,,,,,,,,,,,,,,,,,,,,,,,,,,,,,,,,,,,,,,,,,,,,,,,,,,,,,,,,,,,,,,,,,,,,,,,,,,,,,,,,,,,,,,,,,,,,,,,,,,,,,,,,,,,,,,,,,,,,,,,,,,,,,,,,,,,,,,,,,,,,,,,,,,,,,,,,,,,,,,,,,
Header,MiscRate,CALL_PM_D12_K100,Annual,71,71,,,,,,,,,,,,,,,,,,,,,,,,,,,,,,,,,,,,,,,,,,,,,,,,,,,,,,,,,,,,,,,,,,,,,,,,,,,,,,,,,,,,,,,,,,,,,,,,,,,,,,,,,,,,,,,,,,,,,,,,,,,,,,,,,,,,,,,,,,,,,,,,,,,,,,,,,,,,,,,,,,,,,,,,,,,,,,,,,,,,,,,,,,,,,,,,,,,,,,
Header,MiscRate,CALL_PM_D12_K101,Annual,72,72,,,,,,,,,,,,,,,,,,,,,,,,,,,,,,,,,,,,,,,,,,,,,,,,,,,,,,,,,,,,,,,,,,,,,,,,,,,,,,,,,,,,,,,,,,,,,,,,,,,,,,,,,,,,,,,,,,,,,,,,,,,,,,,,,,,,,,,,,,,,,,,,,,,,,,,,,,,,,,,,,,,,,,,,,,,,,,,,,,,,,,,,,,,,,,,,,,,,,,
Header,MiscRate,CALL_PM_D12_K102,Annual,73,73,,,,,,,,,,,,,,,,,,,,,,,,,,,,,,,,,,,,,,,,,,,,,,,,,,,,,,,,,,,,,,,,,,,,,,,,,,,,,,,,,,,,,,,,,,,,,,,,,,,,,,,,,,,,,,,,,,,,,,,,,,,,,,,,,,,,,,,,,,,,,,,,,,,,,,,,,,,,,,,,,,,,,,,,,,,,,,,,,,,,,,,,,,,,,,,,,,,,,,
Header,MiscRate,CALL_PM_D12_K104,Annual,74,74,,,,,,,,,,,,,,,,,,,,,,,,,,,,,,,,,,,,,,,,,,,,,,,,,,,,,,,,,,,,,,,,,,,,,,,,,,,,,,,,,,,,,,,,,,,,,,,,,,,,,,,,,,,,,,,,,,,,,,,,,,,,,,,,,,,,,,,,,,,,,,,,,,,,,,,,,,,,,,,,,,,,,,,,,,,,,,,,,,,,,,,,,,,,,,,,,,,,,,
Header,MiscRate,CALL_PM_D12_K108,Annual,75,75,,,,,,,,,,,,,,,,,,,,,,,,,,,,,,,,,,,,,,,,,,,,,,,,,,,,,,,,,,,,,,,,,,,,,,,,,,,,,,,,,,,,,,,,,,,,,,,,,,,,,,,,,,,,,,,,,,,,,,,,,,,,,,,,,,,,,,,,,,,,,,,,,,,,,,,,,,,,,,,,,,,,,,,,,,,,,,,,,,,,,,,,,,,,,,,,,,,,,,
Header,MiscRate,CALL_PM_D12_K112,Annual,76,76,,,,,,,,,,,,,,,,,,,,,,,,,,,,,,,,,,,,,,,,,,,,,,,,,,,,,,,,,,,,,,,,,,,,,,,,,,,,,,,,,,,,,,,,,,,,,,,,,,,,,,,,,,,,,,,,,,,,,,,,,,,,,,,,,,,,,,,,,,,,,,,,,,,,,,,,,,,,,,,,,,,,,,,,,,,,,,,,,,,,,,,,,,,,,,,,,,,,,,
Header,MiscRate,CALL_PM_D24_K100,Annual,77,77,,,,,,,,,,,,,,,,,,,,,,,,,,,,,,,,,,,,,,,,,,,,,,,,,,,,,,,,,,,,,,,,,,,,,,,,,,,,,,,,,,,,,,,,,,,,,,,,,,,,,,,,,,,,,,,,,,,,,,,,,,,,,,,,,,,,,,,,,,,,,,,,,,,,,,,,,,,,,,,,,,,,,,,,,,,,,,,,,,,,,,,,,,,,,,,,,,,,,,
Header,MiscRate,CALL_PM_D24_K102,Annual,78,78,,,,,,,,,,,,,,,,,,,,,,,,,,,,,,,,,,,,,,,,,,,,,,,,,,,,,,,,,,,,,,,,,,,,,,,,,,,,,,,,,,,,,,,,,,,,,,,,,,,,,,,,,,,,,,,,,,,,,,,,,,,,,,,,,,,,,,,,,,,,,,,,,,,,,,,,,,,,,,,,,,,,,,,,,,,,,,,,,,,,,,,,,,,,,,,,,,,,,,
Header,MiscRate,CALL_PM_D24_K104,Annual,79,79,,,,,,,,,,,,,,,,,,,,,,,,,,,,,,,,,,,,,,,,,,,,,,,,,,,,,,,,,,,,,,,,,,,,,,,,,,,,,,,,,,,,,,,,,,,,,,,,,,,,,,,,,,,,,,,,,,,,,,,,,,,,,,,,,,,,,,,,,,,,,,,,,,,,,,,,,,,,,,,,,,,,,,,,,,,,,,,,,,,,,,,,,,,,,,,,,,,,,,
Header,MiscRate,CALL_PM_D24_K108,Annual,80,80,,,,,,,,,,,,,,,,,,,,,,,,,,,,,,,,,,,,,,,,,,,,,,,,,,,,,,,,,,,,,,,,,,,,,,,,,,,,,,,,,,,,,,,,,,,,,,,,,,,,,,,,,,,,,,,,,,,,,,,,,,,,,,,,,,,,,,,,,,,,,,,,,,,,,,,,,,,,,,,,,,,,,,,,,,,,,,,,,,,,,,,,,,,,,,,,,,,,,,
Header,MiscRate,CALL_PM_D24_K116,Annual,81,81,,,,,,,,,,,,,,,,,,,,,,,,,,,,,,,,,,,,,,,,,,,,,,,,,,,,,,,,,,,,,,,,,,,,,,,,,,,,,,,,,,,,,,,,,,,,,,,,,,,,,,,,,,,,,,,,,,,,,,,,,,,,,,,,,,,,,,,,,,,,,,,,,,,,,,,,,,,,,,,,,,,,,,,,,,,,,,,,,,,,,,,,,,,,,,,,,,,,,,
Header,MiscRate,CALL_PM_D24_K124,Annual,82,82,,,,,,,,,,,,,,,,,,,,,,,,,,,,,,,,,,,,,,,,,,,,,,,,,,,,,,,,,,,,,,,,,,,,,,,,,,,,,,,,,,,,,,,,,,,,,,,,,,,,,,,,,,,,,,,,,,,,,,,,,,,,,,,,,,,,,,,,,,,,,,,,,,,,,,,,,,,,,,,,,,,,,,,,,,,,,,,,,,,,,,,,,,,,,,,,,,,,,,
Header,MiscRate,CALL_AG_D12_K100,Annual,83,83,,,,,,,,,,,,,,,,,,,,,,,,,,,,,,,,,,,,,,,,,,,,,,,,,,,,,,,,,,,,,,,,,,,,,,,,,,,,,,,,,,,,,,,,,,,,,,,,,,,,,,,,,,,,,,,,,,,,,,,,,,,,,,,,,,,,,,,,,,,,,,,,,,,,,,,,,,,,,,,,,,,,,,,,,,,,,,,,,,,,,,,,,,,,,,,,,,,,,,
Header,MiscRate,CALL_AG_D12_K101,Annual,84,84,,,,,,,,,,,,,,,,,,,,,,,,,,,,,,,,,,,,,,,,,,,,,,,,,,,,,,,,,,,,,,,,,,,,,,,,,,,,,,,,,,,,,,,,,,,,,,,,,,,,,,,,,,,,,,,,,,,,,,,,,,,,,,,,,,,,,,,,,,,,,,,,,,,,,,,,,,,,,,,,,,,,,,,,,,,,,,,,,,,,,,,,,,,,,,,,,,,,,,
Header,MiscRate,CALL_AG_D12_K102,Annual,85,85,,,,,,,,,,,,,,,,,,,,,,,,,,,,,,,,,,,,,,,,,,,,,,,,,,,,,,,,,,,,,,,,,,,,,,,,,,,,,,,,,,,,,,,,,,,,,,,,,,,,,,,,,,,,,,,,,,,,,,,,,,,,,,,,,,,,,,,,,,,,,,,,,,,,,,,,,,,,,,,,,,,,,,,,,,,,,,,,,,,,,,,,,,,,,,,,,,,,,,
Header,MiscRate,CALL_AG_D12_K104,Annual,86,86,,,,,,,,,,,,,,,,,,,,,,,,,,,,,,,,,,,,,,,,,,,,,,,,,,,,,,,,,,,,,,,,,,,,,,,,,,,,,,,,,,,,,,,,,,,,,,,,,,,,,,,,,,,,,,,,,,,,,,,,,,,,,,,,,,,,,,,,,,,,,,,,,,,,,,,,,,,,,,,,,,,,,,,,,,,,,,,,,,,,,,,,,,,,,,,,,,,,,,
Header,MiscRate,CALL_AG_D12_K108,Annual,87,87,,,,,,,,,,,,,,,,,,,,,,,,,,,,,,,,,,,,,,,,,,,,,,,,,,,,,,,,,,,,,,,,,,,,,,,,,,,,,,,,,,,,,,,,,,,,,,,,,,,,,,,,,,,,,,,,,,,,,,,,,,,,,,,,,,,,,,,,,,,,,,,,,,,,,,,,,,,,,,,,,,,,,,,,,,,,,,,,,,,,,,,,,,,,,,,,,,,,,,
Header,MiscRate,CALL_AG_D12_K112,Annual,88,88,,,,,,,,,,,,,,,,,,,,,,,,,,,,,,,,,,,,,,,,,,,,,,,,,,,,,,,,,,,,,,,,,,,,,,,,,,,,,,,,,,,,,,,,,,,,,,,,,,,,,,,,,,,,,,,,,,,,,,,,,,,,,,,,,,,,,,,,,,,,,,,,,,,,,,,,,,,,,,,,,,,,,,,,,,,,,,,,,,,,,,,,,,,,,,,,,,,,,,
Header,MiscRate,CALL_AG_D24_K100,Annual,89,89,,,,,,,,,,,,,,,,,,,,,,,,,,,,,,,,,,,,,,,,,,,,,,,,,,,,,,,,,,,,,,,,,,,,,,,,,,,,,,,,,,,,,,,,,,,,,,,,,,,,,,,,,,,,,,,,,,,,,,,,,,,,,,,,,,,,,,,,,,,,,,,,,,,,,,,,,,,,,,,,,,,,,,,,,,,,,,,,,,,,,,,,,,,,,,,,,,,,,,
Header,MiscRate,CALL_AG_D24_K102,Annual,90,90,,,,,,,,,,,,,,,,,,,,,,,,,,,,,,,,,,,,,,,,,,,,,,,,,,,,,,,,,,,,,,,,,,,,,,,,,,,,,,,,,,,,,,,,,,,,,,,,,,,,,,,,,,,,,,,,,,,,,,,,,,,,,,,,,,,,,,,,,,,,,,,,,,,,,,,,,,,,,,,,,,,,,,,,,,,,,,,,,,,,,,,,,,,,,,,,,,,,,,
Header,MiscRate,CALL_AG_D24_K104,Annual,91,91,,,,,,,,,,,,,,,,,,,,,,,,,,,,,,,,,,,,,,,,,,,,,,,,,,,,,,,,,,,,,,,,,,,,,,,,,,,,,,,,,,,,,,,,,,,,,,,,,,,,,,,,,,,,,,,,,,,,,,,,,,,,,,,,,,,,,,,,,,,,,,,,,,,,,,,,,,,,,,,,,,,,,,,,,,,,,,,,,,,,,,,,,,,,,,,,,,,,,,
Header,MiscRate,CALL_AG_D24_K108,Annual,92,92,,,,,,,,,,,,,,,,,,,,,,,,,,,,,,,,,,,,,,,,,,,,,,,,,,,,,,,,,,,,,,,,,,,,,,,,,,,,,,,,,,,,,,,,,,,,,,,,,,,,,,,,,,,,,,,,,,,,,,,,,,,,,,,,,,,,,,,,,,,,,,,,,,,,,,,,,,,,,,,,,,,,,,,,,,,,,,,,,,,,,,,,,,,,,,,,,,,,,,
Header,MiscRate,CALL_AG_D24_K116,Annual,93,93,,,,,,,,,,,,,,,,,,,,,,,,,,,,,,,,,,,,,,,,,,,,,,,,,,,,,,,,,,,,,,,,,,,,,,,,,,,,,,,,,,,,,,,,,,,,,,,,,,,,,,,,,,,,,,,,,,,,,,,,,,,,,,,,,,,,,,,,,,,,,,,,,,,,,,,,,,,,,,,,,,,,,,,,,,,,,,,,,,,,,,,,,,,,,,,,,,,,,,
Header,MiscRate,CALL_AG_D24_K124,Annual,94,94,,,,,,,,,,,,,,,,,,,,,,,,,,,,,,,,,,,,,,,,,,,,,,,,,,,,,,,,,,,,,,,,,,,,,,,,,,,,,,,,,,,,,,,,,,,,,,,,,,,,,,,,,,,,,,,,,,,,,,,,,,,,,,,,,,,,,,,,,,,,,,,,,,,,,,,,,,,,,,,,,,,,,,,,,,,,,,,,,,,,,,,,,,,,,,,,,,,,,,
Header,MiscRate,CALL_AB_D12_K100,Annual,95,95,,,,,,,,,,,,,,,,,,,,,,,,,,,,,,,,,,,,,,,,,,,,,,,,,,,,,,,,,,,,,,,,,,,,,,,,,,,,,,,,,,,,,,,,,,,,,,,,,,,,,,,,,,,,,,,,,,,,,,,,,,,,,,,,,,,,,,,,,,,,,,,,,,,,,,,,,,,,,,,,,,,,,,,,,,,,,,,,,,,,,,,,,,,,,,,,,,,,,,
Header,MiscRate,CALL_AB_D12_K101,Annual,96,96,,,,,,,,,,,,,,,,,,,,,,,,,,,,,,,,,,,,,,,,,,,,,,,,,,,,,,,,,,,,,,,,,,,,,,,,,,,,,,,,,,,,,,,,,,,,,,,,,,,,,,,,,,,,,,,,,,,,,,,,,,,,,,,,,,,,,,,,,,,,,,,,,,,,,,,,,,,,,,,,,,,,,,,,,,,,,,,,,,,,,,,,,,,,,,,,,,,,,,
Header,MiscRate,CALL_AB_D12_K102,Annual,97,97,,,,,,,,,,,,,,,,,,,,,,,,,,,,,,,,,,,,,,,,,,,,,,,,,,,,,,,,,,,,,,,,,,,,,,,,,,,,,,,,,,,,,,,,,,,,,,,,,,,,,,,,,,,,,,,,,,,,,,,,,,,,,,,,,,,,,,,,,,,,,,,,,,,,,,,,,,,,,,,,,,,,,,,,,,,,,,,,,,,,,,,,,,,,,,,,,,,,,,
Header,MiscRate,CALL_AB_D12_K104,Annual,98,98,,,,,,,,,,,,,,,,,,,,,,,,,,,,,,,,,,,,,,,,,,,,,,,,,,,,,,,,,,,,,,,,,,,,,,,,,,,,,,,,,,,,,,,,,,,,,,,,,,,,,,,,,,,,,,,,,,,,,,,,,,,,,,,,,,,,,,,,,,,,,,,,,,,,,,,,,,,,,,,,,,,,,,,,,,,,,,,,,,,,,,,,,,,,,,,,,,,,,,
Header,MiscRate,CALL_AB_D12_K108,Annual,99,99,,,,,,,,,,,,,,,,,,,,,,,,,,,,,,,,,,,,,,,,,,,,,,,,,,,,,,,,,,,,,,,,,,,,,,,,,,,,,,,,,,,,,,,,,,,,,,,,,,,,,,,,,,,,,,,,,,,,,,,,,,,,,,,,,,,,,,,,,,,,,,,,,,,,,,,,,,,,,,,,,,,,,,,,,,,,,,,,,,,,,,,,,,,,,,,,,,,,,,
Header,MiscRate,CALL_AB_D12_K112,Annual,100,100,,,,,,,,,,,,,,,,,,,,,,,,,,,,,,,,,,,,,,,,,,,,,,,,,,,,,,,,,,,,,,,,,,,,,,,,,,,,,,,,,,,,,,,,,,,,,,,,,,,,,,,,,,,,,,,,,,,,,,,,,,,,,,,,,,,,,,,,,,,,,,,,,,,,,,,,,,,,,,,,,,,,,,,,,,,,,,,,,,,,,,,,,,,,,,,,,,,,,,
Header,MiscRate,CALL_AB_D24_K100,Annual,101,101,,,,,,,,,,,,,,,,,,,,,,,,,,,,,,,,,,,,,,,,,,,,,,,,,,,,,,,,,,,,,,,,,,,,,,,,,,,,,,,,,,,,,,,,,,,,,,,,,,,,,,,,,,,,,,,,,,,,,,,,,,,,,,,,,,,,,,,,,,,,,,,,,,,,,,,,,,,,,,,,,,,,,,,,,,,,,,,,,,,,,,,,,,,,,,,,,,,,,,
Header,MiscRate,CALL_AB_D24_K102,Annual,102,102,,,,,,,,,,,,,,,,,,,,,,,,,,,,,,,,,,,,,,,,,,,,,,,,,,,,,,,,,,,,,,,,,,,,,,,,,,,,,,,,,,,,,,,,,,,,,,,,,,,,,,,,,,,,,,,,,,,,,,,,,,,,,,,,,,,,,,,,,,,,,,,,,,,,,,,,,,,,,,,,,,,,,,,,,,,,,,,,,,,,,,,,,,,,,,,,,,,,,,
Header,MiscRate,CALL_AB_D24_K104,Annual,103,103,,,,,,,,,,,,,,,,,,,,,,,,,,,,,,,,,,,,,,,,,,,,,,,,,,,,,,,,,,,,,,,,,,,,,,,,,,,,,,,,,,,,,,,,,,,,,,,,,,,,,,,,,,,,,,,,,,,,,,,,,,,,,,,,,,,,,,,,,,,,,,,,,,,,,,,,,,,,,,,,,,,,,,,,,,,,,,,,,,,,,,,,,,,,,,,,,,,,,,
Header,MiscRate,CALL_AB_D24_K108,Annual,104,104,,,,,,,,,,,,,,,,,,,,,,,,,,,,,,,,,,,,,,,,,,,,,,,,,,,,,,,,,,,,,,,,,,,,,,,,,,,,,,,,,,,,,,,,,,,,,,,,,,,,,,,,,,,,,,,,,,,,,,,,,,,,,,,,,,,,,,,,,,,,,,,,,,,,,,,,,,,,,,,,,,,,,,,,,,,,,,,,,,,,,,,,,,,,,,,,,,,,,,
Header,MiscRate,CALL_AB_D24_K116,Annual,105,105,,,,,,,,,,,,,,,,,,,,,,,,,,,,,,,,,,,,,,,,,,,,,,,,,,,,,,,,,,,,,,,,,,,,,,,,,,,,,,,,,,,,,,,,,,,,,,,,,,,,,,,,,,,,,,,,,,,,,,,,,,,,,,,,,,,,,,,,,,,,,,,,,,,,,,,,,,,,,,,,,,,,,,,,,,,,,,,,,,,,,,,,,,,,,,,,,,,,,,
Header,MiscRate,CALL_AB_D24_K124,Annual,106,106,,,,,,,,,,,,,,,,,,,,,,,,,,,,,,,,,,,,,,,,,,,,,,,,,,,,,,,,,,,,,,,,,,,,,,,,,,,,,,,,,,,,,,,,,,,,,,,,,,,,,,,,,,,,,,,,,,,,,,,,,,,,,,,,,,,,,,,,,,,,,,,,,,,,,,,,,,,,,,,,,,,,,,,,,,,,,,,,,,,,,,,,,,,,,,,,,,,,,,
Header,MiscRate,CALL_AQ_D12_K100,Annual,107,107,,,,,,,,,,,,,,,,,,,,,,,,,,,,,,,,,,,,,,,,,,,,,,,,,,,,,,,,,,,,,,,,,,,,,,,,,,,,,,,,,,,,,,,,,,,,,,,,,,,,,,,,,,,,,,,,,,,,,,,,,,,,,,,,,,,,,,,,,,,,,,,,,,,,,,,,,,,,,,,,,,,,,,,,,,,,,,,,,,,,,,,,,,,,,,,,,,,,,,
Header,MiscRate,CALL_AQ_D12_K101,Annual,108,108,,,,,,,,,,,,,,,,,,,,,,,,,,,,,,,,,,,,,,,,,,,,,,,,,,,,,,,,,,,,,,,,,,,,,,,,,,,,,,,,,,,,,,,,,,,,,,,,,,,,,,,,,,,,,,,,,,,,,,,,,,,,,,,,,,,,,,,,,,,,,,,,,,,,,,,,,,,,,,,,,,,,,,,,,,,,,,,,,,,,,,,,,,,,,,,,,,,,,,
Header,MiscRate,CALL_AQ_D12_K102,Annual,109,109,,,,,,,,,,,,,,,,,,,,,,,,,,,,,,,,,,,,,,,,,,,,,,,,,,,,,,,,,,,,,,,,,,,,,,,,,,,,,,,,,,,,,,,,,,,,,,,,,,,,,,,,,,,,,,,,,,,,,,,,,,,,,,,,,,,,,,,,,,,,,,,,,,,,,,,,,,,,,,,,,,,,,,,,,,,,,,,,,,,,,,,,,,,,,,,,,,,,,,
Header,MiscRate,CALL_AQ_D12_K104,Annual,110,110,,,,,,,,,,,,,,,,,,,,,,,,,,,,,,,,,,,,,,,,,,,,,,,,,,,,,,,,,,,,,,,,,,,,,,,,,,,,,,,,,,,,,,,,,,,,,,,,,,,,,,,,,,,,,,,,,,,,,,,,,,,,,,,,,,,,,,,,,,,,,,,,,,,,,,,,,,,,,,,,,,,,,,,,,,,,,,,,,,,,,,,,,,,,,,,,,,,,,,
Header,MiscRate,CALL_AQ_D12_K108,Annual,111,111,,,,,,,,,,,,,,,,,,,,,,,,,,,,,,,,,,,,,,,,,,,,,,,,,,,,,,,,,,,,,,,,,,,,,,,,,,,,,,,,,,,,,,,,,,,,,,,,,,,,,,,,,,,,,,,,,,,,,,,,,,,,,,,,,,,,,,,,,,,,,,,,,,,,,,,,,,,,,,,,,,,,,,,,,,,,,,,,,,,,,,,,,,,,,,,,,,,,,,
Header,MiscRate,CALL_AQ_D12_K112,Annual,112,112,,,,,,,,,,,,,,,,,,,,,,,,,,,,,,,,,,,,,,,,,,,,,,,,,,,,,,,,,,,,,,,,,,,,,,,,,,,,,,,,,,,,,,,,,,,,,,,,,,,,,,,,,,,,,,,,,,,,,,,,,,,,,,,,,,,,,,,,,,,,,,,,,,,,,,,,,,,,,,,,,,,,,,,,,,,,,,,,,,,,,,,,,,,,,,,,,,,,,,
Header,MiscRate,CALL_AQ_D24_K100,Annual,113,113,,,,,,,,,,,,,,,,,,,,,,,,,,,,,,,,,,,,,,,,,,,,,,,,,,,,,,,,,,,,,,,,,,,,,,,,,,,,,,,,,,,,,,,,,,,,,,,,,,,,,,,,,,,,,,,,,,,,,,,,,,,,,,,,,,,,,,,,,,,,,,,,,,,,,,,,,,,,,,,,,,,,,,,,,,,,,,,,,,,,,,,,,,,,,,,,,,,,,,
Header,MiscRate,CALL_AQ_D24_K102,Annual,114,114,,,,,,,,,,,,,,,,,,,,,,,,,,,,,,,,,,,,,,,,,,,,,,,,,,,,,,,,,,,,,,,,,,,,,,,,,,,,,,,,,,,,,,,,,,,,,,,,,,,,,,,,,,,,,,,,,,,,,,,,,,,,,,,,,,,,,,,,,,,,,,,,,,,,,,,,,,,,,,,,,,,,,,,,,,,,,,,,,,,,,,,,,,,,,,,,,,,,,,
Header,MiscRate,CALL_AQ_D24_K104,Annual,115,115,,,,,,,,,,,,,,,,,,,,,,,,,,,,,,,,,,,,,,,,,,,,,,,,,,,,,,,,,,,,,,,,,,,,,,,,,,,,,,,,,,,,,,,,,,,,,,,,,,,,,,,,,,,,,,,,,,,,,,,,,,,,,,,,,,,,,,,,,,,,,,,,,,,,,,,,,,,,,,,,,,,,,,,,,,,,,,,,,,,,,,,,,,,,,,,,,,,,,,
Header,MiscRate,CALL_AQ_D24_K108,Annual,116,116,,,,,,,,,,,,,,,,,,,,,,,,,,,,,,,,,,,,,,,,,,,,,,,,,,,,,,,,,,,,,,,,,,,,,,,,,,,,,,,,,,,,,,,,,,,,,,,,,,,,,,,,,,,,,,,,,,,,,,,,,,,,,,,,,,,,,,,,,,,,,,,,,,,,,,,,,,,,,,,,,,,,,,,,,,,,,,,,,,,,,,,,,,,,,,,,,,,,,,
Header,MiscRate,CALL_AQ_D24_K116,Annual,117,117,,,,,,,,,,,,,,,,,,,,,,,,,,,,,,,,,,,,,,,,,,,,,,,,,,,,,,,,,,,,,,,,,,,,,,,,,,,,,,,,,,,,,,,,,,,,,,,,,,,,,,,,,,,,,,,,,,,,,,,,,,,,,,,,,,,,,,,,,,,,,,,,,,,,,,,,,,,,,,,,,,,,,,,,,,,,,,,,,,,,,,,,,,,,,,,,,,,,,,
Header,MiscRate,CALL_AQ_D24_K124,Annual,118,118,,,,,,,,,,,,,,,,,,,,,,,,,,,,,,,,,,,,,,,,,,,,,,,,,,,,,,,,,,,,,,,,,,,,,,,,,,,,,,,,,,,,,,,,,,,,,,,,,,,,,,,,,,,,,,,,,,,,,,,,,,,,,,,,,,,,,,,,,,,,,,,,,,,,,,,,,,,,,,,,,,,,,,,,,,,,,,,,,,,,,,,,,,,,,,,,,,,,,,
Header,MiscRate,CALL_LM_D12_K100,Annual,119,119,,,,,,,,,,,,,,,,,,,,,,,,,,,,,,,,,,,,,,,,,,,,,,,,,,,,,,,,,,,,,,,,,,,,,,,,,,,,,,,,,,,,,,,,,,,,,,,,,,,,,,,,,,,,,,,,,,,,,,,,,,,,,,,,,,,,,,,,,,,,,,,,,,,,,,,,,,,,,,,,,,,,,,,,,,,,,,,,,,,,,,,,,,,,,,,,,,,,,,
Header,MiscRate,CALL_LM_D12_K101,Annual,120,120,,,,,,,,,,,,,,,,,,,,,,,,,,,,,,,,,,,,,,,,,,,,,,,,,,,,,,,,,,,,,,,,,,,,,,,,,,,,,,,,,,,,,,,,,,,,,,,,,,,,,,,,,,,,,,,,,,,,,,,,,,,,,,,,,,,,,,,,,,,,,,,,,,,,,,,,,,,,,,,,,,,,,,,,,,,,,,,,,,,,,,,,,,,,,,,,,,,,,,
Header,MiscRate,CALL_LM_D12_K102,Annual,121,121,,,,,,,,,,,,,,,,,,,,,,,,,,,,,,,,,,,,,,,,,,,,,,,,,,,,,,,,,,,,,,,,,,,,,,,,,,,,,,,,,,,,,,,,,,,,,,,,,,,,,,,,,,,,,,,,,,,,,,,,,,,,,,,,,,,,,,,,,,,,,,,,,,,,,,,,,,,,,,,,,,,,,,,,,,,,,,,,,,,,,,,,,,,,,,,,,,,,,,
Header,MiscRate,CALL_LM_D12_K104,Annual,122,122,,,,,,,,,,,,,,,,,,,,,,,,,,,,,,,,,,,,,,,,,,,,,,,,,,,,,,,,,,,,,,,,,,,,,,,,,,,,,,,,,,,,,,,,,,,,,,,,,,,,,,,,,,,,,,,,,,,,,,,,,,,,,,,,,,,,,,,,,,,,,,,,,,,,,,,,,,,,,,,,,,,,,,,,,,,,,,,,,,,,,,,,,,,,,,,,,,,,,,
Header,MiscRate,CALL_LM_D12_K108,Annual,123,123,,,,,,,,,,,,,,,,,,,,,,,,,,,,,,,,,,,,,,,,,,,,,,,,,,,,,,,,,,,,,,,,,,,,,,,,,,,,,,,,,,,,,,,,,,,,,,,,,,,,,,,,,,,,,,,,,,,,,,,,,,,,,,,,,,,,,,,,,,,,,,,,,,,,,,,,,,,,,,,,,,,,,,,,,,,,,,,,,,,,,,,,,,,,,,,,,,,,,,
Header,MiscRate,CALL_LM_D12_K112,Annual,124,124,,,,,,,,,,,,,,,,,,,,,,,,,,,,,,,,,,,,,,,,,,,,,,,,,,,,,,,,,,,,,,,,,,,,,,,,,,,,,,,,,,,,,,,,,,,,,,,,,,,,,,,,,,,,,,,,,,,,,,,,,,,,,,,,,,,,,,,,,,,,,,,,,,,,,,,,,,,,,,,,,,,,,,,,,,,,,,,,,,,,,,,,,,,,,,,,,,,,,,
Header,MiscRate,CALL_LM_D24_K100,Annual,125,125,,,,,,,,,,,,,,,,,,,,,,,,,,,,,,,,,,,,,,,,,,,,,,,,,,,,,,,,,,,,,,,,,,,,,,,,,,,,,,,,,,,,,,,,,,,,,,,,,,,,,,,,,,,,,,,,,,,,,,,,,,,,,,,,,,,,,,,,,,,,,,,,,,,,,,,,,,,,,,,,,,,,,,,,,,,,,,,,,,,,,,,,,,,,,,,,,,,,,,
Header,MiscRate,CALL_LM_D24_K102,Annual,126,126,,,,,,,,,,,,,,,,,,,,,,,,,,,,,,,,,,,,,,,,,,,,,,,,,,,,,,,,,,,,,,,,,,,,,,,,,,,,,,,,,,,,,,,,,,,,,,,,,,,,,,,,,,,,,,,,,,,,,,,,,,,,,,,,,,,,,,,,,,,,,,,,,,,,,,,,,,,,,,,,,,,,,,,,,,,,,,,,,,,,,,,,,,,,,,,,,,,,,,
Header,MiscRate,CALL_LM_D24_K104,Annual,127,127,,,,,,,,,,,,,,,,,,,,,,,,,,,,,,,,,,,,,,,,,,,,,,,,,,,,,,,,,,,,,,,,,,,,,,,,,,,,,,,,,,,,,,,,,,,,,,,,,,,,,,,,,,,,,,,,,,,,,,,,,,,,,,,,,,,,,,,,,,,,,,,,,,,,,,,,,,,,,,,,,,,,,,,,,,,,,,,,,,,,,,,,,,,,,,,,,,,,,,
Header,MiscRate,CALL_LM_D24_K108,Annual,128,128,,,,,,,,,,,,,,,,,,,,,,,,,,,,,,,,,,,,,,,,,,,,,,,,,,,,,,,,,,,,,,,,,,,,,,,,,,,,,,,,,,,,,,,,,,,,,,,,,,,,,,,,,,,,,,,,,,,,,,,,,,,,,,,,,,,,,,,,,,,,,,,,,,,,,,,,,,,,,,,,,,,,,,,,,,,,,,,,,,,,,,,,,,,,,,,,,,,,,,
Header,MiscRate,CALL_LM_D24_K116,Annual,129,129,,,,,,,,,,,,,,,,,,,,,,,,,,,,,,,,,,,,,,,,,,,,,,,,,,,,,,,,,,,,,,,,,,,,,,,,,,,,,,,,,,,,,,,,,,,,,,,,,,,,,,,,,,,,,,,,,,,,,,,,,,,,,,,,,,,,,,,,,,,,,,,,,,,,,,,,,,,,,,,,,,,,,,,,,,,,,,,,,,,,,,,,,,,,,,,,,,,,,,
Header,MiscRate,CALL_LM_D24_K124,Annual,130,130,,,,,,,,,,,,,,,,,,,,,,,,,,,,,,,,,,,,,,,,,,,,,,,,,,,,,,,,,,,,,,,,,,,,,,,,,,,,,,,,,,,,,,,,,,,,,,,,,,,,,,,,,,,,,,,,,,,,,,,,,,,,,,,,,,,,,,,,,,,,,,,,,,,,,,,,,,,,,,,,,,,,,,,,,,,,,,,,,,,,,,,,,,,,,,,,,,,,,,
Header,MiscRate,CALL_EF_D12_K100,Annual,131,131,,,,,,,,,,,,,,,,,,,,,,,,,,,,,,,,,,,,,,,,,,,,,,,,,,,,,,,,,,,,,,,,,,,,,,,,,,,,,,,,,,,,,,,,,,,,,,,,,,,,,,,,,,,,,,,,,,,,,,,,,,,,,,,,,,,,,,,,,,,,,,,,,,,,,,,,,,,,,,,,,,,,,,,,,,,,,,,,,,,,,,,,,,,,,,,,,,,,,,
Header,MiscRate,CALL_EF_D12_K101,Annual,132,132,,,,,,,,,,,,,,,,,,,,,,,,,,,,,,,,,,,,,,,,,,,,,,,,,,,,,,,,,,,,,,,,,,,,,,,,,,,,,,,,,,,,,,,,,,,,,,,,,,,,,,,,,,,,,,,,,,,,,,,,,,,,,,,,,,,,,,,,,,,,,,,,,,,,,,,,,,,,,,,,,,,,,,,,,,,,,,,,,,,,,,,,,,,,,,,,,,,,,,
Header,MiscRate,CALL_EF_D12_K102,Annual,133,133,,,,,,,,,,,,,,,,,,,,,,,,,,,,,,,,,,,,,,,,,,,,,,,,,,,,,,,,,,,,,,,,,,,,,,,,,,,,,,,,,,,,,,,,,,,,,,,,,,,,,,,,,,,,,,,,,,,,,,,,,,,,,,,,,,,,,,,,,,,,,,,,,,,,,,,,,,,,,,,,,,,,,,,,,,,,,,,,,,,,,,,,,,,,,,,,,,,,,,
Header,MiscRate,CALL_EF_D12_K104,Annual,134,134,,,,,,,,,,,,,,,,,,,,,,,,,,,,,,,,,,,,,,,,,,,,,,,,,,,,,,,,,,,,,,,,,,,,,,,,,,,,,,,,,,,,,,,,,,,,,,,,,,,,,,,,,,,,,,,,,,,,,,,,,,,,,,,,,,,,,,,,,,,,,,,,,,,,,,,,,,,,,,,,,,,,,,,,,,,,,,,,,,,,,,,,,,,,,,,,,,,,,,
Header,MiscRate,CALL_EF_D12_K108,Annual,135,135,,,,,,,,,,,,,,,,,,,,,,,,,,,,,,,,,,,,,,,,,,,,,,,,,,,,,,,,,,,,,,,,,,,,,,,,,,,,,,,,,,,,,,,,,,,,,,,,,,,,,,,,,,,,,,,,,,,,,,,,,,,,,,,,,,,,,,,,,,,,,,,,,,,,,,,,,,,,,,,,,,,,,,,,,,,,,,,,,,,,,,,,,,,,,,,,,,,,,,
Header,MiscRate,CALL_EF_D12_K112,Annual,136,136,,,,,,,,,,,,,,,,,,,,,,,,,,,,,,,,,,,,,,,,,,,,,,,,,,,,,,,,,,,,,,,,,,,,,,,,,,,,,,,,,,,,,,,,,,,,,,,,,,,,,,,,,,,,,,,,,,,,,,,,,,,,,,,,,,,,,,,,,,,,,,,,,,,,,,,,,,,,,,,,,,,,,,,,,,,,,,,,,,,,,,,,,,,,,,,,,,,,,,
Header,MiscRate,CALL_RS_D12_K100,Annual,137,137,,,,,,,,,,,,,,,,,,,,,,,,,,,,,,,,,,,,,,,,,,,,,,,,,,,,,,,,,,,,,,,,,,,,,,,,,,,,,,,,,,,,,,,,,,,,,,,,,,,,,,,,,,,,,,,,,,,,,,,,,,,,,,,,,,,,,,,,,,,,,,,,,,,,,,,,,,,,,,,,,,,,,,,,,,,,,,,,,,,,,,,,,,,,,,,,,,,,,,
Header,MiscRate,CALL_RS_D12_K101,Annual,138,138,,,,,,,,,,,,,,,,,,,,,,,,,,,,,,,,,,,,,,,,,,,,,,,,,,,,,,,,,,,,,,,,,,,,,,,,,,,,,,,,,,,,,,,,,,,,,,,,,,,,,,,,,,,,,,,,,,,,,,,,,,,,,,,,,,,,,,,,,,,,,,,,,,,,,,,,,,,,,,,,,,,,,,,,,,,,,,,,,,,,,,,,,,,,,,,,,,,,,,
Header,MiscRate,CALL_RS_D12_K102,Annual,139,139,,,,,,,,,,,,,,,,,,,,,,,,,,,,,,,,,,,,,,,,,,,,,,,,,,,,,,,,,,,,,,,,,,,,,,,,,,,,,,,,,,,,,,,,,,,,,,,,,,,,,,,,,,,,,,,,,,,,,,,,,,,,,,,,,,,,,,,,,,,,,,,,,,,,,,,,,,,,,,,,,,,,,,,,,,,,,,,,,,,,,,,,,,,,,,,,,,,,,,
Header,MiscRate,CALL_RS_D12_K104,Annual,140,140,,,,,,,,,,,,,,,,,,,,,,,,,,,,,,,,,,,,,,,,,,,,,,,,,,,,,,,,,,,,,,,,,,,,,,,,,,,,,,,,,,,,,,,,,,,,,,,,,,,,,,,,,,,,,,,,,,,,,,,,,,,,,,,,,,,,,,,,,,,,,,,,,,,,,,,,,,,,,,,,,,,,,,,,,,,,,,,,,,,,,,,,,,,,,,,,,,,,,,
Header,MiscRate,CALL_RS_D12_K108,Annual,141,141,,,,,,,,,,,,,,,,,,,,,,,,,,,,,,,,,,,,,,,,,,,,,,,,,,,,,,,,,,,,,,,,,,,,,,,,,,,,,,,,,,,,,,,,,,,,,,,,,,,,,,,,,,,,,,,,,,,,,,,,,,,,,,,,,,,,,,,,,,,,,,,,,,,,,,,,,,,,,,,,,,,,,,,,,,,,,,,,,,,,,,,,,,,,,,,,,,,,,,
Header,MiscRate,CALL_RS_D12_K112,Annual,142,142,,,,,,,,,,,,,,,,,,,,,,,,,,,,,,,,,,,,,,,,,,,,,,,,,,,,,,,,,,,,,,,,,,,,,,,,,,,,,,,,,,,,,,,,,,,,,,,,,,,,,,,,,,,,,,,,,,,,,,,,,,,,,,,,,,,,,,,,,,,,,,,,,,,,,,,,,,,,,,,,,,,,,,,,,,,,,,,,,,,,,,,,,,,,,,,,,,,,,,
Header,YieldCurve,Swap,Terms:12-24-36-60-84-120-180-360,Annual,143,150,,,,,,,,,,,,,,,,,,,,,,,,,,,,,,,,,,,,,,,,,,,,,,,,,,,,,,,,,,,,,,,,,,,,,,,,,,,,,,,,,,,,,,,,,,,,,,,,,,,,,,,,,,,,,,,,,,,,,,,,,,,,,,,,,,,,,,,,,,,,,,,,,,,,,,,,,,,,,,,,,,,,,,,,,,,,,,,,,,,,,,,,,,,,,,,,,,,,,
Header,YieldCurve,Swap_ITM,Terms:12-24-36-60-84-120-180-360,Annual,151,158,,,,,,,,,,,,,,,,,,,,,,,,,,,,,,,,,,,,,,,,,,,,,,,,,,,,,,,,,,,,,,,,,,,,,,,,,,,,,,,,,,,,,,,,,,,,,,,,,,,,,,,,,,,,,,,,,,,,,,,,,,,,,,,,,,,,,,,,,,,,,,,,,,,,,,,,,,,,,,,,,,,,,,,,,,,,,,,,,,,,,,,,,,,,,,,,,,,,,
Header,YieldCurve,Govt,Terms:24-36-60-84-120-180-240-360,Annual,159,166,,,,,,,,,,,,,,,,,,,,,,,,,,,,,,,,,,,,,,,,,,,,,,,,,,,,,,,,,,,,,,,,,,,,,,,,,,,,,,,,,,,,,,,,,,,,,,,,,,,,,,,,,,,,,,,,,,,,,,,,,,,,,,,,,,,,,,,,,,,,,,,,,,,,,,,,,,,,,,,,,,,,,,,,,,,,,,,,,,,,,,,,,,,,,,,,,,,,,
Header,MiscRate,CALL_ML_D12_K116,Annual,167,167,,,,,,,,,,,,,,,,,,,,,,,,,,,,,,,,,,,,,,,,,,,,,,,,,,,,,,,,,,,,,,,,,,,,,,,,,,,,,,,,,,,,,,,,,,,,,,,,,,,,,,,,,,,,,,,,,,,,,,,,,,,,,,,,,,,,,,,,,,,,,,,,,,,,,,,,,,,,,,,,,,,,,,,,,,,,,,,,,,,,,,,,,,,,,,,,,,,,,,
Header,MiscRate,CALL_ML_D12_K124,Annual,168,168,,,,,,,,,,,,,,,,,,,,,,,,,,,,,,,,,,,,,,,,,,,,,,,,,,,,,,,,,,,,,,,,,,,,,,,,,,,,,,,,,,,,,,,,,,,,,,,,,,,,,,,,,,,,,,,,,,,,,,,,,,,,,,,,,,,,,,,,,,,,,,,,,,,,,,,,,,,,,,,,,,,,,,,,,,,,,,,,,,,,,,,,,,,,,,,,,,,,,,
Header,MiscRate,CALL_PM_D12_K116,Annual,169,169,,,,,,,,,,,,,,,,,,,,,,,,,,,,,,,,,,,,,,,,,,,,,,,,,,,,,,,,,,,,,,,,,,,,,,,,,,,,,,,,,,,,,,,,,,,,,,,,,,,,,,,,,,,,,,,,,,,,,,,,,,,,,,,,,,,,,,,,,,,,,,,,,,,,,,,,,,,,,,,,,,,,,,,,,,,,,,,,,,,,,,,,,,,,,,,,,,,,,,
Header,MiscRate,CALL_PM_D12_K124,Annual,170,170,,,,,,,,,,,,,,,,,,,,,,,,,,,,,,,,,,,,,,,,,,,,,,,,,,,,,,,,,,,,,,,,,,,,,,,,,,,,,,,,,,,,,,,,,,,,,,,,,,,,,,,,,,,,,,,,,,,,,,,,,,,,,,,,,,,,,,,,,,,,,,,,,,,,,,,,,,,,,,,,,,,,,,,,,,,,,,,,,,,,,,,,,,,,,,,,,,,,,,
Header,MiscRate,CALL_PM_D24_K132,Annual,171,171,,,,,,,,,,,,,,,,,,,,,,,,,,,,,,,,,,,,,,,,,,,,,,,,,,,,,,,,,,,,,,,,,,,,,,,,,,,,,,,,,,,,,,,,,,,,,,,,,,,,,,,,,,,,,,,,,,,,,,,,,,,,,,,,,,,,,,,,,,,,,,,,,,,,,,,,,,,,,,,,,,,,,,,,,,,,,,,,,,,,,,,,,,,,,,,,,,,,,,
Header,MiscRate,CALL_PM_D24_K148,Annual,172,172,,,,,,,,,,,,,,,,,,,,,,,,,,,,,,,,,,,,,,,,,,,,,,,,,,,,,,,,,,,,,,,,,,,,,,,,,,,,,,,,,,,,,,,,,,,,,,,,,,,,,,,,,,,,,,,,,,,,,,,,,,,,,,,,,,,,,,,,,,,,,,,,,,,,,,,,,,,,,,,,,,,,,,,,,,,,,,,,,,,,,,,,,,,,,,,,,,,,,,
Header,Index,DF,Income Return-Index Growth,Annual,173,174,,,,,,,,,,,,,,,,,,,,,,,,,,,,,,,,,,,,,,,,,,,,,,,,,,,,,,,,,,,,,,,,,,,,,,,,,,,,,,,,,,,,,,,,,,,,,,,,,,,,,,,,,,,,,,,,,,,,,,,,,,,,,,,,,,,,,,,,,,,,,,,,,,,,,,,,,,,,,,,,,,,,,,,,,,,,,,,,,,,,,,,,,,,,,,,,,,,,,
Header,MiscRate,CALL_DF_D12_K100,Annual,175,175,,,,,,,,,,,,,,,,,,,,,,,,,,,,,,,,,,,,,,,,,,,,,,,,,,,,,,,,,,,,,,,,,,,,,,,,,,,,,,,,,,,,,,,,,,,,,,,,,,,,,,,,,,,,,,,,,,,,,,,,,,,,,,,,,,,,,,,,,,,,,,,,,,,,,,,,,,,,,,,,,,,,,,,,,,,,,,,,,,,,,,,,,,,,,,,,,,,,,,
Header,MiscRate,CALL_DF_D12_K101,Annual,176,176,,,,,,,,,,,,,,,,,,,,,,,,,,,,,,,,,,,,,,,,,,,,,,,,,,,,,,,,,,,,,,,,,,,,,,,,,,,,,,,,,,,,,,,,,,,,,,,,,,,,,,,,,,,,,,,,,,,,,,,,,,,,,,,,,,,,,,,,,,,,,,,,,,,,,,,,,,,,,,,,,,,,,,,,,,,,,,,,,,,,,,,,,,,,,,,,,,,,,,
Header,MiscRate,CALL_DF_D12_K102,Annual,177,177,,,,,,,,,,,,,,,,,,,,,,,,,,,,,,,,,,,,,,,,,,,,,,,,,,,,,,,,,,,,,,,,,,,,,,,,,,,,,,,,,,,,,,,,,,,,,,,,,,,,,,,,,,,,,,,,,,,,,,,,,,,,,,,,,,,,,,,,,,,,,,,,,,,,,,,,,,,,,,,,,,,,,,,,,,,,,,,,,,,,,,,,,,,,,,,,,,,,,,
Header,MiscRate,CALL_DF_D12_K104,Annual,178,178,,,,,,,,,,,,,,,,,,,,,,,,,,,,,,,,,,,,,,,,,,,,,,,,,,,,,,,,,,,,,,,,,,,,,,,,,,,,,,,,,,,,,,,,,,,,,,,,,,,,,,,,,,,,,,,,,,,,,,,,,,,,,,,,,,,,,,,,,,,,,,,,,,,,,,,,,,,,,,,,,,,,,,,,,,,,,,,,,,,,,,,,,,,,,,,,,,,,,,
Header,MiscRate,CALL_DF_D12_K108,Annual,179,179,,,,,,,,,,,,,,,,,,,,,,,,,,,,,,,,,,,,,,,,,,,,,,,,,,,,,,,,,,,,,,,,,,,,,,,,,,,,,,,,,,,,,,,,,,,,,,,,,,,,,,,,,,,,,,,,,,,,,,,,,,,,,,,,,,,,,,,,,,,,,,,,,,,,,,,,,,,,,,,,,,,,,,,,,,,,,,,,,,,,,,,,,,,,,,,,,,,,,,
Header,MiscRate,CALL_DF_D12_K112,Annual,180,180,,,,,,,,,,,,,,,,,,,,,,,,,,,,,,,,,,,,,,,,,,,,,,,,,,,,,,,,,,,,,,,,,,,,,,,,,,,,,,,,,,,,,,,,,,,,,,,,,,,,,,,,,,,,,,,,,,,,,,,,,,,,,,,,,,,,,,,,,,,,,,,,,,,,,,,,,,,,,,,,,,,,,,,,,,,,,,,,,,,,,,,,,,,,,,,,,,,,,,
Header,MiscRate,CALL_DF_D24_K100,Annual,181,181,,,,,,,,,,,,,,,,,,,,,,,,,,,,,,,,,,,,,,,,,,,,,,,,,,,,,,,,,,,,,,,,,,,,,,,,,,,,,,,,,,,,,,,,,,,,,,,,,,,,,,,,,,,,,,,,,,,,,,,,,,,,,,,,,,,,,,,,,,,,,,,,,,,,,,,,,,,,,,,,,,,,,,,,,,,,,,,,,,,,,,,,,,,,,,,,,,,,,,
Header,MiscRate,CALL_DF_D24_K102,Annual,182,182,,,,,,,,,,,,,,,,,,,,,,,,,,,,,,,,,,,,,,,,,,,,,,,,,,,,,,,,,,,,,,,,,,,,,,,,,,,,,,,,,,,,,,,,,,,,,,,,,,,,,,,,,,,,,,,,,,,,,,,,,,,,,,,,,,,,,,,,,,,,,,,,,,,,,,,,,,,,,,,,,,,,,,,,,,,,,,,,,,,,,,,,,,,,,,,,,,,,,,
Header,MiscRate,CALL_DF_D24_K104,Annual,183,183,,,,,,,,,,,,,,,,,,,,,,,,,,,,,,,,,,,,,,,,,,,,,,,,,,,,,,,,,,,,,,,,,,,,,,,,,,,,,,,,,,,,,,,,,,,,,,,,,,,,,,,,,,,,,,,,,,,,,,,,,,,,,,,,,,,,,,,,,,,,,,,,,,,,,,,,,,,,,,,,,,,,,,,,,,,,,,,,,,,,,,,,,,,,,,,,,,,,,,
Header,MiscRate,CALL_DF_D24_K108,Annual,184,184,,,,,,,,,,,,,,,,,,,,,,,,,,,,,,,,,,,,,,,,,,,,,,,,,,,,,,,,,,,,,,,,,,,,,,,,,,,,,,,,,,,,,,,,,,,,,,,,,,,,,,,,,,,,,,,,,,,,,,,,,,,,,,,,,,,,,,,,,,,,,,,,,,,,,,,,,,,,,,,,,,,,,,,,,,,,,,,,,,,,,,,,,,,,,,,,,,,,,,
Header,MiscRate,CALL_DF_D24_K116,Annual,185,185,,,,,,,,,,,,,,,,,,,,,,,,,,,,,,,,,,,,,,,,,,,,,,,,,,,,,,,,,,,,,,,,,,,,,,,,,,,,,,,,,,,,,,,,,,,,,,,,,,,,,,,,,,,,,,,,,,,,,,,,,,,,,,,,,,,,,,,,,,,,,,,,,,,,,,,,,,,,,,,,,,,,,,,,,,,,,,,,,,,,,,,,,,,,,,,,,,,,,,
Header,MiscRate,CALL_DF_D24_K124,Annual,186,186,,,,,,,,,,,,,,,,,,,,,,,,,,,,,,,,,,,,,,,,,,,,,,,,,,,,,,,,,,,,,,,,,,,,,,,,,,,,,,,,,,,,,,,,,,,,,,,,,,,,,,,,,,,,,,,,,,,,,,,,,,,,,,,,,,,,,,,,,,,,,,,,,,,,,,,,,,,,,,,,,,,,,,,,,,,,,,,,,,,,,,,,,,,,,,,,,,,,,,
Header,MiscRate,CALL_SP_D12_K116,Annual,187,187,,,,,,,,,,,,,,,,,,,,,,,,,,,,,,,,,,,,,,,,,,,,,,,,,,,,,,,,,,,,,,,,,,,,,,,,,,,,,,,,,,,,,,,,,,,,,,,,,,,,,,,,,,,,,,,,,,,,,,,,,,,,,,,,,,,,,,,,,,,,,,,,,,,,,,,,,,,,,,,,,,,,,,,,,,,,,,,,,,,,,,,,,,,,,,,,,,,,,,
Header,MiscRate,CALL_SP_D12_K124,Annual,188,188,,,,,,,,,,,,,,,,,,,,,,,,,,,,,,,,,,,,,,,,,,,,,,,,,,,,,,,,,,,,,,,,,,,,,,,,,,,,,,,,,,,,,,,,,,,,,,,,,,,,,,,,,,,,,,,,,,,,,,,,,,,,,,,,,,,,,,,,,,,,,,,,,,,,,,,,,,,,,,,,,,,,,,,,,,,,,,,,,,,,,,,,,,,,,,,,,,,,,,
Header,MiscRate,CALL_EF_D12_K116,Annual,189,189,,,,,,,,,,,,,,,,,,,,,,,,,,,,,,,,,,,,,,,,,,,,,,,,,,,,,,,,,,,,,,,,,,,,,,,,,,,,,,,,,,,,,,,,,,,,,,,,,,,,,,,,,,,,,,,,,,,,,,,,,,,,,,,,,,,,,,,,,,,,,,,,,,,,,,,,,,,,,,,,,,,,,,,,,,,,,,,,,,,,,,,,,,,,,,,,,,,,,,
Header,MiscRate,CALL_EF_D12_K124,Annual,190,190,,,,,,,,,,,,,,,,,,,,,,,,,,,,,,,,,,,,,,,,,,,,,,,,,,,,,,,,,,,,,,,,,,,,,,,,,,,,,,,,,,,,,,,,,,,,,,,,,,,,,,,,,,,,,,,,,,,,,,,,,,,,,,,,,,,,,,,,,,,,,,,,,,,,,,,,,,,,,,,,,,,,,,,,,,,,,,,,,,,,,,,,,,,,,,,,,,,,,,
Header,MiscRate,CALL_RS_D12_K116,Annual,191,191,,,,,,,,,,,,,,,,,,,,,,,,,,,,,,,,,,,,,,,,,,,,,,,,,,,,,,,,,,,,,,,,,,,,,,,,,,,,,,,,,,,,,,,,,,,,,,,,,,,,,,,,,,,,,,,,,,,,,,,,,,,,,,,,,,,,,,,,,,,,,,,,,,,,,,,,,,,,,,,,,,,,,,,,,,,,,,,,,,,,,,,,,,,,,,,,,,,,,,
Header,MiscRate,CALL_RS_D12_K124,Annual,192,192,,,,,,,,,,,,,,,,,,,,,,,,,,,,,,,,,,,,,,,,,,,,,,,,,,,,,,,,,,,,,,,,,,,,,,,,,,,,,,,,,,,,,,,,,,,,,,,,,,,,,,,,,,,,,,,,,,,,,,,,,,,,,,,,,,,,,,,,,,,,,,,,,,,,,,,,,,,,,,,,,,,,,,,,,,,,,,,,,,,,,,,,,,,,,,,,,,,,,,
Header,MiscRate,BINY_SP_D12_K100,Annual,193,193,,,,,,,,,,,,,,,,,,,,,,,,,,,,,,,,,,,,,,,,,,,,,,,,,,,,,,,,,,,,,,,,,,,,,,,,,,,,,,,,,,,,,,,,,,,,,,,,,,,,,,,,,,,,,,,,,,,,,,,,,,,,,,,,,,,,,,,,,,,,,,,,,,,,,,,,,,,,,,,,,,,,,,,,,,,,,,,,,,,,,,,,,,,,,,,,,,,,,,
Header,MiscRate,BINY_ND_D12_K100,Annual,194,194,,,,,,,,,,,,,,,,,,,,,,,,,,,,,,,,,,,,,,,,,,,,,,,,,,,,,,,,,,,,,,,,,,,,,,,,,,,,,,,,,,,,,,,,,,,,,,,,,,,,,,,,,,,,,,,,,,,,,,,,,,,,,,,,,,,,,,,,,,,,,,,,,,,,,,,,,,,,,,,,,,,,,,,,,,,,,,,,,,,,,,,,,,,,,,,,,,,,,,
Header,MiscRate,CALL_IN_D12_K100,Annual,195,195,,,,,,,,,,,,,,,,,,,,,,,,,,,,,,,,,,,,,,,,,,,,,,,,,,,,,,,,,,,,,,,,,,,,,,,,,,,,,,,,,,,,,,,,,,,,,,,,,,,,,,,,,,,,,,,,,,,,,,,,,,,,,,,,,,,,,,,,,,,,,,,,,,,,,,,,,,,,,,,,,,,,,,,,,,,,,,,,,,,,,,,,,,,,,,,,,,,,,,
Header,MiscRate,CALL_IN_D12_K101,Annual,196,196,,,,,,,,,,,,,,,,,,,,,,,,,,,,,,,,,,,,,,,,,,,,,,,,,,,,,,,,,,,,,,,,,,,,,,,,,,,,,,,,,,,,,,,,,,,,,,,,,,,,,,,,,,,,,,,,,,,,,,,,,,,,,,,,,,,,,,,,,,,,,,,,,,,,,,,,,,,,,,,,,,,,,,,,,,,,,,,,,,,,,,,,,,,,,,,,,,,,,,
Header,MiscRate,CALL_IN_D12_K102,Annual,197,197,,,,,,,,,,,,,,,,,,,,,,,,,,,,,,,,,,,,,,,,,,,,,,,,,,,,,,,,,,,,,,,,,,,,,,,,,,,,,,,,,,,,,,,,,,,,,,,,,,,,,,,,,,,,,,,,,,,,,,,,,,,,,,,,,,,,,,,,,,,,,,,,,,,,,,,,,,,,,,,,,,,,,,,,,,,,,,,,,,,,,,,,,,,,,,,,,,,,,,
Header,MiscRate,CALL_IN_D12_K104,Annual,198,198,,,,,,,,,,,,,,,,,,,,,,,,,,,,,,,,,,,,,,,,,,,,,,,,,,,,,,,,,,,,,,,,,,,,,,,,,,,,,,,,,,,,,,,,,,,,,,,,,,,,,,,,,,,,,,,,,,,,,,,,,,,,,,,,,,,,,,,,,,,,,,,,,,,,,,,,,,,,,,,,,,,,,,,,,,,,,,,,,,,,,,,,,,,,,,,,,,,,,,
Header,MiscRate,CALL_IN_D12_K108,Annual,199,199,,,,,,,,,,,,,,,,,,,,,,,,,,,,,,,,,,,,,,,,,,,,,,,,,,,,,,,,,,,,,,,,,,,,,,,,,,,,,,,,,,,,,,,,,,,,,,,,,,,,,,,,,,,,,,,,,,,,,,,,,,,,,,,,,,,,,,,,,,,,,,,,,,,,,,,,,,,,,,,,,,,,,,,,,,,,,,,,,,,,,,,,,,,,,,,,,,,,,,
Header,MiscRate,CALL_IN_D12_K112,Annual,200,200,,,,,,,,,,,,,,,,,,,,,,,,,,,,,,,,,,,,,,,,,,,,,,,,,,,,,,,,,,,,,,,,,,,,,,,,,,,,,,,,,,,,,,,,,,,,,,,,,,,,,,,,,,,,,,,,,,,,,,,,,,,,,,,,,,,,,,,,,,,,,,,,,,,,,,,,,,,,,,,,,,,,,,,,,,,,,,,,,,,,,,,,,,,,,,,,,,,,,,
Header,MiscRate,CALL_IN_D12_K118,Annual,201,201,,,,,,,,,,,,,,,,,,,,,,,,,,,,,,,,,,,,,,,,,,,,,,,,,,,,,,,,,,,,,,,,,,,,,,,,,,,,,,,,,,,,,,,,,,,,,,,,,,,,,,,,,,,,,,,,,,,,,,,,,,,,,,,,,,,,,,,,,,,,,,,,,,,,,,,,,,,,,,,,,,,,,,,,,,,,,,,,,,,,,,,,,,,,,,,,,,,,,,
Header,MiscRate,CALL_IN_D12_K124,Annual,202,202,,,,,,,,,,,,,,,,,,,,,,,,,,,,,,,,,,,,,,,,,,,,,,,,,,,,,,,,,,,,,,,,,,,,,,,,,,,,,,,,,,,,,,,,,,,,,,,,,,,,,,,,,,,,,,,,,,,,,,,,,,,,,,,,,,,,,,,,,,,,,,,,,,,,,,,,,,,,,,,,,,,,,,,,,,,,,,,,,,,,,,,,,,,,,,,,,,,,,,
Header,Index,IN,Income Return-Index Growth,Annual,203,204,,,,,,,,,,,,,,,,,,,,,,,,,,,,,,,,,,,,,,,,,,,,,,,,,,,,,,,,,,,,,,,,,,,,,,,,,,,,,,,,,,,,,,,,,,,,,,,,,,,,,,,,,,,,,,,,,,,,,,,,,,,,,,,,,,,,,,,,,,,,,,,,,,,,,,,,,,,,,,,,,,,,,,,,,,,,,,,,,,,,,,,,,,,,,,,,,,,,,
Header,End,,,,,,,,,,,,,,,,,,,,,,,,,,,,,,,,,,,,,,,,,,,,,,,,,,,,,,,,,,,,,,,,,,,,,,,,,,,,,,,,,,,,,,,,,,,,,,,,,,,,,,,,,,,,,,,,,,,,,,,,,,,,,,,,,,,,,,,,,,,,,,,,,,,,,,,,,,,,,,,,,,,,,,,,,,,,,,,,,,,,,,,,,,,,,,,,,,,,,,,,,,
Scen,Month,SP_Income,SP_Growth,ND_Income,ND_Growth,ML_Income,ML_Growth,PB_Income,PB_Growth,PM_Income,PM_Growth,EF_Income,EF_Growth,RS_Income,RS_Growth,AG_Income,AG_Growth,AB_Income,AB_Growth,LM_Income,LM_Growth,MVA_Income,MVA_Growth,AQ_Income,AQ_Growth,RiskFree,MRMGAYield,CALL_SP_D12_K100,CALL_SP_D12_K101,CALL_SP_D12_K102,CALL_SP_D12_K104,CALL_SP_D12_K108,CALL_SP_D12_K112,CALL_SP_D24_K100,CALL_SP_D24_K102,CALL_SP_D24_K104,CALL_SP_D24_K108,CALL_SP_D24_K116,CALL_SP_D24_K124,CALL_ND_D12_K100,CALL_ND_D12_K101,CALL_ND_D12_K102,CALL_ND_D12_K104,CALL_ND_D12_K108,CALL_ND_D12_K112,CALL_ML_D12_K100,CALL_ML_D12_K101,CALL_ML_D12_K102,CALL_ML_D12_K104,CALL_ML_D12_K108,CALL_ML_D12_K112,CALL_ML_D24_K100,CALL_ML_D24_K102,CALL_ML_D24_K104,CALL_ML_D24_K108,CALL_ML_D24_K116,CALL_ML_D24_K124,CALL_PB_D12_K100,CALL_PB_D12_K101,CALL_PB_D12_K102,CALL_PB_D12_K104,CALL_PB_D12_K108,CALL_PB_D12_K112,CALL_PB_D24_K100,CALL_PB_D24_K102,CALL_PB_D24_K104,CALL_PB_D24_K108,CALL_PB_D24_K116,CALL_PB_D24_K124,CALL_PM_D12_K100,CALL_PM_D12_K101,CALL_PM_D12_K102,CALL_PM_D12_K104,CALL_PM_D12_K108,CALL_PM_D12_K112,CALL_PM_D24_K100,CALL_PM_D24_K102,CALL_PM_D24_K104,CALL_PM_D24_K108,CALL_PM_D24_K116,CALL_PM_D24_K124,CALL_AG_D12_K100,CALL_AG_D12_K101,CALL_AG_D12_K102,CALL_AG_D12_K104,CALL_AG_D12_K108,CALL_AG_D12_K112,CALL_AG_D24_K100,CALL_AG_D24_K102,CALL_AG_D24_K104,CALL_AG_D24_K108,CALL_AG_D24_K116,CALL_AG_D24_K124,CALL_AB_D12_K100,CALL_AB_D12_K101,CALL_AB_D12_K102,CALL_AB_D12_K104,CALL_AB_D12_K108,CALL_AB_D12_K112,CALL_AB_D24_K100,CALL_AB_D24_K102,CALL_AB_D24_K104,CALL_AB_D24_K108,CALL_AB_D24_K116,CALL_AB_D24_K124,CALL_AQ_D12_K100,CALL_AQ_D12_K101,CALL_AQ_D12_K102,CALL_AQ_D12_K104,CALL_AQ_D12_K108,CALL_AQ_D12_K112,CALL_AQ_D24_K100,CALL_AQ_D24_K102,CALL_AQ_D24_K104,CALL_AQ_D24_K108,CALL_AQ_D24_K116,CALL_AQ_D24_K124,CALL_LM_D12_K100,CALL_LM_D12_K101,CALL_LM_D12_K102,CALL_LM_D12_K104,CALL_LM_D12_K108,CALL_LM_D12_K112,CALL_LM_D24_K100,CALL_LM_D24_K102,CALL_LM_D24_K104,CALL_LM_D24_K108,CALL_LM_D24_K116,CALL_LM_D24_K124,CALL_EF_D12_K100,CALL_EF_D12_K101,CALL_EF_D12_K102,CALL_EF_D12_K104,CALL_EF_D12_K108,CALL_EF_D12_K112,CALL_RS_D12_K100,CALL_RS_D12_K101,CALL_RS_D12_K102,CALL_RS_D12_K104,CALL_RS_D12_K108,CALL_RS_D12_K112,Swap_12,Swap_24,Swap_36,Swap_60,Swap_84,Swap_120,Swap_180,Swap_360,Swap_ITM_12,Swap_ITM_24,Swap_ITM_36,Swap_ITM_60,Swap_ITM_84,Swap_ITM_120,Swap_ITM_180,Swap_ITM_360,Govt_24,Govt_36,Govt_60,Govt_84,Govt_120,Govt_180,Govt_240,Govt_360,CALL_ML_D12_K116,CALL_ML_D12_K124,CALL_PM_D12_K116,CALL_PM_D12_K124,CALL_PM_D24_K132,CALL_PM_D24_K148,DF_Income,DF_Growth,CALL_DF_D12_K100,CALL_DF_D12_K101,CALL_DF_D12_K102,CALL_DF_D12_K104,CALL_DF_D12_K108,CALL_DF_D12_K112,CALL_DF_D24_K100,CALL_DF_D24_K102,CALL_DF_D24_K104,CALL_DF_D24_K108,CALL_DF_D24_K116,CALL_DF_D24_K124,CALL_SP_D12_K116,CALL_SP_D12_K124,CALL_EF_D12_K116,CALL_EF_D12_K124,CALL_RS_D12_K116,CALL_RS_D12_K124,BINY_SP_D12_K100,BINY_ND_D12_K100,CALL_IN_D12_K100,CALL_IN_D12_K101,CALL_IN_D12_K102,CALL_IN_D12_K104,CALL_IN_D12_K108,CALL_IN_D12_K112,CALL_IN_D12_K118,CALL_IN_D12_K124,IN_Income,IN_Growth
1,0,0,0,0,0,0,0,0,0,0,0,0,0,0,0,0,0,0,0,0,0,0,0.0491843,0,0,0.038380022,0.049614366,0.08436043,0.07771505,0.07122967,0.058812816,0.036949176,0.020020114,0.12833585,0.11593658,0.10400084,0.08187796,0.045690957,0.021574784,0.09915773,0.09296033,0.08694477,0.0754531,0.054817997,0.037455525,0.038918912,0.03256622,0.026865568,0.017489204,0.006124917,0.001618334,0.06315844,0.050121307,0.03886184,0.02169863,0.005073399,0.000592799,0.020735623,0.01650429,0.012939392,0.007649745,0.002188286,0.000465454,0.02795227,0.020279823,0.014324634,0.006523734,0.000918271,0.000120123,0.055731434,0.04942717,0.043582503,0.033235826,0.017633377,0.008398709,0.08938865,0.07637394,0.06443296,0.04432208,0.018222397,0.006514236,0.019895913,0.015757684,0.012238694,0.007074462,0.001902974,0.000395198,0.025643768,0.018218223,0.012493767,0.005435937,0.000655067,2.63E-05,0.021080451,0.016849918,0.013295141,0.007855653,0.002119493,0.000344592,0.028418863,0.020730136,0.014605024,0.006626348,0.00086921,2.68E-05,0.021010855,0.016813127,0.013278337,0.007858817,0.002062667,0.000370087,0.027711453,0.020168543,0.014202002,0.006325465,0.000898638,4.01E-05,0.045152497,0.038444288,0.032309808,0.021965818,0.008484559,0.002605929,0.07464792,0.06083881,0.0485004,0.028752238,0.007392431,0.001195146,0.065171465,0.058966905,0.05301739,0.041896135,0.023658177,0.011227575,0.10095095,0.09516207,0.0895442,0.07891799,0.05980542,0.04360926,0.039297958,0.036038801,0.035201719,0.03542062,0.036555558,0.038579846,0.041402136,0.042072262,0.039297939,0.036038841,0.035201708,0.03542063,0.03655557,0.038579843,0.041402143,0.042072262,0.035661756,0.03542134,0.036542002,0.038171166,0.040560601,0.044597172,0.047085194,0.047240448,0.000364929,1.78E-05,0.003616386,0.000548145,0.002383658,0.000239348,0,0,0.021367788,0.017026754,0.013362773,0.007793025,0.00219039,0.000425708,0.029544294,0.021346482,0.014947226,0.006566881,0.000835063,6.29E-05,0.00900926,0.001223551,0.004243454,0.000400905,0.03053182,0.012494196,0.70967865,0.6408081,0.06561363,0.061164215,0.056922436,0.049066205,0.036027946,0.025999514,0.018282417,0.00850423,0,0
1,1,0,-0.23653656,0,0.186588,0,0.20121133,0,-0.26220017,0,-0.10633423,0,-0.16370842,0,-0.66653294,0,-0.10042026,0,-0.25229196,0,0.14123586,0,0.04836781,0,0.10338094,0.038380022,0.04873679,0.085207626,0.07861872,0.07217596,0.05981828,0.038120944,0.02125322,0.12835307,0.11601731,0.10417117,0.08233897,0.046502788,0.022436652,0.10296564,0.096864566,0.09093138,0.07959463,0.05906904,0.041611485,0.03779707,0.031537246,0.025960052,0.016803114,0.005809882,0.001519062,0.061487194,0.04863753,0.03757126,0.020829387,0.004779864,0.000538404,0.020791981,0.016535014,0.012952329,0.007631455,0.002202252,0.000477362,0.028135555,0.020453649,0.014457716,0.0066414,0.000994554,0.000148761,0.05461137,0.048374116,0.042595178,0.03238019,0.017092522,0.008130908,0.08746883,0.074554704,0.062682405,0.042916708,0.017526656,0.006164668,0.019940315,0.015801119,0.012270037,0.007096325,0.001928681,0.000402808,0.025773067,0.01831357,0.012552062,0.005429864,0.000685072,3.12E-05,0.021096352,0.016850268,0.013289922,0.007852634,0.002117448,0.000345597,0.028508637,0.020795083,0.014641002,0.006653091,0.000889996,2.82E-05,0.02102934,0.01681651,0.01328099,0.007854079,0.002047895,0.000362332,0.027814783,0.020236285,0.014256327,0.006361024,0.00090487,4.32E-05,0.043935664,0.03731337,0.03128405,0.021161452,0.008092465,0.002477128,0.0727681,0.059096955,0.04695749,0.02763407,0.007007935,0.001110286,0.069661655,0.06351475,0.05758024,0.046424508,0.027856624,0.014594723,0.12371393,0.11816482,0.11276559,0.10236021,0.08308669,0.066135414,0.038522095,0.035686954,0.035032948,0.035388032,0.036587347,0.038646019,0.041464854,0.042114428,0.037481288,0.034652606,0.034003915,0.034368479,0.035576509,0.037647913,0.040488142,0.04120506,0.034442609,0.034362521,0.035581543,0.037263306,0.039715672,0.043775957,0.046250201,0.046427901,0.000341829,1.74E-05,0.003474553,0.000507967,0.002254649,0.000194336,0,-0.024317124,0.021415578,0.017069802,0.013391248,0.007810969,0.002192575,0.000424082,0.029621026,0.021404099,0.014983912,0.006593668,0.000842037,6.62E-05,0.010053921,0.001593033,0.006447845,0.000841882,0.051505752,0.028991152,0.6599579,0.6546478,0.06584881,0.06139857,0.05716128,0.049282543,0.03620393,0.026118208,0.018420057,0.008564694,0,0.04319457
1,2,0,0.10369229,0,0.51879046,0,0.023392487,0,0.44518219,0,0.18206863,0,-0.58022881,0,0.7701463,0,-0.021979678,0,-0.083677846,0,0.30170264,0,0.047499806,0,-0.3022035,0.03698493,0.047808547,0.0905293,0.084027,0.07768388,0.06548453,0.04387157,0.026580742,0.13205196,0.11988968,0.10826251,0.086634114,0.05075767,0.02609581,0.09356453,0.08742022,0.08144739,0.07012466,0.050075416,0.033426464,0.037088558,0.030890366,0.025395602,0.016385749,0.005623037,0.001463218,0.06020986,0.04750192,0.036618497,0.02017535,0.004563031,0.00050145,0.020854712,0.016576417,0.012997839,0.007700814,0.002238268,0.000500132,0.02839453,0.020619886,0.014641493,0.006756116,0.001049728,0.000138582,0.0535294,0.047369964,0.041670434,0.031580877,0.016581746,0.007854819,0.08574223,0.072871014,0.061155625,0.04167222,0.016809473,0.005835373,0.020011503,0.015849177,0.012300491,0.007136793,0.001965211,0.000419713,0.025932826,0.018410344,0.012604575,0.00545381,0.000682668,2.84E-05,0.021108475,0.016870739,0.013298039,0.007849641,0.002123499,0.000354267,0.028554088,0.02083354,0.014698901,0.006634051,0.000891413,3.01E-05,0.021094317,0.016883677,0.013327796,0.007890455,0.002054203,0.00035978,0.027880482,0.020285964,0.01427241,0.006359882,0.000898266,4.69E-05,0.042722657,0.036196712,0.030282618,0.020395277,0.007698795,0.002352033,0.070856854,0.057327025,0.045373444,0.026484419,0.006589995,0.001008984,0.080029495,0.074070685,0.06827098,0.05729624,0.038336877,0.02362676,0.1072612,0.10166586,0.09621735,0.085770495,0.06687024,0.050659955,0.037717732,0.03532081,0.034854672,0.035350021,0.036615308,0.038709669,0.041526005,0.042155875,0.03561131,0.033212213,0.032751752,0.033262274,0.034543626,0.036662813,0.039522087,0.040289251,0.033168847,0.033249311,0.034567322,0.036302212,0.038818629,0.04290435,0.045365903,0.045567556,0.000327812,1.71E-05,0.003349605,0.0004561,0.002109391,0.000167856,0,0.10146825,0.021493485,0.017148802,0.013456933,0.007857489,0.002187682,0.000416948,0.029665334,0.021430967,0.014996421,0.006614531,0.000841956,6.47E-05,0.014238364,0.002825344,0.013327522,0.003370941,0.037194386,0.017814998,0.6659775,0.7212906,0.06623113,0.06176667,0.057477925,0.04957482,0.03645545,0.026343709,0.018551841,0.008676459,0,-0.057351909
1,3,0,0.25680169,0,-0.11859181,0,0.1080523,0,-0.11851038,0,0.044261812,0,-0.29871409,0,-0.14801135,0,-0.0156391,0,0.28418557,0,0.32806797,0,0.04720613,0,-0.22442575,0.037830659,0.047452066,0.087446086,0.08097168,0.07465129,0.062556654,0.041363504,0.02462912,0.12870833,0.11657157,0.1049728,0.08340456,0.048020817,0.02396046,0.09250104,0.08639841,0.0804852,0.06926969,0.04939696,0.033103295,0.036280546,0.030156123,0.024740325,0.015903343,0.005417505,0.00140498,0.05909526,0.04651918,0.035779007,0.019613482,0.004383992,0.000473297,0.020798618,0.016505374,0.012899957,0.007625669,0.002194247,0.000471707,0.028152155,0.020402294,0.014460469,0.006591124,0.00101281,0.000116379,0.052799128,0.04670459,0.041018296,0.03100714,0.016206311,0.007687417,0.084672116,0.071866415,0.0602844,0.04103367,0.01646527,0.00572641,0.020100342,0.015924677,0.012358444,0.007165666,0.001969366,0.000407675,0.02594365,0.018406715,0.012627658,0.005459094,0.000663319,2.91E-05,0.021162847,0.016908376,0.013317207,0.007847745,0.002108755,0.000353413,0.02858815,0.020849938,0.01468483,0.006637357,0.000889122,2.84E-05,0.021144703,0.01693145,0.013370753,0.007922895,0.002064242,0.000366187,0.027930852,0.02031895,0.014318303,0.006374934,0.000909836,4.86E-05,0.0418884,0.0354338,0.02959577,0.019853747,0.007441994,0.0022713,0.06964952,0.056232434,0.04441208,0.025782697,0.006319419,0.000945432,0.07857032,0.07265923,0.06693073,0.05614799,0.037575662,0.023308434,0.09978013,0.09412773,0.088687226,0.07830165,0.059780028,0.0441145,0.03693903,0.034967598,0.034685153,0.035317356,0.03664719,0.03877619,0.041589165,0.042198468,0.034368005,0.032392818,0.032116799,0.032767185,0.03411651,0.036275723,0.039141156,0.03991819,0.032515745,0.032753699,0.034164342,0.035945462,0.038514958,0.042605589,0.045036673,0.04524974,0.000318232,1.85E-05,0.003271293,0.000440307,0.002090266,0.000161247,0,0.049915017,0.021509284,0.017151566,0.013462499,0.00784734,0.002186385,0.000405762,0.029712783,0.021469299,0.015004928,0.00661184,0.000835819,6.42E-05,0.012957461,0.002518266,0.013283691,0.00345207,0.031556398,0.013896296,0.70240784,0.7090988,0.06622723,0.061738428,0.057455916,0.049554966,0.03640031,0.026282242,0.018539175,0.008720402,0,0.32024411
1,4,0,0.16501846,0,-0.44250107,0,0.32244276,0,0.16093739,0,-0.11362713,0,0.79979907,0,-0.099975677,0,-0.05427674,0,-0.13222456,0,-0.10027802,0,0.048041865,0,0.085144622,0.037576111,0.048218742,0.0828915,0.07641061,0.07012709,0.058128413,0.037343465,0.021386826,0.12505993,0.11292393,0.101285,0.07979592,0.0447715,0.021611735,0.099067025,0.0930944,0.087273516,0.076246105,0.05639388,0.03975755,0.036173474,0.030069457,0.024669,0.015860692,0.005408846,0.001405552,0.059386913,0.04678834,0.036015242,0.019802304,0.004455404,0.000483055,0.02082167,0.016510213,0.012898758,0.007583564,0.002150575,0.000455833,0.02810953,0.020434087,0.014496249,0.006640799,0.000993039,0.00011634,0.052919198,0.046789933,0.041104697,0.031095315,0.016234448,0.007709021,0.08525714,0.072409436,0.0607758,0.041482095,0.016664317,0.005800825,0.020117715,0.015946457,0.012392793,0.007199547,0.001993129,0.000412249,0.025971811,0.018448737,0.012668815,0.005481741,0.000659807,3.48E-05,0.021195827,0.016933331,0.013337555,0.007887576,0.002124747,0.000357013,0.028575445,0.020835157,0.014679866,0.006628607,0.000888623,3.15E-05,0.021131773,0.016912462,0.013352188,0.007896953,0.002049783,0.000366613,0.027910281,0.020297755,0.014309232,0.006381277,0.000913351,4.98E-05,0.041902784,0.035435658,0.029585114,0.019819519,0.007417244,0.002252202,0.070275374,0.05679675,0.044902254,0.026078476,0.006438269,0.000953465,0.06721098,0.061331477,0.055706948,0.04530039,0.028029902,0.01593492,0.10263583,0.09707525,0.09169645,0.08145209,0.0631028,0.047592692,0.036181719,0.034625117,0.034522859,0.035289094,0.036682468,0.038845112,0.04165411,0.04224204,0.034351913,0.032791965,0.032694014,0.033473004,0.034880109,0.037064243,0.039910608,0.040618065,0.033081282,0.033470867,0.034961825,0.036775629,0.039376393,0.043432023,0.04579875,0.045997965,0.000318772,1.95E-05,0.003271869,0.000456016,0.002078612,0.000145356,0,-0.13384844,0.02151357,0.017149156,0.013458606,0.007848099,0.002183877,0.000399856,0.02969595,0.021476094,0.015012021,0.006616224,0.000832199,6.56E-05,0.010617043,0.002020733,0.008365576,0.002222961,0.0349737,0.016815228,0.73360443,0.61001587,0.06619854,0.0617242,0.05743684,0.049562164,0.036486886,0.02630753,0.018548995,0.008701326,0,0.47552381
1,5,0,0.16920315,0,0.77123783,0,0.083329723,0,0.20049715,0,0.20795209,0,-0.69559268,0,0.25424061,0,-0.003949268,0,0.33579805,0,0.53677281,0,0.048324566,0,-0.090376262,0.037761164,0.048434924,0.07938033,0.072967656,0.06670727,0.054894604,0.034600552,0.019293334,0.12186716,0.10977787,0.09815686,0.076731525,0.042105976,0.019599106,0.088416114,0.082406856,0.076610774,0.06563542,0.04626064,0.030625539,0.035768986,0.029707965,0.024346141,0.015622248,0.00531128,0.001375773,0.05894579,0.046410277,0.03570174,0.019593373,0.004385689,0.000467302,0.020850688,0.01657635,0.012989498,0.007589909,0.0021523,0.000443283,0.028080406,0.020333203,0.014349474,0.006678588,0.000977824,0.000114464,0.05256334,0.046456084,0.040786453,0.030831696,0.016016008,0.007588001,0.084967054,0.072166644,0.060578167,0.041306235,0.016617494,0.00581592,0.020122467,0.01595043,0.012408341,0.007176481,0.001982064,0.000407036,0.025892446,0.018397732,0.01262611,0.005482548,0.000636258,3.27E-05,0.021267321,0.017024726,0.013420714,0.007931876,0.002138137,0.000358615,0.028583838,0.020830875,0.014668315,0.006621174,0.000878318,3.17E-05,0.021142974,0.016913297,0.013364472,0.007896447,0.002069871,0.000365605,0.02793277,0.020281961,0.014281334,0.006364349,0.000914403,4.73E-05,0.041537963,0.035083514,0.029260132,0.01956602,0.007286235,0.00218977,0.06994517,0.05651949,0.044662766,0.02588304,0.006378165,0.000939251,0.09725496,0.091577396,0.08604175,0.075453825,0.056683246,0.041075673,0.09808982,0.092546485,0.08720716,0.07707238,0.059110824,0.044032358,0.03541536,0.034278293,0.034357695,0.035259407,0.036716731,0.038913515,0.041718718,0.042285587,0.033735391,0.032594421,0.032677512,0.033590703,0.035060569,0.03727702,0.040116577,0.04079333,0.033050009,0.033593992,0.035171304,0.037024365,0.039666978,0.04370721,0.046026486,0.046224161,0.000310253,2.00E-05,0.003208547,0.00045057,0.002055107,0.0001426,0,0.021095494,0.021551488,0.017186224,0.013504595,0.007898852,0.002203738,0.000406004,0.029725695,0.021512428,0.015040511,0.006647151,0.000840714,6.79E-05,0.009379547,0.001811127,0.028732594,0.01265595,0.031912938,0.014685941,0.76690674,0.7243042,0.066331014,0.061851252,0.05758178,0.04969114,0.036564738,0.026339538,0.018524572,0.008679121,0,-0.5565627
1,6,0,0.20047311,0,-0.46912596,0,0.051892813,0,0.20145525,0,0.065402647,0,-0.44930075,0,0.31638916,0,0.12287602,0,-0.099316636,0,-0.035636359,0,0.049776055,0,0.27988666,0.038423112,0.049811568,0.07163253,0.06520869,0.059006408,0.04740548,0.028031647,0.014185702,0.11536015,0.10318939,0.09158305,0.07033086,0.036501687,0.015676938,0.09433775,0.0884248,0.08271047,0.071855746,0.052512534,0.036545303,0.035704643,0.029665444,0.024311962,0.015608975,0.005312553,0.001379236,0.059636455,0.047028605,0.036237456,0.019968564,0.004516245,0.000484035,0.021095071,0.016787138,0.013152348,0.007615161,0.002240914,0.000479875,0.028192313,0.020532623,0.014554474,0.006738986,0.000961954,0.000108691,0.05296379,0.04684322,0.041169472,0.031107374,0.016293325,0.007758127,0.08647187,0.073576175,0.061920837,0.04239009,0.017227711,0.00608565,0.02010435,0.015947644,0.01242423,0.007162903,0.001988111,0.000399494,0.025835084,0.018367466,0.012610652,0.005480039,0.000628786,2.82E-05,0.02131348,0.01708404,0.013482815,0.007985871,0.002147913,0.000365928,0.028547205,0.02077538,0.014623925,0.006652343,0.000869193,3.33E-05,0.02109618,0.016906368,0.013356908,0.0078741,0.002065983,0.000358382,0.027899414,0.020296779,0.014297633,0.006365365,0.00090805,4.51E-05,0.041922342,0.03543787,0.02956636,0.019761473,0.007366843,0.00220063,0.07134539,0.057781994,0.045761425,0.026705792,0.00667126,0.00100412,0.12418892,0.11868635,0.11331081,0.10305563,0.08419037,0.06764697,0.09402661,0.08856168,0.08330122,0.07334913,0.05586149,0.04141262,0.03467106,0.03394236,0.034200046,0.035234299,0.036754381,0.038984418,0.041785166,0.04233012,0.034385433,0.033655927,0.033914196,0.034950349,0.036472567,0.038705937,0.041512542,0.042076216,0.034278501,0.034970885,0.036621814,0.038500081,0.041162025,0.045146348,0.047384722,0.047555109,0.000310473,2.00E-05,0.003301761,0.000475026,0.002138137,0.000158118,0,0.067559764,0.02148732,0.017133381,0.013472944,0.007882925,0.002198358,0.000409696,0.029682815,0.021484472,0.015022459,0.006618743,0.000832352,6.83E-05,0.006003881,0.000974886,0.05345624,0.031533465,0.029839285,0.013607951,0.83045197,0.59187317,0.06601044,0.06154064,0.057325367,0.049534082,0.036494445,0.026380936,0.01855035,0.008632883,0,-0.34087427
1,7,0,-0.26606822,0,-0.54844608,0,-0.22752232,0,0.30831801,0,0.008616948,0,-0.21265317,0,-0.69108638,0,0.013640175,0,-0.07886437,0,-0.043139532,0,0.0488534,0,-0.13073292,0.034863041,0.048868496,0.08281447,0.07652491,0.07042834,0.058942363,0.03912093,0.023703786,0.12432536,0.11235472,0.10090559,0.07976831,0.045382295,0.022159696,0.11745129,0.11184581,0.10637871,0.09586379,0.0765828,0.059809927,0.035740435,0.029702634,0.02434841,0.015654907,0.005337795,0.001391592,0.059013825,0.04647479,0.035761762,0.019645005,0.004400548,0.000465556,0.020926926,0.016613655,0.012999344,0.007664487,0.002234131,0.000475252,0.028376142,0.020606542,0.01463324,0.006772773,0.000997256,0.000111406,0.051983826,0.045906536,0.040267628,0.030389607,0.015760742,0.007477125,0.08456748,0.071744904,0.06016183,0.04100307,0.01650714,0.005761448,0.020156858,0.015965769,0.012425343,0.007175691,0.002007949,0.000402012,0.025891257,0.018403122,0.012629046,0.005511399,0.000666045,3.70E-05,0.021306336,0.017075079,0.013461589,0.007969535,0.002184233,0.000368637,0.028569479,0.020823734,0.014701388,0.006649935,0.000892967,3.93E-05,0.02120701,0.016986338,0.013404765,0.007887829,0.002078401,0.000352146,0.027934272,0.020313714,0.014305349,0.00639437,0.00091792,4.60E-05,0.040893327,0.034493458,0.02876508,0.019198576,0.007095913,0.002114037,0.06944986,0.0560491,0.044237386,0.025644757,0.006321875,0.000913816,0.12245243,0.11707707,0.1118339,0.10177869,0.083506554,0.067378074,0.11647414,0.11125433,0.1062135,0.096566856,0.07904908,0.06388314,0.034262276,0.033781608,0.034172569,0.035301486,0.036869357,0.039118638,0.041897859,0.042400249,0.03275374,0.032268676,0.032662446,0.033801368,0.03538035,0.037647228,0.040457393,0.041058677,0.033012899,0.033836623,0.035556764,0.037477251,0.04019944,0.044199852,0.046414093,0.046606496,0.000309404,2.04E-05,0.003158557,0.000449819,0.002016269,0.000150989,0,0.029982675,0.02165389,0.017273694,0.013578318,0.00794593,0.002203548,0.000406082,0.029800097,0.021544503,0.015051178,0.006651824,0.000850678,6.81E-05,0.012849203,0.002873881,0.0536735,0.032523748,0.05075856,0.03039937,0.71878815,0.37104797,0.06667221,0.062182546,0.05791024,0.050011322,0.036878098,0.026637072,0.018800583,0.008910337,0,-0.008261257
1,8,0,0.49268961,0,1.1429722,0,0.040214061,0,-0.12456879,0,0.43856422,0,1.4088397,0,-0.24646287,0,0.10532209,0,0.10527754,0,0.27399944,0,0.04994372,0,-0.035394171,0.031824152,0.049932174,0.07076005,0.06449654,0.05848691,0.047336694,0.028601812,0.01512986,0.11429058,0.10219083,0.09070968,0.06961488,0.03627198,0.015522625,0.11314431,0.10761534,0.10222174,0.09186233,0.07303639,0.05689341,0.03547653,0.02947345,0.0241425,0.015502334,0.005283816,0.001376786,0.059120383,0.04657905,0.03585733,0.019718997,0.004421985,0.000468314,0.021177173,0.016878298,0.013210534,0.007712316,0.002223381,0.000461983,0.028317763,0.020596098,0.014617767,0.006766432,0.000928154,9.74E-05,0.052159816,0.04609956,0.04046134,0.030525623,0.015944347,0.007552422,0.085515425,0.07270283,0.061136276,0.041809134,0.016910322,0.005935994,0.020090887,0.015920604,0.012406653,0.007145126,0.001990614,0.000412767,0.025853932,0.018405322,0.012643592,0.005538675,0.000651446,3.64E-05,0.021398962,0.01716959,0.013551511,0.008044115,0.002178022,0.000354334,0.028662426,0.020870417,0.014695005,0.006676476,0.000878014,3.13E-05,0.021120278,0.016921077,0.013373434,0.007855811,0.002071788,0.000358194,0.027918268,0.020310074,0.01431769,0.006363853,0.000905716,4.16E-05,0.04133844,0.034909714,0.029092874,0.019369638,0.007161111,0.002102171,0.07066783,0.05715693,0.045213014,0.026350684,0.006552399,0.000957112,0.11934473,0.11411662,0.10902268,0.099327736,0.08154405,0.065928526,0.11982849,0.11472097,0.10975797,0.10021682,0.08296607,0.0679949,0.033990288,0.033682053,0.034172769,0.035371583,0.036975435,0.039237736,0.041996787,0.04246134,0.033438104,0.033128151,0.03361982,0.034822282,0.036430191,0.038698945,0.041469332,0.041970126,0.03397006,0.034889622,0.036644348,0.038576455,0.041311975,0.045260922,0.04740213,0.047571672,0.000307252,2.02E-05,0.003198331,0.000461224,0.002018783,0.000141041,0,0.26776172,0.021572,0.01719746,0.013523045,0.00790345,0.002168055,0.000400999,0.029782064,0.021527532,0.015028407,0.006612896,0.000835685,7.02E-05,0.006747301,0.001063985,0.052735727,0.032462753,0.05506229,0.034695644,0.8554764,0.5169983,0.06629897,0.061814144,0.05755654,0.04977716,0.03676978,0.026513146,0.018642908,0.008779381,0,-0.13698577
1,9,0,0.79675716,0,-0.85885264,0,0.24982182,0,0.069673028,0,0.45148107,0,-0.32547509,0,2.4336131,0,-0.048451017,0,0.079895179,0,0.37254243,0,0.04645563,0,0.24399251,0.03035989,0.046449907,0.06030368,0.054188758,0.04836279,0.037735224,0.020466965,0.009133185,0.10169866,0.08965678,0.07829764,0.057830695,0.026882121,0.009564359,0.138651,0.13341193,0.12830599,0.11841542,0.10005857,0.0838121,0.03233202,0.026646363,0.021639343,0.013650947,0.004486052,0.001119248,0.053076707,0.041239608,0.031287927,0.016705519,0.003452203,0.000335632,0.021500843,0.017215464,0.013530724,0.007882884,0.00231415,0.000501205,0.028640397,0.020930063,0.014887294,0.006919131,0.000930437,9.48E-05,0.04963416,0.04372882,0.038268797,0.028688481,0.014806285,0.006869774,0.08040872,0.06803888,0.056910887,0.038455795,0.01524234,0.005266903,0.020144356,0.015964266,0.012425234,0.007129097,0.002002238,0.000427554,0.025965927,0.018424597,0.012699298,0.005563159,0.000647585,3.51E-05,0.021563105,0.017327024,0.013701736,0.008146473,0.002211934,0.000365888,0.02894131,0.021058084,0.014817696,0.006779911,0.000873668,3.17E-05,0.021215877,0.017032204,0.013465505,0.007915884,0.00209952,0.000364128,0.028157694,0.020503948,0.014484166,0.006428275,0.000911871,4.23E-05,0.038510054,0.032295436,0.026742956,0.017527448,0.006277237,0.001794178,0.06497733,0.051989432,0.040670566,0.0231253,0.00538621,0.000702328,0.12671655,0.12169975,0.11682589,0.10749699,0.09036143,0.07532976,0.09038867,0.085246824,0.08033362,0.07117744,0.055198546,0.041989315,0.033636924,0.033542088,0.034146136,0.035425751,0.037070218,0.039348968,0.042090571,0.04251993,0.029171751,0.029062442,0.029673823,0.030982303,0.032659349,0.034990074,0.037823324,0.038545517,0.029997718,0.031036945,0.032875374,0.034874108,0.037711752,0.041767282,0.04396355,0.044213036,0.000250484,1.76E-05,0.002871489,0.000391287,0.001764442,0.000104314,0,0.006407713,0.021569723,0.017183421,0.01349264,0.00789521,0.00215691,0.000399139,0.029961029,0.0216825,0.01511513,0.006645025,0.000828027,6.79E-05,0.003176017,0.000259668,0.062273793,0.04139394,0.031245127,0.016146624,0.9361725,0.12852478,0.06609292,0.06162344,0.05742559,0.04970016,0.03662568,0.026410986,0.018531451,0.008640118,0,1.7919001
1,10,0,-0.049530691,0,5.2917881,0,-0.22162466,0,-0.17292895,0,0.05599293,0,0.821929,0,-0.29880841,0,-0.20633073,0,-0.049149677,0,0.072868708,0,0.045811184,0,-0.048359493,0.027171378,0.045791425,0.06374879,0.057719126,0.052001018,0.04145809,0.024087872,0.012027092,0.10374579,0.0918357,0.08061474,0.060260855,0.029083662,0.010978448,0.10244442,0.0971673,0.09205705,0.082302965,0.06470439,0.049852222,0.03223757,0.026560402,0.021561492,0.013611184,0.004475277,0.001113923,0.052422415,0.04067632,0.030805323,0.01639196,0.003350048,0.000323611,0.02110516,0.016830752,0.013179472,0.00771771,0.002212316,0.000481413,0.028439559,0.020676462,0.014693616,0.006859513,0.000980855,0.000116512,0.04897287,0.04311251,0.03770322,0.028200742,0.014471253,0.006760368,0.079126894,0.06676876,0.055748288,0.037550136,0.014732597,0.005142839,0.020206481,0.016031774,0.012522618,0.007183237,0.002022152,0.000442665,0.02607986,0.018552333,0.012811474,0.005581678,0.00066899,3.65E-05,0.021579977,0.017327404,0.01368587,0.008124178,0.002179145,0.00036509,0.028964458,0.021082252,0.01483708,0.006791622,0.000893456,3.14E-05,0.021270042,0.017064273,0.013499445,0.007933888,0.002106439,0.000365258,0.02818845,0.020517763,0.014469366,0.006427245,0.000912842,4.55E-05,0.0377635,0.03163811,0.026161987,0.017102288,0.006084067,0.001758841,0.063605875,0.05074981,0.039597444,0.022355001,0.005131383,0.000645091,0.11469673,0.10985997,0.10518518,0.096197195,0.07997436,0.065935515,0.090753295,0.085785024,0.08102362,0.07210284,0.05649881,0.043538105,0.033335166,0.033428096,0.034136867,0.035490544,0.037172657,0.039465859,0.042188164,0.042580552,0.02798308,0.02805768,0.028774725,0.030162618,0.031883574,0.03423902,0.037071245,0.037814799,0.029088657,0.030232633,0.032124234,0.034155335,0.03704021,0.041103744,0.043274593,0.043540558,0.000247224,1.78E-05,0.002795124,0.000376399,0.001743182,0.000105647,0,-0.040577416,0.021622175,0.017226746,0.013530077,0.007906759,0.002155457,0.000405106,0.029995376,0.021690376,0.015130297,0.006656503,0.000838706,6.80E-05,0.004876731,0.000417042,0.053901084,0.03523384,0.032991078,0.017861644,0.9513321,0.41088867,0.06646333,0.061966028,0.057750273,0.049974054,0.036861293,0.026565405,0.018713696,0.008751688,0,-0.20174716
1,11,0,-0.30680704,0,1.6732119,0,-0.18310005,0,-0.20466269,0,-0.23769078,0,-0.07784812,0,0.68868164,0,-0.02894132,0,-0.11279134,0,0.17681495,0,0.043204688,0,0.23103451,0.026649331,0.04318477,0.07867705,0.07286246,0.06728823,0.056828134,0.038829543,0.024536768,0.11493097,0.10341741,0.09249802,0.07262624,0.040589716,0.019376783,0.08618131,0.08098472,0.07596509,0.066466816,0.04983489,0.0364123,0.031648863,0.026050353,0.02111823,0.013307556,0.004362351,0.001078449,0.050210234,0.038772125,0.02918482,0.015362368,0.003034385,0.000291801,0.020884953,0.016637238,0.013103589,0.007750318,0.002318156,0.000528705,0.028760452,0.020995487,0.014973852,0.007044335,0.001069609,0.000138256,0.047149744,0.041422535,0.036153905,0.026944155,0.013743388,0.00633339,0.0750703,0.06303583,0.05230024,0.034913078,0.013535873,0.004646368,0.020283453,0.016119486,0.012583309,0.00721649,0.002075231,0.000429842,0.026236374,0.018712917,0.01288132,0.005577415,0.000682447,4.27E-05,0.021601725,0.017296027,0.013604042,0.0080537,0.002219589,0.00037777,0.029101588,0.021236759,0.014977557,0.006806036,0.000919209,3.52E-05,0.021415146,0.017133418,0.013521853,0.007980055,0.002117447,0.000358582,0.02829624,0.020577628,0.014455319,0.00647139,0.000940858,5.04E-05,0.03579505,0.029892098,0.024660548,0.015973482,0.005564622,0.001661235,0.05962123,0.047207184,0.036498383,0.020215487,0.004481288,0.000511673,0.10691254,0.10231929,0.097900525,0.08947935,0.07445432,0.061488453,0.08900527,0.08420142,0.07961132,0.071006395,0.055968862,0.043452784,0.032998407,0.033296852,0.034116415,0.035548705,0.037270551,0.039579572,0.042283785,0.042640294,0.024678825,0.024947175,0.025778603,0.027263427,0.029045215,0.031450739,0.034325796,0.035228008,0.026071351,0.027330435,0.029296198,0.031383532,0.034354411,0.038494241,0.040694181,0.041024489,0.000238949,1.84E-05,0.002661178,0.000328193,0.001575667,9.84E-05,0,0.048530164,0.021765772,0.017357199,0.013626907,0.007974391,0.002161084,0.000405837,0.030143077,0.0217708,0.015197609,0.006676015,0.000865267,6.60E-05,0.014191902,0.003281464,0.050427906,0.033196826,0.033321425,0.01853525,0.91606903,0.8229294,0.067478634,0.062929966,0.05866725,0.05077196,0.037537105,0.027178032,0.019258486,0.009110521,0,-0.17242405
1,12,0,-0.95290315,0,3.7610627,0,-0.47306756,0,-0.19505815,0,-0.55543471,0,0.27087076,0,0.84978615,0,-0.2843569,0,-0.25376051,0,-0.38977775,0,0.040814396,0,-0.43733818,0.023816351,0.0407928,0.17560855,0.17056824,0.16562136,0.1559493,0.1376697,0.12066235,0.20553204,0.19547822,0.18572631,0.16706845,0.13311894,0.10391744,0.05883903,0.05352601,0.048486024,0.039291922,0.02443337,0.014371831,0.03222477,0.026575988,0.021661784,0.01374704,0.004544813,0.001168233,0.05003331,0.03862045,0.029057384,0.015286634,0.003029784,0.000305398,0.02084826,0.016593423,0.013020236,0.007683023,0.00215747,0.00053004,0.02845673,0.020791959,0.014910288,0.007178383,0.001256816,0.000178134,0.045703426,0.039994206,0.03480864,0.025884137,0.013253358,0.006047539,0.07186894,0.060004286,0.04944102,0.03257142,0.012167895,0.003997242,0.020438196,0.01622463,0.012680199,0.007374246,0.002073666,0.000385477,0.026419347,0.018789597,0.012881691,0.005416316,0.000626835,4.68E-05,0.021736352,0.017472878,0.013798571,0.008250584,0.00240312,0.000480097,0.029323556,0.02139642,0.015210424,0.006996362,0.0009824,7.17E-05,0.021860408,0.017588258,0.013901048,0.008227105,0.002345293,0.000424603,0.028445221,0.020650405,0.014518832,0.006616043,0.001062923,0.000126518,0.034356527,0.028618526,0.023526967,0.015255196,0.005421694,0.001581594,0.056181442,0.04409563,0.033796974,0.018552758,0.004112343,0.000542346,0.09510848,0.090743214,0.086545505,0.07865997,0.06466832,0.052586842,0.079772286,0.075060956,0.070576005,0.06223122,0.04784956,0.03616726,0.032675157,0.033173899,0.034100035,0.035609516,0.037370362,0.039694812,0.042380538,0.042700769,0.021622127,0.022078734,0.023019451,0.024597805,0.026437806,0.028890163,0.031802841,0.032847894,0.023295007,0.024664133,0.026701277,0.028842146,0.031895265,0.036103962,0.038326233,0.038718367,0.000255793,2.14E-05,0.002552613,0.000321827,0.001193103,8.19E-05,0,-0.3949223,0.022220694,0.017774677,0.013968333,0.008173545,0.00218978,0.000432631,0.030264873,0.021872556,0.015326482,0.00683534,0.000950408,5.74E-05,0.10513208,0.0783942,0.042348538,0.026900778,0.0268727,0.013857379,0.51949984,0.5646979,0.069151305,0.06462568,0.06033494,0.052401386,0.039102808,0.028333887,0.020114494,0.009814228,0,-0.72887568
1,13,0,-0.99316134,0,0.14297004,0,-0.35565529,0,-0.25022019,0,-0.36108603,0,0.66353017,0,0.32586689,0,-0.31321275,0,-0.30819522,0,-0.34353079,0,0.042026043,0,-0.32692223,0.019636754,0.04197784,0.21279533,0.20795135,0.20317999,0.19383241,0.17590193,0.15910415,0.24199013,0.23236191,0.22295853,0.20492403,0.17149015,0.14179648,0.061582528,0.056257427,0.051215526,0.041895907,0.02671163,0.016137822,0.03328834,0.027528143,0.022497496,0.014382568,0.004823248,0.001263378,0.052083723,0.040389426,0.03054325,0.016215581,0.003323968,0.000350119,0.020866578,0.016635323,0.013099297,0.007706045,0.002136258,0.000533117,0.02832865,0.020645084,0.014816037,0.007130515,0.001285409,0.000183989,0.04628056,0.040562328,0.03530852,0.026337367,0.013596949,0.006287733,0.07330279,0.061384164,0.05072956,0.0335134,0.012682643,0.004154435,0.020466462,0.016261952,0.012706812,0.007387308,0.002056426,0.000383163,0.026364025,0.018732032,0.012830589,0.005399763,0.000621249,4.64E-05,0.021799663,0.017532106,0.013860435,0.008310223,0.002451734,0.000503976,0.02925946,0.021379445,0.015189529,0.007018545,0.001013696,8.09E-05,0.021938123,0.017665192,0.013973389,0.008338656,0.002382711,0.000448134,0.028376065,0.02061106,0.014513311,0.006632383,0.00109649,0.000145241,0.03511998,0.02932614,0.024160756,0.015723208,0.005640759,0.001648471,0.057722088,0.045458313,0.034950867,0.019327166,0.004378854,0.000618695,0.09297682,0.08859267,0.084370375,0.07645041,0.06240363,0.05030182,0.08068137,0.075922824,0.07140284,0.06298693,0.048434183,0.036514718,0.032762945,0.033316153,0.034201521,0.035741349,0.037521183,0.039845887,0.042501316,0.042773294,0.022789665,0.023304339,0.024203339,0.025805014,0.02765613,0.030096349,0.032956952,0.033883675,0.024585393,0.025892145,0.027944851,0.030088133,0.033146207,0.037293315,0.03943437,0.039795521,0.000275543,2.24E-05,0.002700989,0.000349081,0.001257107,9.47E-05,0,-0.28328983,0.022292327,0.017858624,0.014038775,0.008230985,0.002221964,0.000445273,0.030170845,0.021839697,0.015322535,0.006854651,0.000964391,5.78E-05,0.1433686,0.11535269,0.040096182,0.025075309,0.027073368,0.013905294,0.16948391,0.59713304,0.06934811,0.0648123,0.06050323,0.052589245,0.039273378,0.028517745,0.020242048,0.009903436,0,-0.70605747
1,14,0,-0.99281422,0,0.62883247,0,-0.22442674,0,-0.21034982,0,-0.27147701,0,-0.59027304,0,-0.40905933,0,-0.26277556,0,-0.2627196,0,-0.25373809,0,0.04070675,0,-0.40147453,0.020163835,0.040649787,0.24958138,0.24492823,0.24034464,0.231338,0.21403979,0.19759819,0.27715307,0.26797533,0.25901252,0.24160632,0.2089847,0.17937618,0.061083548,0.055770885,0.05075171,0.041464854,0.026298817,0.015791964,0.0326663,0.026979702,0.02202419,0.01402801,0.0046578,0.001220655,0.05073091,0.039215226,0.029545318,0.015559572,0.003135859,0.000327631,0.02099912,0.01679688,0.013238067,0.007803792,0.002184811,0.000547534,0.028444221,0.020703431,0.014842756,0.007191245,0.001363179,0.000205326,0.04540567,0.039745588,0.034569692,0.02576187,0.013270139,0.006130894,0.07157112,0.05983516,0.049379345,0.032524377,0.012203419,0.003933777,0.020517787,0.016318155,0.012747538,0.007396773,0.002040688,0.000375673,0.026409307,0.018730853,0.012819176,0.00539075,0.00062297,4.79E-05,0.021924825,0.017633792,0.013958992,0.008373803,0.002492404,0.000530554,0.029367495,0.021488732,0.015260295,0.007091953,0.001043401,8.69E-05,0.022039713,0.017746944,0.014067332,0.008448499,0.002403329,0.00046886,0.028480433,0.020699322,0.01459326,0.006695268,0.001129349,0.000162318,0.0342492,0.028559962,0.02346705,0.015209239,0.005397049,0.001554838,0.055786803,0.04375119,0.033518557,0.018380748,0.004119709,0.000563428,0.09021069,0.08576583,0.08151225,0.07351506,0.05939638,0.047235847,0.08067535,0.075875856,0.07128416,0.06277624,0.04811744,0.036186494,0.032805983,0.033436059,0.034288222,0.035864442,0.03766588,0.039992821,0.042619435,0.042844622,0.021231685,0.021816191,0.022684442,0.024332018,0.026215874,0.028676728,0.031541624,0.03252667,0.023158593,0.02441606,0.026511794,0.02868848,0.031802299,0.035976383,0.038106523,0.038501272,0.000263681,2.20E-05,0.002643639,0.000341184,0.001189581,9.47E-05,0,-0.20495779,0.02242376,0.017982455,0.014142997,0.008295544,0.002261602,0.00046096,0.03025983,0.02193306,0.015404723,0.006907061,0.000986532,6.03E-05,0.18216579,0.15397114,0.037244365,0.022735747,0.0267471,0.013574015,0.017641895,0.71105903,0.06968874,0.06511838,0.060775418,0.052808605,0.039408285,0.028677998,0.02038746,0.009953639,0,-0.62026502
1,15,0,0.24027606,0,0.40741959,0,0.15549917,0,0.01333775,0,0.099151403,0,2.356436,0,-0.10910646,0,0.0338363,0,-0.12131037,0,-0.018795842,0,0.042200785,0,-0.060802795,0.019071454,0.042114954,0.20822048,0.20332816,0.19851168,0.18912937,0.17117143,0.15433404,0.23797815,0.22828422,0.2188436,0.20076172,0.16720594,0.13733542,0.06289368,0.05752108,0.05241461,0.04302767,0.027549988,0.016604444,0.033140715,0.027393684,0.022381008,0.01428344,0.00477086,0.001243585,0.05191082,0.040231485,0.030406054,0.016123237,0.003285578,0.000348357,0.020877093,0.016634155,0.013088692,0.007719673,0.002168518,0.000551763,0.02838508,0.020694533,0.014812925,0.007136498,0.001299571,0.000194746,0.046261337,0.040525746,0.0352718,0.026289586,0.013585453,0.0063002,0.073430575,0.061485846,0.050778016,0.033620857,0.012751947,0.004182027,0.020435236,0.016240858,0.012682578,0.007362049,0.002064128,0.000380099,0.02633347,0.018701255,0.012811719,0.005411543,0.000624059,4.56E-05,0.021777023,0.017509356,0.013829061,0.00829507,0.002447129,0.000499486,0.029268239,0.021398215,0.015198641,0.007032912,0.001009105,8.24E-05,0.021909852,0.017634371,0.013947292,0.008295539,0.002381095,0.000443014,0.028374868,0.020611262,0.014507854,0.006644902,0.001094372,0.000142384,0.03504158,0.029253973,0.024079697,0.015662247,0.005614028,0.001639082,0.05772946,0.04547215,0.034997568,0.019372456,0.004407155,0.000620122,0.08859325,0.084087245,0.07975873,0.07161835,0.057271317,0.045137882,0.0814902,0.07659695,0.07191975,0.063186735,0.048215877,0.03603428,0.032899835,0.033581707,0.034392267,0.035998134,0.037818255,0.040145243,0.042741367,0.042917996,0.022702797,0.023343957,0.024169175,0.02583765,0.027730254,0.030175343,0.032981823,0.033828718,0.02475165,0.02594532,0.028053447,0.030229027,0.033341948,0.037444964,0.039486793,0.039843178,0.000271742,2.19E-05,0.002715073,0.000343946,0.001261189,9.96E-05,0,0.03015972,0.02229094,0.017853808,0.014029791,0.008222391,0.002224849,0.000447793,0.030187597,0.021854902,0.015331982,0.006858442,0.000968438,6.07E-05,0.13867606,0.11073545,0.035140894,0.02078722,0.026338043,0.013258769,0.01,0.78853977,0.06924997,0.06471714,0.06039564,0.052466165,0.03915928,0.02841071,0.020167233,0.009832021,0,-0.084133567
1,16,0,-0.59260726,0,0.20641067,0,-0.06361393,0,-0.25572657,0,-0.007166399,0,1.3927163,0,0.42511008,0,-0.087098147,0,-0.07026699,0,-0.10757605,0,0.03849822,0,-0.015224828,0.017339132,0.03842086,0.20001075,0.19510661,0.19026856,0.1808518,0.16286175,0.14593849,0.22826074,0.2184731,0.20896693,0.19076876,0.15717645,0.1276992,0.061466735,0.056132797,0.051094756,0.041731358,0.026509175,0.015665146,0.030613203,0.02513901,0.02041372,0.0127983,0.004119523,0.001040092,0.046902858,0.035913005,0.026773207,0.013832983,0.002595795,0.00024957,0.020970318,0.016707169,0.013132399,0.007748725,0.002201665,0.000556401,0.028633958,0.02088722,0.014958062,0.007189137,0.001314737,0.000200065,0.043922618,0.03835046,0.03327585,0.024656426,0.012557986,0.005725725,0.06854031,0.056998678,0.046836384,0.030620066,0.011277593,0.00365002,0.02050402,0.016299754,0.012730296,0.007390683,0.002083232,0.000390826,0.02653474,0.018852474,0.012914375,0.005472728,0.000632285,4.70E-05,0.021836447,0.017558118,0.013866432,0.008311399,0.00244107,0.000495597,0.029500473,0.021560695,0.015316024,0.007080409,0.00101243,8.29E-05,0.021972964,0.017677084,0.013975691,0.008304898,0.002392384,0.000448522,0.02858801,0.02075756,0.014621369,0.006681558,0.001097591,0.000139358,0.032582458,0.026999379,0.022080312,0.014178437,0.004955982,0.001421264,0.05260493,0.0409563,0.031193655,0.01685061,0.003614299,0.000434916,0.08346231,0.0789439,0.07460258,0.06648527,0.052314617,0.04056947,0.07918757,0.07426601,0.06956508,0.06067815,0.045561194,0.03367002,0.03290079,0.033680998,0.034465631,0.036113502,0.037957687,0.040288652,0.042857345,0.042988489,0.018581717,0.019303624,0.020109124,0.021844139,0.023789517,0.026285901,0.029149781,0.030221204,0.020768839,0.021925889,0.0241031,0.026341543,0.02955878,0.033771423,0.035866029,0.036319147,0.000226064,1.98E-05,0.002432755,0.000296275,0.00107092,7.62E-05,0,0.027207462,0.022350589,0.017896159,0.014065637,0.008240554,0.002228986,0.000448686,0.030439327,0.02202488,0.015448539,0.006902999,0.000973929,5.97E-05,0.13028155,0.10268621,0.031066924,0.017583214,0.024406774,0.011931343,0.01,0.83118707,0.06938109,0.06484199,0.06051311,0.052541606,0.039181866,0.028403325,0.020169519,0.009828216,0,-0.23262325
1,17,0,14.467569,0,0.79388023,0,0.47521901,0,0.28355275,0,0.43209112,0,-0.71339875,0,-0.5909495,0,0.2246239,0,0.22677223,0,0.41134926,0,0.040189046,0,0.28782275,0.016070595,0.040081546,0.14899474,0.14376538,0.13863724,0.1287271,0.11017409,0.09322558,0.18036567,0.16990373,0.1597598,0.14050259,0.10646405,0.078131646,0.06331238,0.057904154,0.052793376,0.04330117,0.02765744,0.016376376,0.03087607,0.025361216,0.020579502,0.012921003,0.004173069,0.00103664,0.047923166,0.03678383,0.027499886,0.014290071,0.002712503,0.00026315,0.020919465,0.016638165,0.013050087,0.007734293,0.002257404,0.000553182,0.028739886,0.020974185,0.015023279,0.00713199,0.001226862,0.000171284,0.04496586,0.039309297,0.034130376,0.025334219,0.012888255,0.005890513,0.07062982,0.058814444,0.048423477,0.03191937,0.011828844,0.003910041,0.02040297,0.016197918,0.012650733,0.007339999,0.002110961,0.000398657,0.026452707,0.018794948,0.012898166,0.005470603,0.000637343,4.67E-05,0.021671377,0.017378056,0.013728677,0.008160951,0.00234027,0.00045291,0.029392075,0.021455597,0.015216174,0.006986625,0.000970471,6.79E-05,0.02178064,0.017492937,0.013809601,0.008156043,0.002322202,0.000418897,0.028506704,0.020652452,0.014519601,0.006632944,0.001033508,0.000109071,0.033407424,0.027762823,0.022739569,0.014674962,0.00514691,0.001503413,0.05474465,0.042864043,0.032794043,0.01784711,0.003896411,0.000467255,0.08155766,0.076904595,0.072478265,0.06421408,0.04997376,0.038197618,0.079854265,0.07483507,0.07003821,0.061029237,0.04563272,0.03334053,0.032999045,0.033829387,0.034571612,0.036248878,0.038111482,0.040442278,0.042980299,0.043062572,0.020263466,0.021041322,0.021802645,0.023557109,0.025509623,0.027987682,0.030788834,0.0317085,0.022572199,0.023664147,0.025851748,0.028086516,0.031298524,0.035432892,0.037433447,0.037841617,0.000227408,1.92E-05,0.002454163,0.000280771,0.001180901,8.84E-05,0,0.13860674,0.022149378,0.017694954,0.013887937,0.00812362,0.002184957,0.00042967,0.030362716,0.021926155,0.015363053,0.006814569,0.000934217,5.81E-05,0.07805041,0.053100966,0.028678538,0.015672533,0.023767933,0.011394358,0.01,0.91936994,0.068871774,0.06433964,0.060022227,0.05210376,0.038718022,0.02799717,0.019917503,0.009672462,0,1.2078189
1,18,0,-0.91716543,0,0.17213263,0,0.000582154,0,-0.1831097,0,-0.25856312,0,-0.26766201,0,-0.009304664,0,-0.19341178,0,-0.19322887,0,-0.27265414,0,0.042293485,0,-0.17097731,0.017758416,0.042152304,0.1797511,0.17468095,0.16970262,0.16001889,0.14162199,0.12451803,0.21149951,0.2013317,0.19146745,0.17265706,0.13847986,0.10892189,0.06751233,0.06199466,0.056761958,0.0470748,0.030836161,0.018876564,0.032476395,0.026787179,0.02183704,0.013850884,0.004568425,0.00116521,0.051174007,0.03958799,0.02984383,0.015753685,0.003152131,0.000330376,0.020867173,0.016617494,0.013057388,0.007741522,0.002206895,0.000557546,0.028543916,0.020801347,0.014873128,0.007117472,0.001259644,0.000186651,0.046160717,0.040402938,0.035145756,0.026138376,0.013450787,0.006201941,0.07327537,0.06128832,0.050630197,0.033508647,0.012636296,0.004156993,0.02040488,0.016214004,0.012664608,0.007347045,0.002093835,0.000403753,0.026354628,0.018740056,0.012841562,0.005436804,0.000626838,4.69E-05,0.021723093,0.017455664,0.013780543,0.008220534,0.002386212,0.000475989,0.029298846,0.021419931,0.015209918,0.007005813,0.000988059,7.70E-05,0.021832006,0.017560244,0.013879964,0.008230242,0.002372982,0.000439956,0.028384326,0.020596113,0.014498904,0.006634375,0.001064301,0.000129594,0.034734156,0.028953146,0.02380982,0.015480817,0.005520448,0.001629567,0.05752006,0.045291565,0.034850735,0.019284375,0.004373808,0.000596296,0.07974297,0.07497526,0.07038933,0.061821613,0.047167517,0.035327554,0.0813345,0.07613617,0.07114754,0.061819907,0.0458971,0.033158954,0.03310533,0.033981922,0.034680734,0.036386071,0.038266764,0.040597086,0.043104084,0.043137165,0.022390063,0.023221939,0.023937324,0.025707397,0.027663648,0.030118031,0.032846962,0.033585643,0.0248194,0.025844364,0.028037387,0.030263426,0.033461772,0.037504498,0.039401915,0.039755249,0.00025683,2.05E-05,0.002615146,0.000317434,0.001261394,9.81E-05,0,-0.1462708,0.022179283,0.017734494,0.013929549,0.008149608,0.002193241,0.000434917,0.03020072,0.021837316,0.015307302,0.006810949,0.000950819,5.73E-05,0.10871678,0.081586495,0.025934657,0.013466822,0.023228666,0.010548302,0.01,0.9360614,0.068886474,0.06438569,0.060080104,0.052168954,0.038856175,0.028105173,0.019941323,0.009693245,0,-0.54397276
1,19,0,1.1762905,0,0.32441612,0,0.064061802,0,-0.079255484,0,-0.052838739,0,-0.47910462,0,-0.55400751,0,0.001240174,0,0.053447471,0,0.072021909,0,0.041465044,0,0.12395757,0.019083302,0.04136444,0.15645733,0.15123558,0.14610077,0.13612895,0.11744586,0.10037956,0.1888412,0.17836027,0.16819598,0.1487978,0.11440834,0.085557655,0.06716886,0.061541118,0.056215204,0.046371657,0.029963415,0.018022008,0.031498436,0.02591018,0.021055423,0.013264016,0.004310443,0.001073025,0.049492087,0.038127884,0.028613279,0.014968806,0.002915578,0.000294003,0.020909322,0.016644042,0.013070769,0.007758091,0.002249146,0.000556726,0.028703542,0.020937584,0.014985552,0.007153304,0.001214486,0.000165968,0.04567213,0.039968852,0.0347181,0.025791924,0.01320637,0.006058712,0.0721195,0.060204946,0.049668904,0.032847185,0.012322858,0.004080095,0.020420376,0.016220074,0.012672577,0.007346811,0.002131583,0.000414713,0.026437297,0.018790059,0.012886307,0.005466055,0.000640211,4.85E-05,0.021650996,0.017364793,0.013712153,0.008136506,0.002338508,0.000449406,0.029321427,0.02140275,0.01518132,0.006959259,0.000966905,6.80E-05,0.02178277,0.017511498,0.013826245,0.008188076,0.002342764,0.000422743,0.028428322,0.020615667,0.014485206,0.006606435,0.001037398,0.000112466,0.034039997,0.02833251,0.023245208,0.015070664,0.005333372,0.001578068,0.056294464,0.044197805,0.033918608,0.018625742,0.004157772,0.000533819,0.07651013,0.07165447,0.067020416,0.05844762,0.043670144,0.031975687,0.08103905,0.075754054,0.070677966,0.061173808,0.044889547,0.032023445,0.033159286,0.034108491,0.034772653,0.036513082,0.038414852,0.040746943,0.043224711,0.043210348,0.021361965,0.022261212,0.022943971,0.024755252,0.026739942,0.029208512,0.031930832,0.032693507,0.023920438,0.024893636,0.027124355,0.029377837,0.032622168,0.036674137,0.038545374,0.038919943,0.000236929,1.95E-05,0.00251868,0.000282388,0.001244943,9.04E-05,0,-0.024365281,0.022109024,0.017660523,0.013870382,0.008116843,0.002188762,0.000429052,0.030248985,0.02185518,0.01531468,0.00679466,0.000930347,5.69E-05,0.08495754,0.05921669,0.022880768,0.011061634,0.02213825,0.009461558,0.01,0.9675746,0.06880143,0.06429469,0.059987,0.052052062,0.03868081,0.02796455,0.019864624,0.00965087,0,0.21983414
1,20,0,0.021249293,0,-0.48086863,0,0.10942891,0,0.036117599,0,0.073162611,0,0.1966538,0,-0.17996996,0,-0.021935521,0,0.018507921,0,-0.063138313,0,0.042455684,0,0.009613934,0.02033737,0.042385854,0.15243565,0.14713506,0.14193128,0.13182947,0.11296187,0.095745236,0.18568198,0.17504348,0.16467543,0.1450227,0.11036173,0.08148794,0.071095414,0.065443605,0.060030133,0.049960922,0.03295052,0.020413732,0.03189782,0.026258972,0.021353627,0.013484569,0.004401739,0.001099034,0.05052179,0.039020743,0.029364549,0.015451546,0.003059367,0.000313281,0.020885045,0.01663295,0.013039308,0.00772285,0.002258028,0.000572318,0.02869016,0.020938188,0.01496156,0.007156705,0.00121103,0.000163584,0.046182495,0.040453956,0.0351478,0.026125845,0.013387332,0.006137183,0.0733404,0.061346658,0.050682433,0.03364871,0.012703912,0.004201186,0.020379627,0.016202629,0.012661343,0.007339897,0.002134824,0.000416212,0.02634496,0.018712908,0.012853017,0.005468642,0.000646219,4.76E-05,0.021584949,0.017300405,0.013655319,0.008096064,0.002320862,0.000445225,0.029228628,0.021310247,0.015111786,0.006922715,0.000955073,6.51E-05,0.021756534,0.01748696,0.013801595,0.008166291,0.002320497,0.000408131,0.028351685,0.020552147,0.014446367,0.006588085,0.001028816,0.000107128,0.034552485,0.02880239,0.023660813,0.015402779,0.005489005,0.001624445,0.05753689,0.04527831,0.034869347,0.019252142,0.004362246,0.000577219,0.0749602,0.069868706,0.06505275,0.056144174,0.04085806,0.028845007,0.080549896,0.07509494,0.069872394,0.06013192,0.04341856,0.030306173,0.033246455,0.034251981,0.034875886,0.036647273,0.038568099,0.040900595,0.043347944,0.043284878,0.022289962,0.023248461,0.023890086,0.02572698,0.027724646,0.030183976,0.032858868,0.033518182,0.024972596,0.025884455,0.028132965,0.030391243,0.033644481,0.037643584,0.039441932,0.039790591,0.000242144,1.94E-05,0.002555642,0.000274998,0.001296652,9.96E-05,0,0.078221797,0.022069214,0.017625645,0.013838705,0.008099444,0.002189445,0.000428935,0.030186096,0.021803854,0.01527927,0.00677946,0.000923825,5.86E-05,0.08023951,0.05472057,0.019946443,0.008781238,0.020270891,0.008224742,0.01,0.9279768,0.06861766,0.0641118,0.059808277,0.051897172,0.03853159,0.02784812,0.019763405,0.009572645,0,0.009005006
1,21,0,-0.92843578,0,-0.20654137,0,-0.22400885,0,-0.24993655,0,-0.16755381,0,-0.50207107,0,-0.66662533,0,-0.24546806,0,-0.16686793,0,-0.21325917,0,0.04392969,0,-0.20692921,0.018948509,0.043887973,0.16933289,0.16407833,0.1589258,0.14891228,0.13005519,0.11269549,0.20339051,0.19287707,0.18264832,0.16313846,0.12811361,0.098382495,0.07554011,0.06978811,0.06428044,0.05397763,0.036410738,0.023179319,0.032928273,0.02718194,0.022169746,0.014088318,0.004667067,0.001180956,0.052702926,0.040913127,0.030961405,0.01646291,0.003377928,0.000359546,0.0209332,0.016673312,0.013084218,0.007766509,0.002250539,0.000573025,0.02858077,0.020860204,0.014921066,0.007166611,0.001219126,0.000174087,0.046946313,0.041154,0.035812188,0.026652705,0.013761953,0.006335483,0.07513271,0.06301712,0.05215788,0.03473365,0.013265043,0.004348067,0.020374723,0.016198073,0.012661627,0.007331851,0.00212427,0.000412433,0.02627413,0.018690689,0.012833056,0.005447188,0.000628691,4.51E-05,0.02156592,0.017299272,0.013641953,0.008101831,0.002317385,0.000455122,0.029123412,0.021247298,0.015076826,0.006904345,0.000967262,6.81E-05,0.021761516,0.017504102,0.013824506,0.008187177,0.002348411,0.000421884,0.028299812,0.020522028,0.014437917,0.006592278,0.001050465,0.000115381,0.035503216,0.029666686,0.024424393,0.015982538,0.005759244,0.001712888,0.059551213,0.047060184,0.03638707,0.02029079,0.004718671,0.000663684,0.07391043,0.068577155,0.06349529,0.05413722,0.038345493,0.026111268,0.08060761,0.074949495,0.06952427,0.059333283,0.041780785,0.028332174,0.033342422,0.034400186,0.034982471,0.036783475,0.038723125,0.041055529,0.043472131,0.043360031,0.02373702,0.024753012,0.025351198,0.027209439,0.029216338,0.031660016,0.034276516,0.034798493,0.026543096,0.027391118,0.029651879,0.031909194,0.03516126,0.039091635,0.040805973,0.04111668,0.000259562,2.04E-05,0.002638717,0.000291729,0.001337756,0.00011004,0,-0.40807125,0.02209196,0.017654164,0.013864472,0.008114507,0.002194697,0.000431583,0.030091656,0.021750817,0.015254841,0.006778744,0.000935232,5.81E-05,0.09683152,0.06972173,0.01727505,0.006831068,0.018437963,0.006729284,0.01,0.9118398,0.06867569,0.0641719,0.05987293,0.0519642,0.038654357,0.02793007,0.01983129,0.009621417,0,-0.29893796
1,22,0,-0.58259608,0,1.1661133,0,-0.092839647,0,0.087963592,0,-0.081483738,0,0.54132171,0,-0.72136589,0,-0.038977628,0,0.030626655,0,0.004772361,0,0.041129727,0,-0.067414292,0.018448012,0.041144263,0.16766131,0.16237289,0.1572011,0.14715555,0.12815836,0.11074939,0.20078796,0.19023272,0.17996253,0.16038436,0.12508476,0.09539555,0.07225137,0.06643945,0.060915854,0.05053192,0.033009853,0.020105023,0.031049818,0.025505818,0.020708844,0.012992297,0.00418532,0.001030666,0.048962478,0.037664555,0.028240455,0.014736395,0.00285063,0.000284596,0.020984309,0.016717387,0.013117116,0.007754463,0.002243922,0.000577702,0.028707698,0.020932356,0.014959538,0.007201953,0.00121304,0.000169061,0.045105834,0.039423674,0.034209967,0.025353188,0.012932614,0.005866431,0.07145048,0.059600722,0.04909254,0.032388076,0.01207919,0.003960422,0.020436369,0.016250283,0.012702067,0.007360489,0.002140118,0.000405421,0.02644342,0.018788496,0.01290636,0.005484454,0.000630473,4.54E-05,0.021639805,0.017368363,0.013700277,0.008140877,0.002325073,0.000453525,0.029302947,0.021383034,0.015181447,0.006942547,0.00097002,6.62E-05,0.021839002,0.017556401,0.013861312,0.008213956,0.002359381,0.000412136,0.028451646,0.020629127,0.014514741,0.006626122,0.001046073,0.000112551,0.03365769,0.027987283,0.022948908,0.014873037,0.005251262,0.001539872,0.055660155,0.04362452,0.0334466,0.018320225,0.004061045,0.000509295,0.069585785,0.06412311,0.058889784,0.04923467,0.033197615,0.021144351,0.07862305,0.07281637,0.06724821,0.05691222,0.039173264,0.02565175,0.033362471,0.034510538,0.035063917,0.036904855,0.038867457,0.041203092,0.043591548,0.043432908,0.020591241,0.02168264,0.022257542,0.02417391,0.026225502,0.02870882,0.03136301,0.032046933,0.023530594,0.024337076,0.026657588,0.028966703,0.032305268,0.036310993,0.038046874,0.038429757,0.000226624,1.92E-05,0.00240693,0.000260359,0.001201036,9.14E-05,0,-0.1506339,0.022172714,0.017721955,0.013923676,0.008154294,0.002199167,0.000432524,0.030292844,0.021901138,0.015364922,0.006822315,0.000937221,5.99E-05,0.0948628,0.067684434,0.012689181,0.003983588,0.01595783,0.00504539,0.01,0.9916673,0.06885421,0.06434815,0.060040068,0.052110218,0.03874012,0.027988292,0.019849941,0.009627719,0,-0.31367678
1,23,0,6.7667671,0,-0.52777443,0,0.49789043,0,-0.032660128,0,0.17908469,0,0.26177202,0,-0.54583265,0,0.26281264,0,-0.025727951,0,0.27014282,0,0.044293344,0,0.04754053,0.017711818,0.0443261,0.14772454,0.14218782,0.13675383,0.1262416,0.10666032,0.0889752,0.18387708,0.17290503,0.16224399,0.14192992,0.10604034,0.076209426,0.07719624,0.07128625,0.06561386,0.054931946,0.036612276,0.022591395,0.03253866,0.026829248,0.021847177,0.013835649,0.004537308,0.001131438,0.052488923,0.040706445,0.030776698,0.016342977,0.00332721,0.000346697,0.020900257,0.016632587,0.013043994,0.007729832,0.002280382,0.000581461,0.028581277,0.020850517,0.014906574,0.007128588,0.001198495,0.000167408,0.04693692,0.041184623,0.03583035,0.026662262,0.013686337,0.006247823,0.075455435,0.06327261,0.052379426,0.034878768,0.013339811,0.004462678,0.020353498,0.016175007,0.012631353,0.007323554,0.00213886,0.000412886,0.026294423,0.018663732,0.012834468,0.00545679,0.000646867,4.88E-05,0.021497227,0.017216733,0.013584161,0.008034016,0.002270979,0.000422277,0.029067073,0.021192882,0.015012968,0.006837404,0.000941027,5.21E-05,0.021695059,0.017408691,0.013726496,0.008150282,0.002286726,0.000389522,0.02825434,0.020494783,0.014389765,0.006557664,0.001000387,9.29E-05,0.035505854,0.029691061,0.024438556,0.015983483,0.005724584,0.001714847,0.05987969,0.04733047,0.03660352,0.020423345,0.004718072,0.000649544,0.069701836,0.06387466,0.058294434,0.04791438,0.030797455,0.018299736,0.08053018,0.074486695,0.06863941,0.057679687,0.038895138,0.02442617,0.033489784,0.034674795,0.035181569,0.037048086,0.039027648,0.041361902,0.043718555,0.043509624,0.023852671,0.024994581,0.02551806,0.027441374,0.029488058,0.031933948,0.034491736,0.034919799,0.026911977,0.027645943,0.029959722,0.032246667,0.035549112,0.039429644,0.041040971,0.04134158,0.00024697,1.96E-05,0.002548186,0.000283857,0.00139549,0.000115496,0,0.14297827,0.022050753,0.017610071,0.013826701,0.008097499,0.002183666,0.000421488,0.030113826,0.0217532,0.01525014,0.006755361,0.000910609,6.01E-05,0.073160626,0.047320098,0.009832174,0.002062114,0.014326744,0.003850835,0.01,0.983544,0.06841401,0.06393041,0.05963124,0.051714335,0.038295563,0.027714968,0.01968216,0.009457887,0,0.6374589
1,24,0,1.3778887,0,0.43203344,0,0.14901182,0,0.01002071,0,0.079582897,0,-0.61777551,0,0.46903423,0,0.02252329,0,-0.005311345,0,0.12785027,0,0.046960685,0,0.004583672,0.021410239,0.047021296,0.11931122,0.11348129,0.10775393,0.09669189,0.07637685,0.058701202,0.15919814,0.1477122,0.13663892,0.11572667,0.079213895,0.050149027,0.07283769,0.066711225,0.06081094,0.049852297,0.031210348,0.017311573,0.03344825,0.027635261,0.022522151,0.014323867,0.004744902,0.001191316,0.055070374,0.042947907,0.03268916,0.017576668,0.003696153,0.00038709,0.020868046,0.01661982,0.01305216,0.007725235,0.002356806,0.000565661,0.028603492,0.020892229,0.014875965,0.007047638,0.001140666,0.000144184,0.048502065,0.04264841,0.037242025,0.027822861,0.014359178,0.006601245,0.078961946,0.06649355,0.055302832,0.037136972,0.014493519,0.004991692,0.020257108,0.016072182,0.012538559,0.007253217,0.00210616,0.000405216,0.026148554,0.018558824,0.012750932,0.005455428,0.000676745,4.64E-05,0.021387957,0.017099475,0.013484172,0.007928326,0.002227465,0.000388305,0.028892983,0.021069689,0.014898275,0.006759933,0.000932709,4.05E-05,0.021504054,0.017215325,0.013574323,0.008065776,0.002178031,0.000360486,0.028084436,0.020382077,0.014305909,0.006495977,0.000953895,7.15E-05,0.037055686,0.031100232,0.025721228,0.016892169,0.006090657,0.001851124,0.063461274,0.05059611,0.039445978,0.02228565,0.005268121,0.000740798,0.06769588,0.06148056,0.055505726,0.04426671,0.025721207,0.012698173,0.08468572,0.07841466,0.07235979,0.06091868,0.04071176,0.02481498,0.033628968,0.034860902,0.035320323,0.037219086,0.039217112,0.041550643,0.043869907,0.043601348,0.026562364,0.027762365,0.028234336,0.030174589,0.03222181,0.034637331,0.037104523,0.037303917,0.029760618,0.030419715,0.032736439,0.035007683,0.038290092,0.042060233,0.043553068,0.043786665,0.000260557,1.90E-05,0.002740162,0.000303491,0.00164768,0.00013777,0,0.073541118,0.0218801,0.017459374,0.013710018,0.008027843,0.00217889,0.000417187,0.029968407,0.02163761,0.015137398,0.006683902,0.000880519,6.38E-05,0.043655284,0.021518387,0.005182819,0.000711222,0.013474083,0.00243032,0.6054088,0.6413018,0.06792402,0.06342531,0.05913867,0.051189367,0.037742477,0.027386134,0.019517098,0.009268889,0,0.15992323
1,25,0,2.1044759,0,-0.018877275,0,0.33737546,0,0.24500827,0,0.10875779,0,-0.63239206,0,-0.18757677,0,0.30709606,0,-0.00192283,0,0.19629093,0,0.049886193,0,0.039683111,0.024097867,0.049917355,0.09785985,0.091798626,0.08591439,0.07464088,0.054420225,0.037666447,0.14125797,0.12931333,0.11786666,0.0965354,0.06027113,0.033167347,0.079402775,0.073274896,0.067372695,0.056281693,0.037108887,0.022129824,0.034631595,0.028689459,0.023450766,0.014985196,0.005044136,0.00128481,0.05805314,0.045576405,0.034962926,0.019070623,0.004183246,0.000447319,0.020847896,0.016645048,0.013084244,0.007775749,0.002423436,0.000554638,0.02841976,0.020756045,0.014790889,0.006938234,0.001069236,0.000117753,0.050263897,0.044298664,0.03880186,0.029133769,0.015127734,0.00703758,0.082731955,0.07000501,0.058585428,0.039711967,0.01588603,0.005559345,0.020157333,0.015992334,0.012493691,0.00720825,0.002064716,0.000422771,0.025968779,0.018469555,0.012689907,0.005457307,0.000682918,4.33E-05,0.02131419,0.017050898,0.013446614,0.007899063,0.002199433,0.000377032,0.028734833,0.020954914,0.014798514,0.006705114,0.00091796,3.54E-05,0.021339996,0.017057616,0.013478241,0.007987083,0.002109512,0.000353963,0.027941799,0.020312168,0.014260658,0.006418266,0.000927554,5.62E-05,0.038974773,0.03278798,0.027258087,0.01805641,0.006592774,0.002011508,0.06755065,0.054307327,0.04272166,0.024543839,0.005984444,0.000870678,0.10047675,0.09442486,0.088488914,0.07709621,0.056534506,0.039394286,0.08672636,0.08042173,0.074318245,0.062741295,0.04225109,0.026011586,0.033875214,0.034994,0.035517198,0.037414507,0.039368919,0.041703855,0.043993354,0.043676599,0.029745969,0.030846497,0.031376795,0.033298435,0.035281775,0.037664698,0.04004087,0.039998013,0.032901721,0.033620494,0.035900856,0.038089058,0.041341614,0.044998312,0.046378904,0.046541151,0.000281834,1.91E-05,0.002950928,0.000352483,0.001919167,0.000153663,0,0.18417793,0.021717345,0.017335223,0.013601129,0.007955452,0.002175955,0.000411222,0.029808844,0.021525828,0.01504595,0.006621095,0.00085628,6.61E-05,0.024449188,0.007512175,0.025633618,0.00875478,0.014338663,0.002676162,0.75564647,0.6359041,0.06731281,0.06279479,0.05850033,0.05057363,0.037245296,0.027033081,0.019206049,0.009081406,0,0.57249376
1,26,0,-0.703956,0,-0.45115626,0,-0.16940815,0,-0.10161182,0,-0.43976215,0,-0.47509657,0,-0.54827046,0,-0.1813884,0,-0.33763025,0,-0.1281086,0,0.045973305,0,-0.1893298,0.025431698,0.046015922,0.12466492,0.11886983,0.11318398,0.10218009,0.0818756,0.064068206,0.16383947,0.15245186,0.14144921,0.1206063,0.08407818,0.05469406,0.08537632,0.07940139,0.073621035,0.062716186,0.043510176,0.028070908,0.032998778,0.027234057,0.022174906,0.014069935,0.004632977,0.001156667,0.053884257,0.0419163,0.0318105,0.017003778,0.003519027,0.000365762,0.020839032,0.016574267,0.013007059,0.00769466,0.002311275,0.000557791,0.028561264,0.020844752,0.014867084,0.007029874,0.001146,0.000153123,0.047939077,0.042132176,0.03675601,0.027415615,0.014109527,0.006470673,0.07753113,0.06516397,0.054093953,0.036226068,0.014024408,0.004798297,0.020288931,0.016103907,0.012562961,0.007272878,0.00211579,0.000407244,0.02620454,0.018596878,0.012780281,0.005457996,0.00067295,4.68E-05,0.021423716,0.017128028,0.013505202,0.007950868,0.002236683,0.00039304,0.028959874,0.021116015,0.014939722,0.006782452,0.000934316,4.20E-05,0.021552525,0.017258026,0.013607265,0.008080963,0.002191801,0.00036416,0.028153922,0.020426508,0.014339493,0.006522783,0.000964444,7.54E-05,0.036471266,0.030569471,0.025241164,0.01653435,0.005935831,0.001797473,0.061937336,0.04921683,0.038249053,0.021460006,0.005007975,0.000690158,0.09896816,0.092941485,0.08703497,0.0757012,0.055372894,0.038482644,0.09018683,0.0839769,0.07797868,0.06655918,0.04616579,0.029654495,0.033999718,0.035066266,0.035673733,0.037585843,0.03950372,0.041845202,0.044109049,0.043748034,0.025578272,0.026608163,0.027229372,0.029190799,0.031167876,0.033606942,0.036047379,0.036244321,0.028705653,0.029519653,0.031839508,0.034028413,0.037391086,0.041156209,0.042577525,0.042832516,0.000252716,1.89E-05,0.002684408,0.000300794,0.001564937,0.000128704,0,-0.28441488,0.021922542,0.017495582,0.013740313,0.008048274,0.002180725,0.000417678,0.030037705,0.021686798,0.015176185,0.006707978,0.000886532,6.27E-05,0.04871142,0.025568772,0.024964787,0.008502225,0.017410018,0.00404237,0.588675,0.50638086,0.06809933,0.0635996,0.05931765,0.051385954,0.03790713,0.027496994,0.019597778,0.009337428,0,-0.49146396
1,27,0,0.43445579,0,0.079925071,0,0.030321038,0,0.11637855,0,0.89786904,0,1.0576256,0,1.6422482,0,0.23157128,0,0.36682336,0,0.022641199,0,0.043231897,0,-0.14815216,0.020141738,0.04327911,0.09747528,0.09151704,0.08571467,0.074608736,0.05474421,0.038244344,0.13654037,0.12480545,0.11359893,0.092783146,0.057548616,0.03145402,0.086172976,0.08025696,0.0745329,0.06373917,0.04465049,0.02924063,0.03056502,0.025072815,0.02024881,0.012649241,0.004025554,0.000959082,0.049272012,0.037930235,0.028434858,0.014867958,0.002867735,0.000274023,0.021027984,0.016773244,0.013182417,0.007822895,0.00243008,0.000554277,0.028847659,0.021069674,0.015014457,0.007042944,0.001088582,0.000122689,0.046138063,0.04043759,0.035211425,0.026126888,0.013263867,0.006001935,0.073638126,0.061655298,0.051019054,0.03386641,0.012866654,0.004414374,0.020301946,0.016113995,0.012586062,0.007264026,0.002086804,0.000419351,0.02634024,0.018727653,0.012871628,0.005526628,0.00069403,4.58E-05,0.021458687,0.017162373,0.013533885,0.007949972,0.002215387,0.000381465,0.029129662,0.02124547,0.015003868,0.006796494,0.000929066,3.65E-05,0.021500474,0.017187448,0.013572179,0.008047208,0.0021326,0.000354702,0.028325936,0.020591214,0.014447177,0.006512927,0.000942229,5.92E-05,0.0346241,0.028869078,0.023724904,0.015332181,0.005345395,0.001611618,0.057991892,0.045771353,0.035248462,0.01935533,0.00425017,0.000504401,0.07394987,0.06784952,0.06194922,0.05073712,0.031808905,0.017693039,0.09006915,0.08391041,0.077960044,0.066593565,0.04632746,0.029904623,0.034145419,0.03514953,0.0358375,0.037761829,0.03964186,0.041989006,0.044226432,0.043820469,0.02267245,0.023627299,0.024333114,0.026324368,0.028285299,0.030765126,0.033243035,0.03359669,0.025769272,0.026672203,0.029018697,0.031193557,0.034643502,0.038479718,0.039915183,0.040238866,0.000212161,1.66E-05,0.002479545,0.00027537,0.00146091,0.000102403,0,0.51254056,0.021882076,0.017468037,0.013709638,0.008018423,0.002188147,0.000412981,0.030225825,0.021825837,0.015253077,0.006716451,0.000869725,6.58E-05,0.025186324,0.008145773,0.008578397,0.001561432,0.017701706,0.004245169,0.655045,0.5114322,0.067873545,0.063327365,0.059002828,0.05101189,0.037578985,0.027273923,0.019406173,0.009183091,0,0.66129851
1,28,0,-0.82541311,0,-0.66207889,0,-0.2369377,0,0.1968368,0,-0.39393379,0,-0.79334607,0,0.64185424,0,-0.28009172,0,-0.069563381,0,-0.084798702,0,0.043399367,0,-0.21253705,0.018812389,0.043433815,0.11598311,0.11014316,0.10441567,0.09337502,0.073186554,0.05572861,0.15401599,0.14256798,0.13153712,0.11071819,0.07470964,0.04630304,0.11340214,0.10769378,0.10213209,0.09143667,0.07191928,0.054853354,0.031275354,0.025705365,0.020822223,0.013075569,0.004203397,0.001020394,0.05019341,0.038720623,0.029104227,0.015287541,0.002992725,0.00029509,0.02090544,0.016634462,0.013066362,0.007731356,0.002342113,0.000560784,0.028772924,0.021013118,0.014972171,0.007061323,0.001157072,0.000144827,0.046345234,0.0406356,0.035374288,0.02625902,0.013403046,0.006065854,0.07395123,0.061858278,0.05115921,0.033974625,0.012895128,0.00438834,0.020324893,0.016127124,0.012581151,0.007276486,0.002115599,0.000405759,0.026342224,0.018694274,0.012851408,0.005500874,0.00068109,4.53E-05,0.021468991,0.017164899,0.013531894,0.007958149,0.002235481,0.000389419,0.029117264,0.021237517,0.015012125,0.006808025,0.000937806,3.92E-05,0.021567607,0.017264072,0.01361353,0.008082446,0.002182803,0.000358964,0.028306473,0.02054729,0.014418243,0.006546661,0.000960141,7.15E-05,0.034827143,0.029071467,0.02389614,0.015511206,0.005461179,0.001640757,0.058201212,0.045911737,0.035390105,0.01947582,0.00434809,0.000540631,0.11360889,0.10767086,0.10186859,0.090630405,0.0701044,0.052422263,0.0815026,0.075265825,0.069223866,0.057790983,0.037886072,0.022475805,0.034343635,0.035259362,0.036019245,0.037948742,0.039787997,0.042138529,0.044347739,0.043894901,0.0228908,0.023758339,0.024535185,0.026531421,0.028451915,0.030934838,0.033384422,0.033690264,0.025951203,0.026927909,0.029268548,0.031393941,0.034870583,0.038682304,0.040065875,0.040383912,0.000223629,1.77E-05,0.002502734,0.000264437,0.001410147,0.000105815,0,-0.32649615,0.0219538,0.017519629,0.01375779,0.008055872,0.002184967,0.000416636,0.03020643,0.021809697,0.015254222,0.006734973,0.000883439,6.39E-05,0.04096484,0.019456027,0.03752757,0.016646575,0.011741517,0.001938448,0.36484644,0.3323683,0.06819609,0.06367717,0.05936592,0.05138305,0.037893195,0.027496243,0.019592231,0.009306469,0,-0.45558034
1,29,0,3.2528421,0,-0.45828322,0,0.43597638,0,0.17963153,0,0.48548999,0,-0.59816527,0,-0.67081481,0,0.29848886,0,0.14681979,0,0.39352178,0,0.04344869,0,-0.019745482,0.019034558,0.043471012,0.09668732,0.09070762,0.08487898,0.07373998,0.053852193,0.03736072,0.13590328,0.12415551,0.11292843,0.09205872,0.05681116,0.030784292,0.10966734,0.10393023,0.09834359,0.087619774,0.06813845,0.05120631,0.030777043,0.025264245,0.020417076,0.0127742,0.004081292,0.000977127,0.049467508,0.038100272,0.028581217,0.014963501,0.002898941,0.000277982,0.020997519,0.016761187,0.013168592,0.007828407,0.002428902,0.000558738,0.028786074,0.0210394,0.014996539,0.007031533,0.001093201,0.000124695,0.04631428,0.040603686,0.03536491,0.026253786,0.01333473,0.006048775,0.073819935,0.061816264,0.051167116,0.03397673,0.012926379,0.004439921,0.020293487,0.01610815,0.012582634,0.007263558,0.00208929,0.0004223,0.026337164,0.018725863,0.012873388,0.005529519,0.000692473,4.40E-05,0.021464014,0.017168975,0.013540491,0.007957253,0.002219877,0.000382048,0.029130518,0.02124957,0.015007771,0.006801028,0.000931842,3.56E-05,0.02147789,0.017169815,0.013560677,0.008035673,0.00212956,0.000355479,0.028315302,0.02058063,0.014444049,0.006506436,0.00094064,5.80E-05,0.03480443,0.02902769,0.023868004,0.015436531,0.005390101,0.001627222,0.05815695,0.045916226,0.035376288,0.019444324,0.004268332,0.000506904,0.13410224,0.12827854,0.12255166,0.11142699,0.09070758,0.072253786,0.08845639,0.082272284,0.0762753,0.064855956,0.044600546,0.028310392,0.034540338,0.035368436,0.036200772,0.038135658,0.039934219,0.042288233,0.044469259,0.043969604,0.022982369,0.023762856,0.024611568,0.026613739,0.028494735,0.030982289,0.03340616,0.03367252,0.026006357,0.027057709,0.0293938,0.031471113,0.034976916,0.038768013,0.040102361,0.040417855,0.000215967,1.68E-05,0.002504064,0.000281154,0.001471855,0.000100998,0,0.050194497,0.021874212,0.017462011,0.013704619,0.008017174,0.00219013,0.000413515,0.030220846,0.02182469,0.01525236,0.006716245,0.000868585,6.58E-05,0.024363099,0.007608508,0.05616113,0.030925076,0.016376918,0.003627091,0.6082239,0.19142386,0.06786872,0.0633183,0.05899333,0.051000733,0.037575908,0.027268155,0.019386701,0.009166203,0,1.1329905
1,30,0,0.13101354,0,2.9869965,0,0.077067403,0,-0.004591169,0,-0.26932427,0,-0.69449908,0,1.3393026,0,-0.050379682,0,0.062936573,0,-0.075612035,0,0.04522164,0,0.28683318,0.020003084,0.0452213,0.09902753,0.0930263,0.087182485,0.0759934,0.05592563,0.039189626,0.13929005,0.12750682,0.11623391,0.095255435,0.059566543,0.032937407,0.0853318,0.07937135,0.07360355,0.062730655,0.043562032,0.028156906,0.03198103,0.026333893,0.02135624,0.013463613,0.004378713,0.001072486,0.051809754,0.040120624,0.030294925,0.016044198,0.003224954,0.000322725,0.020975728,0.016740976,0.013153393,0.007811661,0.002430319,0.000555631,0.028737783,0.021008704,0.014985364,0.007030346,0.001088014,0.000122587,0.047443457,0.04165349,0.03633555,0.027065862,0.013844475,0.00632708,0.07610989,0.06389457,0.053042725,0.035407387,0.013647657,0.004716581,0.020260617,0.016081376,0.012562777,0.007251765,0.002082667,0.000417156,0.026241273,0.018658033,0.012827708,0.005505787,0.000689134,4.43E-05,0.021423195,0.017137233,0.013515079,0.007941791,0.002217383,0.00038242,0.029027354,0.021174405,0.014954552,0.006773669,0.0009278,3.55E-05,0.021440556,0.01714216,0.013537791,0.008023386,0.002130198,0.000355043,0.028213851,0.020506874,0.014391203,0.006487211,0.000939226,5.83E-05,0.03598371,0.030083405,0.024821134,0.01616932,0.005719308,0.001732481,0.06055507,0.048053578,0.037224185,0.02070426,0.004674646,0.000588085,0.15598725,0.1502797,0.1446401,0.133617,0.11288998,0.09408912,0.07163407,0.06526843,0.059108738,0.047586635,0.028216293,0.014305354,0.03476851,0.03549356,0.036393049,0.038329256,0.040085246,0.042441398,0.044593335,0.044045635,0.024925317,0.025610689,0.026523489,0.028517089,0.03034372,0.032813702,0.035172873,0.035278346,0.0279089,0.029025715,0.031338409,0.033347063,0.036845449,0.040560026,0.041808151,0.042076348,0.000235578,1.77E-05,0.002629224,0.00029838,0.001580281,0.000116905,0,0.29171155,0.021837799,0.01743297,0.013681719,0.008004254,0.002185608,0.00041317,0.030115405,0.021749346,0.015198973,0.006693543,0.00086646,6.50E-05,0.025888056,0.008506734,0.07724724,0.049029175,0.0058144,0.000517986,0.62752163,0.38758612,0.06776203,0.063220866,0.05890438,0.050918374,0.03752292,0.027226957,0.019366851,0.00915841,0,1.0783573
1,31,0,1.1849653,0,0.42022541,0,0.29594009,0,0.058135833,0,0.78606406,0,2.8924637,0,0.72448568,0,0.26318337,0,0.17451388,0,0.16353886,0,0.045501944,0,0.14037487,0.021331143,0.045487963,0.08096952,0.0748353,0.068897136,0.05764981,0.038238224,0.02303368,0.12299984,0.11098705,0.099425636,0.078242704,0.043598685,0.020219443,0.08695889,0.08100504,0.07524387,0.06436609,0.045127716,0.02955782,0.031437904,0.025847241,0.020917045,0.013130542,0.004243634,0.001026107,0.05115684,0.039558325,0.02982793,0.01574859,0.003140626,0.00030716,0.020907348,0.016686376,0.013112848,0.007757918,0.00239534,0.000524362,0.028719146,0.020885795,0.014884763,0.006934431,0.001049297,0.000121784,0.0474686,0.041710127,0.036421474,0.027148066,0.013797603,0.006337483,0.07625445,0.064088546,0.053305566,0.035620395,0.013761646,0.004776702,0.020242412,0.016066123,0.012540654,0.007235021,0.002048787,0.000439419,0.026255544,0.018693173,0.012869433,0.005568531,0.000689229,3.65E-05,0.02146531,0.017175524,0.013536174,0.007995472,0.00220244,0.000371083,0.029039305,0.021189487,0.014943002,0.006782783,0.000918242,3.12E-05,0.021353448,0.017086219,0.013481731,0.007980287,0.002091973,0.000362649,0.028255207,0.02054986,0.014444865,0.006450262,0.000927691,4.90E-05,0.036121186,0.030168382,0.024891429,0.016174948,0.005700762,0.001687369,0.060822025,0.048305035,0.03743028,0.020830961,0.004651223,0.000565331,0.11855469,0.11258545,0.10674115,0.09540332,0.07450956,0.0563826,0.06123796,0.054753426,0.04856597,0.037096206,0.018804,0.007300658,0.034970227,0.035605718,0.03657685,0.038517927,0.04023292,0.042592333,0.044715835,0.044121049,0.02526522,0.02586237,0.026845975,0.028843587,0.030628609,0.033100225,0.03542831,0.035477908,0.02821186,0.029401922,0.031707617,0.033665633,0.037188027,0.04087469,0.042069381,0.042328918,0.000225954,1.67E-05,0.002633003,0.000329434,0.001650859,0.000104263,0,-0.088415437,0.02174334,0.017347367,0.013606974,0.007960653,0.002186731,0.000409198,0.030115586,0.021752067,0.015193532,0.00667892,0.000848241,6.71E-05,0.012203691,0.001845228,0.040997554,0.018900055,0.001937788,4.45E-05,0.80501056,0.4732122,0.06723961,0.06271289,0.058398265,0.050438147,0.037196726,0.026923187,0.018994728,0.008938666,0,0.89079911
1,32,0,-0.43063063,0,-0.59129671,0,-0.021262086,0,-0.18878017,0,-0.26723115,0,-0.3536553,0,0.34328916,0,-0.10339851,0,-0.10764476,0,-0.15217289,0,0.042939052,0,-0.17445534,0.020073522,0.042929206,0.08597916,0.07993387,0.07406119,0.06287471,0.04334393,0.027679149,0.1258128,0.11392801,0.10254191,0.081671335,0.047101628,0.023053773,0.093812875,0.087973826,0.082292765,0.07151271,0.0522546,0.036226697,0.030213863,0.024762802,0.019972535,0.012448545,0.003953901,0.000939125,0.048230276,0.037047308,0.027702047,0.014423083,0.002741515,0.000253982,0.020933066,0.01670133,0.013128051,0.007808622,0.002440982,0.000555706,0.028839912,0.021031061,0.014994749,0.007019123,0.001086876,0.000125775,0.045957677,0.040304154,0.03509986,0.02603733,0.013144715,0.005969869,0.072823815,0.060951356,0.05046025,0.033418227,0.012637449,0.004353819,0.020298855,0.016102148,0.012584398,0.007253354,0.002069239,0.000433421,0.026371216,0.018766347,0.012916645,0.005572759,0.000691657,3.93E-05,0.021492438,0.01719326,0.013558621,0.007986841,0.002211047,0.000376069,0.0291875,0.02129426,0.015026385,0.006809745,0.000925796,3.32E-05,0.0214366,0.017135898,0.01353139,0.008014231,0.002110487,0.000359844,0.028387837,0.020636648,0.014499229,0.006495914,0.000936298,5.23E-05,0.034493983,0.028728455,0.023608075,0.015200702,0.00526288,0.001570227,0.057237204,0.045100216,0.03466933,0.01896173,0.004090279,0.000459603,0.10663486,0.1006193,0.09473057,0.0833439,0.062621966,0.045114055,0.05666223,0.050205566,0.04407136,0.032858234,0.015389857,0.005165581,0.035121499,0.035692813,0.036744142,0.038696816,0.040373673,0.042738519,0.044835441,0.044195038,0.022552031,0.023074628,0.024141064,0.026166683,0.027934567,0.030444461,0.032806275,0.032999943,0.025468315,0.026746422,0.029076159,0.031016836,0.034624137,0.03837493,0.039575176,0.039900367,0.000207811,1.61E-05,0.002458231,0.000288666,0.001474975,9.56E-05,0,-0.11488829,0.021827474,0.017420081,0.013664369,0.007994907,0.002192149,0.000411229,0.030276153,0.021865407,0.015277494,0.006719551,0.000859641,6.69E-05,0.016058955,0.00325611,0.030715525,0.011944555,0.001099361,1.18E-05,0.68830323,0.20690182,0.06761426,0.0630651,0.058731537,0.050751343,0.03741393,0.02711265,0.019183239,0.009049043,0,-0.34693871
1,33,0,-0.52585045,0,-0.40858096,0,-0.30737233,0,-0.095679082,0,-0.29072496,0,1.8488959,0,0.074088022,0,-0.20849997,0,0.017773244,0,0.13818768,0,0.04398899,0,-0.14193914,0.018613963,0.043960694,0.10135209,0.0953794,0.089541756,0.07837671,0.058255855,0.041366052,0.14072965,0.1289964,0.11777638,0.09687318,0.061258994,0.0344438,0.10291422,0.09711145,0.09147421,0.080691315,0.061246075,0.04461551,0.031451605,0.025865102,0.020947916,0.013170161,0.004255354,0.001035918,0.050261904,0.038790345,0.029167768,0.015336263,0.003012097,0.000295256,0.020972874,0.016721416,0.013145419,0.007797098,0.00241636,0.000557144,0.028860588,0.021086514,0.015049993,0.007079086,0.001111758,0.000126077,0.046757035,0.04100259,0.0357382,0.02656794,0.013542773,0.006150222,0.07428175,0.062217645,0.051503826,0.034238387,0.013031936,0.00447082,0.020284459,0.016104668,0.012581528,0.007265089,0.002092254,0.000414711,0.026312245,0.018700887,0.01285355,0.005519052,0.000691318,4.59E-05,0.021448975,0.017154776,0.01353041,0.007951286,0.002221176,0.000382549,0.029120112,0.021244824,0.01500973,0.006797756,0.000929996,3.63E-05,0.021472003,0.017168367,0.013553899,0.008038777,0.002136949,0.000354793,0.028297829,0.0205661,0.014423326,0.006511462,0.000944635,6.06E-05,0.03525832,0.0294398,0.024235396,0.01572852,0.005526829,0.001669543,0.058662567,0.046366047,0.03576943,0.01971182,0.004365516,0.000526421,0.08001901,0.07378694,0.067749515,0.056306385,0.036440372,0.021288512,0.060278732,0.053823426,0.047672506,0.036285944,0.01822942,0.006963983,0.035337856,0.035812621,0.036933274,0.038889114,0.040524112,0.042891694,0.044959658,0.04427151,0.023718082,0.024148894,0.025282721,0.027305983,0.029025663,0.031527329,0.0338406,0.033924199,0.026595708,0.027942937,0.030257372,0.032138287,0.035753149,0.039450908,0.040581088,0.040877074,0.000228126,1.75E-05,0.002542051,0.000286051,0.001482602,0.000105824,0,-0.20150938,0.021870092,0.01745747,0.013701302,0.008014731,0.002185126,0.000414296,0.030207537,0.021816518,0.01525021,0.006720977,0.000873873,6.51E-05,0.027842786,0.009744819,0.010961405,0.002175166,0.001817484,4.45E-05,0.47447932,0.08951516,0.067856535,0.06332183,0.058994923,0.051003505,0.03759685,0.027272845,0.01941097,0.009183082,0,-0.50918195
1,34,0,-0.74621941,0,0.51018899,0,-0.19371325,0,-0.054885537,0,-0.36165307,0,-0.50482542,0,0.099348443,0,-0.30619962,0,-0.26142547,0,-0.36235975,0,0.045227043,0,-0.17910091,0.020320462,0.045178875,0.1224634,0.1166251,0.11089551,0.09980996,0.079408295,0.061536144,0.16132501,0.14986323,0.13882259,0.11794224,0.081424035,0.052207917,0.08736976,0.08142099,0.07566392,0.064791575,0.04555116,0.029951558,0.032836366,0.027093796,0.022053067,0.013990566,0.004609081,0.001151891,0.05260968,0.040817995,0.030879263,0.016420057,0.003345735,0.000343549,0.020871986,0.01661147,0.013038206,0.007707605,0.002316006,0.000558251,0.028666476,0.02094078,0.014937678,0.007046957,0.00115691,0.000152727,0.047645323,0.04184962,0.036498707,0.027199002,0.01397951,0.00639601,0.076015286,0.063744895,0.052829742,0.03525171,0.013519436,0.004599892,0.020297062,0.016107721,0.012570699,0.007276451,0.002118468,0.000408342,0.026261102,0.018635767,0.012809688,0.005483571,0.000677777,4.64E-05,0.021433538,0.017138079,0.013513315,0.007952068,0.002238476,0.000391893,0.0290436,0.02118397,0.014982266,0.006796318,0.000936188,4.06E-05,0.021529544,0.01723858,0.013586942,0.00806706,0.002185173,0.000364813,0.028218271,0.020474391,0.014368514,0.00653156,0.000962172,7.38E-05,0.03615641,0.030282822,0.024980508,0.016334789,0.005839906,0.001762857,0.06037239,0.04782361,0.037046976,0.020625936,0.004729359,0.000622596,0.07483829,0.06855057,0.062480148,0.051045492,0.031557232,0.017138382,0.061009604,0.054523993,0.048344135,0.036880963,0.018644875,0.007179608,0.035558261,0.035934823,0.03712413,0.039082581,0.040675494,0.043045592,0.045084476,0.044348353,0.02508634,0.025424269,0.026624792,0.028644017,0.030313701,0.032804714,0.035065055,0.035025138,0.027924846,0.029340149,0.031637221,0.033456369,0.037074566,0.04071363,0.041770858,0.042032974,0.000252605,1.90E-05,0.002650697,0.000292599,0.001501706,0.000121842,0,-0.19996386,0.02192143,0.017492557,0.013737031,0.00804465,0.002180547,0.000416918,0.030118586,0.02175001,0.015218615,0.006729029,0.000888727,6.27E-05,0.04622764,0.023470948,0.008022551,0.001332351,0.001882745,4.34E-05,0.12151083,0.036633044,0.068107076,0.06359911,0.059304018,0.05136115,0.037881877,0.027486593,0.019578455,0.009315609,0,-0.55590472
1,35,0,0.15209599,0,-0.15084915,0,0.005462121,0,-0.093884239,0,0.034481678,0,-0.45507968,0,0.12775323,0,0.07134348,0,0.15609548,0,-0.017385128,0,0.042842653,0,0.086708834,0.020207737,0.04279803,0.12110302,0.11527584,0.10955858,0.09850155,0.078220285,0.060494337,0.15846848,0.1470647,0.13605696,0.11528762,0.079171516,0.05032785,0.09215882,0.086302735,0.08061259,0.06982713,0.050600037,0.0346941,0.031364955,0.025786987,0.020905241,0.013142092,0.004240196,0.001036355,0.049449403,0.0380877,0.028580911,0.01496861,0.002904526,0.00028466,0.020933919,0.01665714,0.013081628,0.007739399,0.002325876,0.000559355,0.028815407,0.021054454,0.015019989,0.007072355,0.001161729,0.000150664,0.046169326,0.040475372,0.03522856,0.02614512,0.013326864,0.006036541,0.072779834,0.060770366,0.050174713,0.033239968,0.012505772,0.004228142,0.020343686,0.016143795,0.012596441,0.007289402,0.002121052,0.00040841,0.026390042,0.018724231,0.012869463,0.005509544,0.00067744,4.64E-05,0.021484973,0.017178157,0.013545015,0.007971469,0.002243632,0.000392743,0.029185465,0.021287087,0.015055972,0.00682896,0.000938485,4.11E-05,0.021582494,0.017279688,0.013617988,0.008084743,0.002188693,0.000364154,0.02834827,0.020569082,0.014435573,0.00656252,0.00096527,7.40E-05,0.034642696,0.028903674,0.023743743,0.015401872,0.005426953,0.001621962,0.05702216,0.04485548,0.03448541,0.018886471,0.004178505,0.000505755,0.08501272,0.07887317,0.072915204,0.061520193,0.04156125,0.025881734,0.05964269,0.05321174,0.04707792,0.035766993,0.017876487,0.00677193,0.035714188,0.036024723,0.037293894,0.039263459,0.040818005,0.043193311,0.045205273,0.044423318,0.022565707,0.02282867,0.024110811,0.026156409,0.027807713,0.030334538,0.032624528,0.032716258,0.02537348,0.026875996,0.029194864,0.030993964,0.034693938,0.038390573,0.039447225,0.039771093,0.000227412,1.80E-05,0.002487454,0.000264937,0.001349859,0.000105189,0,-0.028372626,0.021974523,0.017534366,0.01376977,0.008063998,0.002185818,0.000418378,0.030266378,0.021857472,0.015294042,0.006763474,0.000892971,6.29E-05,0.045336507,0.022829523,0.014493459,0.003489778,0.001732835,3.37E-05,0.06714439,0.01,0.068253,0.06373673,0.059434183,0.05147014,0.037959814,0.02753912,0.019621747,0.009332301,0,0.16927253
1,36,0,0.83975252,0,0.7117608,0,0.20171309,0,0.12470082,0,0.26144404,0,1.4941157,0,0.066245602,0,0.07723114,0,0.25034036,0,0.35809278,0,0.046613593,0,0.10459028,0.019102612,0.04652919,0.1060033,0.10002579,0.09418485,0.082940295,0.06260055,0.045379985,0.14667444,0.13492894,0.12365019,0.10257996,0.066436246,0.038671948,0.0828845,0.076854855,0.07105118,0.060085643,0.04093082,0.02569076,0.0333266,0.027533105,0.022427918,0.014257195,0.004733744,0.0011896,0.053740144,0.041800365,0.03172545,0.016972778,0.003521442,0.000363338,0.020911977,0.01667936,0.013118107,0.007785052,0.002410564,0.000558368,0.028701762,0.02096359,0.01494809,0.007028079,0.001127097,0.000130714,0.04848508,0.04262333,0.03722709,0.027821623,0.014334258,0.006588375,0.07762112,0.06526087,0.054251883,0.03633263,0.014104014,0.004865015,0.02023289,0.01605853,0.012540566,0.00724242,0.002089906,0.000411183,0.026174467,0.018590828,0.012774994,0.00548568,0.000684745,4.53E-05,0.021383988,0.017102757,0.013484571,0.007923865,0.002213785,0.000382486,0.028949605,0.021113453,0.014915942,0.006750343,0.000922992,3.74E-05,0.021433929,0.017140644,0.013531113,0.008030734,0.002138724,0.000352842,0.028144117,0.020449836,0.014340958,0.006485923,0.000942718,6.29E-05,0.037050508,0.031064952,0.025703186,0.016859485,0.006046726,0.001836564,0.062123973,0.04944118,0.03843456,0.021557536,0.004983313,0.000658076,0.07710648,0.07086082,0.06484492,0.053410575,0.03380361,0.019055657,0.06635268,0.059902914,0.053687125,0.04206547,0.023129277,0.010318443,0.036006977,0.036197194,0.037533109,0.03950217,0.041007949,0.043381743,0.045357857,0.044517219,0.026642625,0.026800072,0.028144663,0.030168021,0.031743304,0.034225234,0.036400021,0.036182924,0.0294143,0.030976916,0.033253057,0.034960454,0.038608697,0.042163043,0.04308891,0.043312135,0.000261404,1.88E-05,0.002741957,0.000311873,0.001634614,0.000129528,0,0.13052052,0.02182055,0.017416574,0.013670672,0.007997258,0.002178883,0.000413896,0.030044982,0.021700885,0.015170105,0.006688352,0.000872693,6.44E-05,0.03132119,0.012115697,0.009342404,0.001642422,0.0033747,0.000152108,0.6221644,0.62953514,0.06770591,0.063193366,0.05888396,0.050906394,0.037518047,0.027222691,0.019395892,0.009180509,0,0.015898959
1,37,0,-0.4007932,0,0.096119911,0,-0.028099776,0,0.081547569,0,-0.27081479,0,-0.66091301,0,0.73808321,0,-0.14234261,0,-0.018527795,0,0.031634518,0,0.048020612,0,-0.20779708,0.024950857,0.047903616,0.10888519,0.10291088,0.097067595,0.08579643,0.06535127,0.04793077,0.1504902,0.13874091,0.12743273,0.10627589,0.06979334,0.041481063,0.08445483,0.078416646,0.07259566,0.061592292,0.042302072,0.026866354,0.034194276,0.02830956,0.023120653,0.014766802,0.004959023,0.001264019,0.055681035,0.043496218,0.033178307,0.017916594,0.003821621,0.000402596,0.020856258,0.016622012,0.013059591,0.00772978,0.002390806,0.00055391,0.02863183,0.020915339,0.014902316,0.007012265,0.001136891,0.000137001,0.04926016,0.04335324,0.03789711,0.028390368,0.014695784,0.006788898,0.07945496,0.06694944,0.055764403,0.037491597,0.014702937,0.005084708,0.02020569,0.016037885,0.012521463,0.007232165,0.002089008,0.000409266,0.0260974,0.018533101,0.012731645,0.005465592,0.000681543,4.51E-05,0.0213586,0.017083663,0.013467954,0.007915864,0.002212633,0.000382291,0.028871277,0.021057688,0.014877625,0.006734392,0.000921571,3.76E-05,0.021413384,0.0171263,0.013518021,0.008024715,0.002139629,0.000351231,0.02807145,0.020393187,0.014302417,0.006473068,0.000942952,6.42E-05,0.037861876,0.031807847,0.026371462,0.0173748,0.006290142,0.001917525,0.064055614,0.051151216,0.03993522,0.022613764,0.005344574,0.00074021,0.10597728,0.09992619,0.09398568,0.08256786,0.06183605,0.04431808,0.061232477,0.054677878,0.048412547,0.036808196,0.01835788,0.006888327,0.036047922,0.036379898,0.037665159,0.039660775,0.041178599,0.043518656,0.045471767,0.04458893,0.027944134,0.028246511,0.029539722,0.031582165,0.03316007,0.035594055,0.037719389,0.037376791,0.030896986,0.032397384,0.034689682,0.036440715,0.04001521,0.043515543,0.044372068,0.04456229,0.000277991,1.95E-05,0.002831956,0.000324674,0.001722575,0.000141479,0,-0.085468808,0.021801397,0.017400712,0.013659059,0.00799097,0.002175111,0.000413729,0.029961843,0.021640755,0.015128376,0.006673492,0.00087246,6.42E-05,0.033561897,0.013658493,0.029999038,0.011371497,0.001703754,2.70E-05,0.5516777,0.6436642,0.067658246,0.063154146,0.058851734,0.050881796,0.037502777,0.027217016,0.019399615,0.009189748,0,-0.41026273
1,38,0,2.2342699,0,0.27082485,0,0.49707901,0,0.30590511,0,0.034406821,0,0.67769311,0,0.23447372,0,0.35695088,0,0.63325675,0,0.53329294,0,0.052184027,0,0.14560082,0.027832846,0.05201479,0.10417961,0.09809332,0.09215749,0.08076162,0.0600961,0.04277737,0.14905581,0.13708507,0.12554914,0.10403106,0.06706279,0.038708024,0.0802059,0.074040875,0.06810153,0.056903034,0.0375227,0.022393107,0.03660215,0.030479807,0.025053797,0.016202614,0.005602546,0.001477987,0.06110374,0.048295014,0.037304897,0.02066251,0.004736401,0.000529798,0.020835243,0.016612982,0.01305878,0.007752742,0.00240007,0.000549681,0.028426658,0.020780161,0.014821176,0.006972754,0.001091262,0.000129494,0.051770926,0.04573555,0.040118285,0.030264381,0.01586161,0.007448779,0.08505829,0.072190225,0.06054092,0.04122638,0.016676698,0.005850218,0.020119896,0.015968889,0.012476102,0.007200581,0.00207022,0.000418393,0.025886398,0.018397316,0.012640761,0.005437007,0.000679139,4.48E-05,0.021274038,0.01701596,0.013418604,0.007883642,0.002198749,0.00037853,0.028633468,0.020883862,0.014752126,0.006673094,0.000910375,3.60E-05,0.02130087,0.017029304,0.013450072,0.007973063,0.002112555,0.000351991,0.027845418,0.0202375,0.014200516,0.006404075,0.000927333,5.87E-05,0.04054634,0.034222543,0.02855851,0.019078596,0.007083999,0.002183254,0.07000786,0.05652206,0.04468066,0.025967084,0.006502383,0.001000148,0.07887321,0.07258073,0.06651378,0.054998267,0.035004422,0.019992039,0.062915124,0.05626507,0.04988148,0.038069498,0.019143865,0.007270734,0.036138526,0.036587502,0.037814009,0.039829641,0.041356673,0.043660926,0.045589273,0.044662543,0.032205431,0.032639469,0.033870116,0.035908469,0.037464696,0.039814763,0.041826976,0.041163018,0.035334003,0.036758009,0.039036634,0.040799789,0.044242948,0.0476044,0.048343957,0.048435241,0.000327234,2.08E-05,0.00314752,0.000384529,0.00204128,0.000171241,0,0.11407818,0.021683486,0.017309584,0.01358531,0.007946605,0.002169025,0.000409499,0.029715251,0.021464346,0.015001643,0.006612364,0.000858952,6.43E-05,0.028741194,0.010107635,0.009955835,0.001770283,0.001822631,3.62E-05,0.7105354,0.69769263,0.06725033,0.06274505,0.058459345,0.050546102,0.03724709,0.027032679,0.01922709,0.009097442,0,1.6514117
1,39,0,-0.73524825,0,0.59108286,0,-0.026873213,0,0.2671855,0,-0.30914343,0,-0.073219795,0,0.056281556,0,-0.12966674,0,-0.027978881,0,-0.22838147,0,0.051046304,0,-0.12661202,0.027678112,0.05086172,0.13221993,0.1263823,0.12064911,0.10952152,0.08886056,0.070586205,0.17454581,0.16304845,0.15195605,0.13087417,0.09349691,0.06302997,0.07411817,0.06789938,0.061941173,0.05080318,0.0317979,0.017567739,0.036508493,0.030414727,0.024996946,0.016195318,0.005600967,0.001477488,0.060570695,0.04778883,0.036861334,0.0203497,0.004633668,0.000523284,0.02076951,0.016530063,0.012976752,0.007668496,0.002267224,0.000554445,0.028290663,0.020656873,0.014741756,0.006971506,0.00115397,0.000167419,0.051050775,0.04505066,0.03948201,0.029690668,0.01554668,0.007290076,0.08356374,0.07082387,0.05919165,0.040136263,0.016077345,0.005553028,0.020201083,0.016035127,0.012510373,0.007244814,0.002115002,0.000407642,0.025962684,0.018422985,0.012666348,0.00542098,0.000664194,4.68E-05,0.021326927,0.01705263,0.013448207,0.007921171,0.00223166,0.000394459,0.028696952,0.020925373,0.014809886,0.00671851,0.000922528,4.17E-05,0.021451388,0.017180508,0.013543558,0.00803946,0.002187389,0.000364936,0.027898459,0.020235864,0.014204379,0.006464579,0.000958185,7.75E-05,0.03969378,0.033502456,0.02791598,0.018568136,0.006902317,0.002136298,0.06834718,0.054988652,0.04326708,0.025018908,0.006230455,0.000977148,0.076131254,0.06987569,0.063840225,0.052397788,0.032790057,0.018254815,0.062921196,0.056327794,0.050002247,0.038292456,0.019508494,0.007624919,0.036135329,0.036748465,0.037931741,0.039980036,0.041521644,0.043794186,0.045700734,0.044733288,0.030772511,0.031364612,0.032553672,0.034632745,0.036214108,0.038549228,0.040570163,0.039961041,0.034088487,0.035463294,0.037785354,0.039620618,0.043045063,0.046431707,0.047149201,0.047269627,0.000327779,2.17E-05,0.003051937,0.00036244,0.001871092,0.000168759,0,-0.21624596,0.02182322,0.01741762,0.013679429,0.008012077,0.002168627,0.000414902,0.029767247,0.021497857,0.0150444,0.006661501,0.000883873,6.08E-05,0.054634266,0.030073375,0.008815105,0.001472294,0.002029723,5.62E-05,0.52099,0.78316015,0.06779917,0.06332643,0.059062667,0.051186055,0.03778282,0.027397921,0.01952537,0.009316752,0,-0.24455346
1,40,0,-0.69638657,0,-0.052814942,0,-0.12295832,0,-0.33136262,0,-0.1828987,0,-0.54637722,0,-0.14313331,0,-0.20865045,0,-0.020311791,0,-0.2192817,0,0.050041243,0,-0.18047061,0.026976516,0.04984047,0.12370274,0.11782432,0.11204408,0.10084292,0.08021676,0.062183324,0.16600065,0.15439205,0.14321838,0.12209857,0.084928446,0.055060983,0.07565679,0.06949446,0.06359112,0.0525053,0.033508264,0.019092029,0.035540257,0.029531596,0.02421315,0.015597041,0.005326068,0.001388504,0.058829583,0.046256643,0.035549555,0.01947845,0.004339194,0.000476585,0.020776775,0.016533865,0.012988645,0.007686549,0.002322093,0.000560408,0.028429806,0.02076972,0.014808801,0.006988955,0.0011482,0.00015751,0.050253898,0.044296037,0.038779214,0.02910346,0.015169105,0.007066055,0.08209084,0.06943285,0.057936747,0.039160717,0.015553806,0.005379099,0.02021317,0.0160414,0.012517652,0.007241177,0.002110489,0.000406007,0.026020264,0.018466663,0.012693593,0.005440548,0.00066893,4.57E-05,0.021345431,0.017065676,0.013455617,0.007916313,0.002227154,0.000389848,0.028757446,0.020972682,0.014832038,0.006720302,0.000922976,3.98E-05,0.021442784,0.017167307,0.013535347,0.008034324,0.002172813,0.000359254,0.027959453,0.020289406,0.014238191,0.006472941,0.000952398,7.32E-05,0.038862456,0.032743234,0.027216975,0.018030953,0.006622254,0.002038785,0.06678055,0.05358234,0.042045172,0.024134826,0.005899216,0.000886167,0.086705625,0.08057725,0.07462784,0.063223734,0.043144032,0.027334666,0.06704737,0.06055313,0.054314338,0.042656478,0.023595586,0.010666474,0.036134364,0.036910994,0.038050453,0.040131253,0.041687301,0.043927967,0.045812876,0.044804396,0.029483099,0.030232554,0.03137945,0.033498164,0.035103353,0.037421828,0.039448662,0.038884657,0.032986106,0.034310864,0.036675147,0.038581147,0.041983813,0.045391809,0.046084288,0.046231425,0.000305999,2.10E-05,0.002950542,0.000344435,0.00181138,0.000158707,0,-0.20087697,0.021824911,0.017415905,0.013679066,0.008009449,0.002169925,0.000413446,0.029836772,0.021548642,0.015073104,0.006667242,0.0008791,6.20E-05,0.04670694,0.023649234,0.015677197,0.003902377,0.003561419,0.000169613,0.313075,0.7734103,0.06779862,0.06331111,0.059032608,0.05111623,0.037706252,0.027363643,0.019502958,0.009278337,0,-0.61741763
1,41,0,-0.077339644,0,0.88639707,0,-0.099261611,0,-0.053748681,0,-0.17293259,0,2.3424501,0,0.044266508,0,0.11619875,0,-0.094799959,0,0.041967222,0,0.048177365,0,0.08833125,0.026258273,0.04796673,0.13207583,0.12625538,0.12054764,0.10948336,0.08894793,0.07081953,0.1727483,0.16133592,0.15031445,0.12935941,0.092318036,0.062151555,0.07288526,0.06674185,0.060860556,0.049876027,0.031180048,0.017273804,0.034418985,0.02851668,0.023320409,0.014938268,0.005029473,0.00129221,0.05648958,0.044204224,0.033782188,0.018309155,0.00395691,0.000425384,0.020790009,0.0165327,0.012976828,0.007675155,0.002261129,0.000550834,0.028416209,0.020740598,0.014803482,0.007012545,0.001156201,0.000169027,0.048971854,0.043095622,0.03765063,0.028156815,0.014573939,0.006742429,0.07950877,0.06702258,0.05573202,0.037476167,0.014660975,0.005013328,0.020279596,0.01609645,0.012562717,0.00727993,0.002131534,0.000409958,0.026125554,0.018536666,0.01274921,0.00545604,0.00066476,4.69E-05,0.021406071,0.017116377,0.013501735,0.007957692,0.002247148,0.000397153,0.028870657,0.021051746,0.014903402,0.006761995,0.000928295,4.21E-05,0.021529632,0.017246073,0.013595093,0.008065969,0.002199029,0.000367004,0.028065046,0.020353768,0.014285151,0.006504234,0.000965705,7.86E-05,0.03752487,0.031528387,0.026112948,0.017198876,0.006249702,0.001906419,0.06403626,0.051095206,0.039870683,0.022608241,0.005399942,0.000780958,0.06512922,0.0589107,0.0529295,0.041757245,0.023608001,0.011316046,0.063446514,0.056974184,0.050797384,0.039307762,0.02082837,0.008761052,0.036119008,0.037066288,0.038164806,0.040279852,0.041851324,0.044060604,0.045924204,0.044875333,0.027274742,0.028184468,0.029293218,0.03145837,0.033094981,0.035407889,0.037460194,0.037002202,0.030965086,0.032244638,0.034660393,0.036647462,0.040045759,0.043501724,0.044183485,0.044379877,0.000284116,2.05E-05,0.002798198,0.000324682,0.001652245,0.000141394,0,-0.17653921,0.021907363,0.017485118,0.013733273,0.008045172,0.002177332,0.00041727,0.029949374,0.021630906,0.015138514,0.006707043,0.00089124,6.10E-05,0.054967426,0.030506698,0.004530038,0.000607234,0.002625778,8.26E-05,0.30266514,0.8633057,0.068078436,0.063592464,0.05930757,0.051407777,0.03796534,0.027523898,0.019610599,0.009365008,0,-0.14877707
1,42,0,-0.28651561,0,-0.34970781,0,0.015322967,0,0.30040489,0,-0.030814516,0,0.64960407,0,-0.2824995,0,-0.18249586,0,0.025756726,0,-0.049081945,0,0.047003552,0,-0.13158131,0.02480553,0.046778426,0.1267268,0.12089494,0.11516406,0.10407859,0.08361827,0.06562841,0.16705418,0.15560588,0.14456737,0.12361953,0.08677657,0.057054043,0.07816812,0.07211725,0.066302486,0.055384114,0.036455914,0.021847932,0.033444047,0.027639857,0.022541285,0.014357185,0.00477583,0.001209224,0.05469563,0.042636186,0.032439526,0.017432097,0.003673901,0.000385985,0.020842694,0.016572839,0.013007585,0.007688611,0.002278239,0.000548551,0.0285299,0.020828754,0.014848932,0.007016305,0.001158574,0.000167451,0.048092317,0.042275123,0.036890328,0.027521947,0.014175977,0.006514873,0.077856265,0.06546664,0.054343373,0.036420345,0.014114922,0.004815437,0.020295367,0.016108423,0.012573266,0.007280646,0.00212741,0.000407624,0.026183892,0.018578142,0.012775747,0.005471826,0.000668014,4.66E-05,0.021427121,0.017133838,0.013511162,0.007958728,0.00224407,0.000394942,0.028939936,0.021102948,0.01493124,0.00677132,0.000930165,4.09E-05,0.021536255,0.017245827,0.013595828,0.008064904,0.002191272,0.000363453,0.028135775,0.020408053,0.014321595,0.006517974,0.000963827,7.59E-05,0.036613494,0.03070032,0.025357096,0.016624633,0.005975313,0.001811278,0.062279373,0.049524117,0.03851016,0.02165095,0.005067081,0.000700736,0.05911192,0.052933335,0.047006063,0.03610742,0.018911202,0.008079427,0.07067036,0.06432351,0.058194876,0.046767548,0.027698677,0.014060306,0.036116131,0.037228166,0.038283532,0.040431338,0.042017398,0.044194919,0.046036786,0.044946907,0.025808245,0.026874959,0.027942697,0.03014853,0.031810306,0.034108832,0.036170733,0.03576953,0.029684598,0.030915181,0.033375118,0.0354354,0.03881474,0.04229742,0.04295594,0.043185325,0.0002655,1.98E-05,0.002703892,0.000305781,0.001584775,0.00013241,0,-0.13502923,0.021923888,0.017496316,0.013743604,0.008049719,0.002179791,0.000416777,0.030029759,0.021687841,0.015175489,0.006718855,0.000889775,6.16E-05,0.05007907,0.026552795,0.002819833,0.0003139,0.0056981,0.000508494,0.2084457,0.7995517,0.0681278,0.063623875,0.05933315,0.051411103,0.03794576,0.027526312,0.019620677,0.009357157,0,0.21601122
1,43,0,-0.82181996,0,-0.2660629,0,-0.094313044,0,0.35109098,0,-0.23794946,0,-0.20610949,0,0.10264923,0,-0.19076807,0,-0.15757783,0,-0.24400236,0,0.05250186,0,-0.14539517,0.024813729,0.052212656,0.15876864,0.15311806,0.14755827,0.13673688,0.11630165,0.09773853,0.20107114,0.18996525,0.17915083,0.15836562,0.12077462,0.0891486,0.08541996,0.079311624,0.073419444,0.062299132,0.042785533,0.027148407,0.03750263,0.03132443,0.02580925,0.016838461,0.00590157,0.001582083,0.06316122,0.05008045,0.038837556,0.021705313,0.005099952,0.00060874,0.020709777,0.016480945,0.012931333,0.007647899,0.002231357,0.00056125,0.028095672,0.020493288,0.01461984,0.007000341,0.00116699,0.000164994,0.0515105,0.04547942,0.03986265,0.0299835,0.015801936,0.007482962,0.085257046,0.07241234,0.060692348,0.041266344,0.016694881,0.005713591,0.020219972,0.016054705,0.012527971,0.007274828,0.002122097,0.000405889,0.025887655,0.018353732,0.012613826,0.005353788,0.000630577,4.86E-05,0.021356283,0.017106002,0.013493316,0.007990267,0.002270364,0.000415146,0.028641185,0.020881526,0.014802036,0.006737581,0.000930856,5.12E-05,0.021530114,0.017278815,0.013625431,0.008064079,0.002251983,0.000385842,0.027826602,0.020175993,0.014176237,0.006459339,0.000983458,9.18E-05,0.040235825,0.033998773,0.028365871,0.018945608,0.007126728,0.002204026,0.07021657,0.056663983,0.044714447,0.026092699,0.006666012,0.001106983,0.07526007,0.0690803,0.06312121,0.051793825,0.032630548,0.01834967,0.0747736,0.06836985,0.0621678,0.05052567,0.03082013,0.016319321,0.036232732,0.037450219,0.038442509,0.040607183,0.042201023,0.044341601,0.046157799,0.045022752,0.031489989,0.032685997,0.033684318,0.035875715,0.037504458,0.039701044,0.041618865,0.040801594,0.035544256,0.036691296,0.039122162,0.041176835,0.044400876,0.047704046,0.048228891,0.048322579,0.000353476,2.31E-05,0.00312176,0.000380418,0.001899081,0.000177856,0,-0.24907102,0.021903777,0.017493177,0.013739843,0.008051995,0.002173644,0.00042126,0.02967961,0.021441126,0.01502627,0.006679,0.000903139,5.74E-05,0.08093997,0.053006735,0.009016408,0.00156519,0.007075461,0.00071437,0.06026883,0.75043166,0.068084,0.06362197,0.059356786,0.051501896,0.038186375,0.027658336,0.01967897,0.00946242,0,-0.55443262
1,44,0,1.1355314,0,-0.32592336,0,0.22498409,0,0.2062468,0,0.009496876,0,0.45036169,0,0.79661691,0,0.13884816,0,0.060869233,0,0.10967882,0,0.05343533,0,-0.034988418,0.029337401,0.05311539,0.149688,0.14395854,0.1383255,0.12738478,0.10682716,0.08830729,0.19300619,0.18176521,0.17085412,0.1499607,0.11223295,0.080816016,0.08727228,0.08116022,0.07526964,0.06410761,0.04446695,0.02863935,0.03783842,0.031629995,0.026078863,0.017037036,0.005995738,0.001613057,0.06419152,0.051008534,0.03964486,0.022261515,0.005292191,0.000639875,0.020679029,0.016451195,0.012896573,0.00762759,0.002232263,0.000560044,0.028125368,0.020524982,0.014645601,0.006988134,0.001164086,0.000163784,0.051996812,0.04594192,0.04030953,0.030366134,0.01603144,0.007599599,0.08651062,0.07357137,0.061736777,0.04209015,0.017146746,0.005921372,0.020200737,0.016033696,0.012513919,0.007263387,0.002120456,0.000405235,0.025847178,0.018325098,0.012599561,0.005367003,0.000637549,4.79E-05,0.02133112,0.017075557,0.013473935,0.00796279,0.002256715,0.000405642,0.028584972,0.020846907,0.014770612,0.00671538,0.000924348,4.81E-05,0.021480013,0.01722645,0.013581346,0.008044437,0.002226905,0.000379457,0.02777769,0.0201415,0.014143976,0.006443509,0.000971844,8.63E-05,0.040716894,0.034438163,0.028772224,0.01923815,0.007253168,0.002260177,0.07150762,0.057850856,0.045770265,0.02684379,0.006917928,0.001162689,0.06436553,0.058144927,0.05218478,0.041057285,0.02295082,0.010785419,0.06466177,0.058123842,0.05185855,0.04022861,0.021375153,0.009035314,0.036267995,0.037631726,0.038574607,0.040766933,0.04237336,0.044480414,0.046273622,0.045096134,0.03227897,0.033624069,0.034572207,0.036786913,0.038422672,0.040576986,0.042455794,0.041545821,0.036517649,0.037604857,0.040056528,0.042159235,0.045322078,0.048587197,0.049055392,0.049128733,0.00036019,2.31E-05,0.003184304,0.000390754,0.00198643,0.000188174,0,0.049464517,0.021859838,0.017453302,0.013706558,0.00803167,0.002168612,0.000418207,0.02963691,0.021407526,0.014995039,0.006656332,0.000895078,5.82E-05,0.07170405,0.044734407,0.004074151,0.000391814,0.002677118,7.44E-05,0.082940206,0.6732725,0.0679587,0.063494585,0.059233073,0.05137853,0.03803216,0.027569339,0.019619217,0.009427541,0,0.19994365
1,45,0,3.9262596,0,0.53464493,0,0.27136569,0,-0.21464004,0,0.3277304,0,-0.019465426,0,0.29466653,0,0.27451729,0,0.10003259,0,0.21584625,0,0.05140323,0,0.17637583,0.028158096,0.051075462,0.11261944,0.1066511,0.10080699,0.08952574,0.06895832,0.051326487,0.15685008,0.14506061,0.13371909,0.11243644,0.07537812,0.04619392,0.08824314,0.0821823,0.07632716,0.06523062,0.045710545,0.029880727,0.035536505,0.02952481,0.024205042,0.015583023,0.005324997,0.001389933,0.06001475,0.047315322,0.036466833,0.020095702,0.004550158,0.000504435,0.020797454,0.016558044,0.013009708,0.007723343,0.002346103,0.000554301,0.028434942,0.020776097,0.014812126,0.006993647,0.001139537,0.00013708,0.050457783,0.044488657,0.038949315,0.029274995,0.015264695,0.007114058,0.083510846,0.07075181,0.059183206,0.040142015,0.016097154,0.005611684,0.020175649,0.016014768,0.012503289,0.007222898,0.002094251,0.000405383,0.0259428,0.018423198,0.012659663,0.005434546,0.000670855,4.50E-05,0.021342041,0.017075157,0.013460473,0.007919308,0.002219365,0.000383431,0.028702652,0.020937731,0.014792216,0.006700676,0.000916914,3.76E-05,0.021377416,0.017104372,0.013493525,0.008006975,0.002144168,0.00035126,0.027898118,0.020258905,0.014206042,0.006436096,0.00093893,6.47E-05,0.039092533,0.032928564,0.027384898,0.018156182,0.006656344,0.002044889,0.06832636,0.05498231,0.04330766,0.025007786,0.006181306,0.000937527,0.05689238,0.050732873,0.044869874,0.034100816,0.01727517,0.00689882,0.06154901,0.05503695,0.048834797,0.037412483,0.019134305,0.007608242,0.036251419,0.037787445,0.038689588,0.040916727,0.042538527,0.044614398,0.046386238,0.045168075,0.029891734,0.031396976,0.032307832,0.034570345,0.036238793,0.038390116,0.040298416,0.039506613,0.034317013,0.035359672,0.03786483,0.04005063,0.043211492,0.046528554,0.046986069,0.04711061,0.000306333,2.08E-05,0.002980035,0.000350489,0.001934201,0.00016712,0,0.32492603,0.021781355,0.017384792,0.01364999,0.007987874,0.002168355,0.000412063,0.02978866,0.021516368,0.015041314,0.006640709,0.000870095,6.28E-05,0.036601014,0.015807953,0.002119868,0.000130396,0.002041956,4.65E-05,0.16180453,0.7656737,0.06763291,0.063137054,0.05884081,0.050877675,0.03752879,0.027232794,0.019418556,0.009215982,0,1.4329813
1,46,0,1.9698677,0,1.0687849,0,0.19501689,0,-0.096632801,0,0.48525422,0,-0.25473479,0,0.39915125,0,0.094341771,0,0.4632132,0,0.33829679,0,0.051943693,0,0.48208971,0.027885925,0.051588375,0.08744537,0.08126161,0.07525414,0.0638237,0.04381407,0.027740184,0.1343123,0.12212232,0.11042476,0.08861385,0.05240388,0.026446108,0.08025598,0.07407494,0.0681246,0.05693398,0.037617534,0.022575147,0.03484038,0.0288806,0.023631595,0.015126747,0.005130105,0.001318136,0.05940861,0.04680724,0.03603926,0.01982103,0.004453353,0.000484652,0.020769546,0.016594568,0.013040164,0.007745639,0.002407582,0.000531085,0.028335389,0.020666664,0.014731408,0.006931575,0.001058953,0.000131193,0.050487854,0.044515777,0.03902756,0.029354665,0.015204406,0.007103127,0.083977856,0.07118926,0.059687737,0.040613893,0.01635552,0.005755896,0.020145066,0.015988825,0.01248917,0.007190318,0.002052288,0.000431877,0.025925852,0.018447619,0.01269886,0.005493098,0.00067537,3.70E-05,0.021370009,0.017097099,0.013472734,0.007954416,0.002194036,0.000370564,0.028702248,0.020940516,0.014772166,0.006694593,0.00090245,3.18E-05,0.021266272,0.017012026,0.01342078,0.007944364,0.002087301,0.00035939,0.027926529,0.020306835,0.014265424,0.006377958,0.000920538,4.96E-05,0.039261773,0.033016905,0.027444031,0.018175947,0.006642915,0.001998528,0.06891299,0.055564716,0.043818105,0.02535646,0.006220258,0.000904057,0.06508252,0.058962747,0.05308814,0.042157598,0.024351988,0.012083331,0.058503494,0.051943704,0.045713387,0.03437404,0.016471408,0.005820094,0.036280866,0.037966463,0.038820375,0.04107605,0.042710716,0.044753341,0.046502278,0.045241819,0.03026012,0.03191571,0.032778084,0.035067127,0.036745881,0.038860156,0.040738457,0.039881926,0.034869919,0.035854738,0.038384995,0.040623312,0.043730785,0.047021527,0.047428255,0.047541549,0.000291461,1.95E-05,0.003001734,0.000386027,0.002024369,0.000147649,0,0.39982895,0.021655802,0.01727909,0.013556094,0.007930358,0.002172618,0.000405662,0.029776976,0.021511773,0.015025375,0.006613174,0.000845379,6.59E-05,0.015837466,0.003009836,0.004945166,0.000568877,0.001246644,2.68E-06,0.343582,0.9300338,0.06700807,0.062503256,0.058216795,0.050295267,0.037112687,0.026879944,0.018989718,0.008953532,0,1.6453053
1,47,0,-0.20308158,0,0.60222822,0,0.059206391,0,-0.31626219,0,0.045046059,0,0.62138166,0,-0.025579332,0,-0.13250339,0,-0.021659749,0,0.11879271,0,0.047456156,0,-0.060817616,0.024150735,0.047112323,0.08740277,0.081312716,0.07540228,0.06412862,0.044437654,0.028558439,0.13116845,0.11915288,0.10757396,0.08630426,0.050897796,0.025697611,0.065272234,0.05902638,0.053069986,0.04208712,0.023941005,0.01156798,0.03197929,0.026335403,0.021357402,0.01346649,0.004400591,0.001080589,0.053417113,0.041527517,0.031512007,0.016842347,0.00348981,0.000354383,0.020882322,0.016664213,0.013096285,0.007790346,0.002422097,0.000539759,0.028586477,0.020867161,0.014885679,0.00700473,0.001076044,0.000131998,0.04753242,0.041768163,0.036467645,0.027182983,0.013861451,0.006369979,0.07779126,0.065474235,0.054521557,0.036552403,0.014237129,0.004942099,0.020240624,0.016060963,0.012549358,0.007221717,0.0020676,0.000431781,0.026158987,0.018609883,0.012810933,0.005536638,0.0006821,4.04E-05,0.021464147,0.017169464,0.013534757,0.007981112,0.002206977,0.000375509,0.028969746,0.021134008,0.014914851,0.006754744,0.000914355,3.30E-05,0.021383712,0.01709574,0.013490072,0.007989348,0.002103217,0.000359098,0.028174449,0.020483464,0.014386996,0.006444599,0.000931397,5.17E-05,0.03612941,0.030198013,0.024917196,0.016215587,0.005726247,0.001711685,0.062420476,0.04972842,0.038677435,0.021709928,0.004963273,0.000632108,0.06144577,0.055466015,0.049746964,0.039242204,0.022243867,0.010793967,0.057596892,0.05121871,0.045146048,0.03408535,0.016696347,0.006170586,0.036220954,0.03810106,0.038921558,0.041217867,0.042870457,0.044883661,0.046612687,0.045312775,0.025251224,0.027074936,0.027911069,0.030267606,0.032000137,0.034143866,0.036108243,0.035543328,0.030047841,0.031000662,0.033612069,0.035964082,0.039117221,0.042535784,0.042968004,0.043198853,0.00023823,1.77E-05,0.002652723,0.00031708,0.001706059,0.000116709,0,-0.070565405,0.021771103,0.017372558,0.013629906,0.007973049,0.002182297,0.000408841,0.030048335,0.021707244,0.015163887,0.006674292,0.00085733,6.62E-05,0.016708223,0.003477144,0.00428851,0.000526151,0.001444998,4.80E-06,0.14231709,0.997723,0.06742802,0.06289167,0.058580562,0.050617613,0.03734764,0.027064646,0.01914802,0.009037431,0,-0.22882521
1,48,0,0.5633222,0,-0.19228156,0,0.05118929,0,-0.023385264,0,0.10970119,0,0.50497634,0,0.036593281,0,-0.082468512,0,-0.033762104,0,0.13226219,0,0.04754192,0,-0.053884558,0.022469267,0.04717443,0.07712024,0.070940994,0.064955,0.053754203,0.034572832,0.01984804,0.12210042,0.10993384,0.09828921,0.076808006,0.04204075,0.018976746,0.06711927,0.06090739,0.05495329,0.04395624,0.025633303,0.012813186,0.03142362,0.02583788,0.020916212,0.013137005,0.004262636,0.001035231,0.052822072,0.041012645,0.031083906,0.016562812,0.003406707,0.000341579,0.020855011,0.01663364,0.013096836,0.007763283,0.002364159,0.000511713,0.028622542,0.020798767,0.014793439,0.006890182,0.001035612,0.000128228,0.04736618,0.041624088,0.036347233,0.02709077,0.013755074,0.006318248,0.07775873,0.06549418,0.054564763,0.0366229,0.014257242,0.00495702,0.02023278,0.016058791,0.012525876,0.007235827,0.002050102,0.00043791,0.02616798,0.018632568,0.01283461,0.005564009,0.000680134,3.58E-05,0.0215162,0.017228214,0.013574553,0.008037114,0.002203651,0.000368225,0.028997052,0.021151962,0.014908181,0.006773507,0.000906826,3.05E-05,0.02133774,0.017098838,0.013498289,0.007971642,0.0020848,0.000362623,0.028205834,0.020524804,0.014431769,0.006442722,0.000923525,4.73E-05,0.036038604,0.030077362,0.024808152,0.01609479,0.005656775,0.0016625,0.062419463,0.049734857,0.038678374,0.021707926,0.004924858,0.000617756,0.04582007,0.03987424,0.034288917,0.02439979,0.010149002,0.002915437,0.058307923,0.051946294,0.04589326,0.034829874,0.017363707,0.00665184,0.036243096,0.038276942,0.039050354,0.041376327,0.043042262,0.045022491,0.046728937,0.0453868,0.025134942,0.027110047,0.027899801,0.03028641,0.0320332,0.034145945,0.036090954,0.035493506,0.030115614,0.031012823,0.033654456,0.036064854,0.039172875,0.042578791,0.042965738,0.043196947,0.000228628,1.70E-05,0.002612628,0.000333305,0.001725223,0.000106092,0,0.2852864,0.02172063,0.017325316,0.013591128,0.007948858,0.002180045,0.000406628,0.030056322,0.021717463,0.015166224,0.006667895,0.000848361,6.73E-05,0.009719724,0.001135385,0.000548847,0,0.001661161,1.14E-05,0.6485249,0.6521211,0.06709171,0.06258145,0.05827946,0.05036078,0.03717751,0.02688099,0.018956162,0.008886411,0,-0.020917656
1,49,0,2.243694,0,0.5527211,0,0.22393189,0,0.27325759,0,1.2472201,0,0.47198095,0,0.24490888,0,0.46452284,0,-0.022712589,0,0.2917666,0,0.051276416,0,0.12457426,0.024181269,0.050856113,0.06274711,0.05635099,0.050208017,0.038920034,0.020534104,0.008347209,0.11274792,0.10009448,0.08801679,0.065977395,0.031430952,0.011219331,0.06896211,0.06265152,0.056604743,0.045401104,0.02668829,0.013407043,0.03238844,0.026689725,0.021676691,0.013679131,0.004498689,0.001110334,0.05598292,0.04380062,0.033474404,0.018143453,0.003913315,0.000406162,0.021466557,0.017126914,0.013416735,0.00777752,0.002329632,0.000521789,0.028498631,0.020878544,0.014893862,0.006971586,0.000962685,8.43E-05,0.04955296,0.0436704,0.038217347,0.028658375,0.014800427,0.006885028,0.08280371,0.07021175,0.058890242,0.03999774,0.016067874,0.005639926,0.020143872,0.015944764,0.012424792,0.007125927,0.001972161,0.000408542,0.02593729,0.018464401,0.012772682,0.005561265,0.000655318,3.30E-05,0.02157475,0.017337957,0.0137102,0.008167574,0.002207774,0.000371964,0.028920798,0.021078797,0.014822406,0.006803509,0.000883615,3.03E-05,0.021192748,0.017024592,0.013468815,0.007923748,0.002075046,0.000365902,0.028076971,0.020442886,0.014446992,0.006436186,0.000905081,4.35E-05,0.03848227,0.03227534,0.026715448,0.017538775,0.006310897,0.001834261,0.06759593,0.054394808,0.042735998,0.024585526,0.005868881,0.000812615,0.046607815,0.040531155,0.034835022,0.024690835,0.010074002,0.002774635,0.057585858,0.05107108,0.04488456,0.03364621,0.01598584,0.005558975,0.036600236,0.038485716,0.039297735,0.041548387,0.043223943,0.04516842,0.04684989,0.045463265,0.02918384,0.031031077,0.03185376,0.034145515,0.03587509,0.037908472,0.039749631,0.038861107,0.034080773,0.035012414,0.037538448,0.039961211,0.042952991,0.046233865,0.046521938,0.046657897,0.000248235,1.70E-05,0.002856588,0.000394376,0.001983761,0.000131285,0,0.45453844,0.02150688,0.017133811,0.013453745,0.007857994,0.002159233,0.000406956,0.029839091,0.021586863,0.015075249,0.006600997,0.000828184,6.77E-05,0.002239226,4.45E-05,0.000478604,0,0.001152602,1.06E-06,0.86557454,0.737342,0.06604686,0.06158023,0.05738114,0.0496602,0.036605444,0.026412614,0.018514559,0.008565235,0,3.0977953
1,50,0,-0.1950332,0,0.58360967,0,-0.16962745,0,-0.018694602,0,0.20150188,0,-0.24263918,0,-0.11621043,0,0.095247713,0,-0.050683702,0,-0.11875853,0,0.05254534,0,-0.012502758,0.027338621,0.0520864,0.07365112,0.06732741,0.061201684,0.049795836,0.030473452,0.016052185,0.12265227,0.11017995,0.09825473,0.07618913,0.04053872,0.017395018,0.05899329,0.0524681,0.04627829,0.03504691,0.017212354,0.006395663,0.034224942,0.02832705,0.023138896,0.014752473,0.004966103,0.001263057,0.05885014,0.046328075,0.035631727,0.01956733,0.004372762,0.000471196,0.020832676,0.016578997,0.013020836,0.007690502,0.002243422,0.00049616,0.028276982,0.020566663,0.014611461,0.006790422,0.000987134,0.000125007,0.050548036,0.044588685,0.039107345,0.029405452,0.015208621,0.00713094,0.084384896,0.071669325,0.060142044,0.041034225,0.016543055,0.005853261,0.020115232,0.015949333,0.012424137,0.007190515,0.002015545,0.000426524,0.025888672,0.018441573,0.012729414,0.005529226,0.000674413,3.50E-05,0.021444075,0.017189128,0.013561629,0.008046488,0.002191783,0.000366145,0.02874948,0.020958286,0.014763857,0.006734273,0.00089342,2.93E-05,0.02119472,0.017003395,0.013440608,0.007909031,0.002063578,0.000363059,0.027948862,0.02034846,0.014330317,0.006388913,0.000905008,4.52E-05,0.039449856,0.033185806,0.027549658,0.01820912,0.006640119,0.001965369,0.06938401,0.05603064,0.044201847,0.02563538,0.00627114,0.000903482,0.057603333,0.051545057,0.045759887,0.035201907,0.018534532,0.007952375,0.06788163,0.061476268,0.055333324,0.043865982,0.025037047,0.011999035,0.037007931,0.03870825,0.039588859,0.041743956,0.043434108,0.045338148,0.046991709,0.045553473,0.030645248,0.032313812,0.033203184,0.035394181,0.037130606,0.039111187,0.040901946,0.039891383,0.03540659,0.036410463,0.038819962,0.041296537,0.044212066,0.04744204,0.047660424,0.047766619,0.000280662,1.86E-05,0.002980557,0.000405681,0.002069105,0.000141294,0,-0.001553097,0.02156474,0.017188093,0.013492587,0.007883849,0.00216647,0.000406198,0.029763736,0.021509267,0.015021285,0.006596004,0.000835568,6.73E-05,0.006767001,0.000486937,0.002584461,0.000140292,0.004343662,0.000207223,0.8141031,0.8645999,0.066451006,0.061979406,0.057726543,0.04989552,0.03684026,0.026608048,0.01872793,0.00871469,0,-0.41619859
1,51,0,0.20739203,0,0.15932786,0,-0.046477421,0,-0.16186323,0,0.60140081,0,-0.33196674,0,0.060717547,0,0.013731648,0,-0.041799423,0,0.24208488,0,0.05498309,0,-0.14558362,0.02790761,0.05448003,0.07561162,0.06925141,0.06308974,0.05154269,0.03192893,0.01711814,0.12606432,0.113522,0.10151106,0.07923402,0.042907633,0.018896354,0.060424265,0.053827498,0.047558635,0.03616165,0.017958142,0.006755944,0.035886582,0.029830353,0.024474561,0.01574424,0.005405602,0.001408944,0.06222013,0.049338974,0.0382085,0.021321997,0.004968911,0.000562682,0.020768525,0.016525282,0.012977515,0.007662806,0.002233279,0.000494799,0.02812044,0.02045348,0.014526652,0.00675811,0.000983398,0.000125659,0.05218172,0.04611799,0.040528342,0.030626172,0.015996145,0.007572273,0.087694705,0.07474469,0.06295819,0.04328909,0.017759895,0.006342692,0.020064456,0.015909405,0.01239343,0.007173453,0.002011166,0.000426007,0.025764368,0.018353367,0.012667483,0.005501959,0.000671416,3.48E-05,0.021388598,0.017143844,0.013525375,0.008024774,0.002186236,0.000365155,0.028609255,0.020856427,0.014692604,0.006701029,0.000889387,2.91E-05,0.021141713,0.016960453,0.013406253,0.007889143,0.002058317,0.00036205,0.027812868,0.020249343,0.014259867,0.006357776,0.000900909,4.50E-05,0.041188776,0.0347845,0.028980331,0.01933193,0.007192109,0.002153161,0.072884865,0.05922465,0.047065217,0.027721759,0.007038955,0.001076495,0.06428716,0.058202676,0.052356243,0.041543417,0.023942579,0.011840424,0.066153616,0.059650548,0.05341959,0.041818865,0.022920743,0.010243413,0.037372651,0.038906357,0.039840236,0.041912139,0.043613385,0.045482462,0.047111827,0.04562979,0.033338686,0.03485294,0.035792141,0.037887139,0.039617696,0.0415355,0.043252023,0.042041477,0.037986111,0.039043201,0.041340473,0.043844619,0.046670943,0.049817412,0.049960215,0.050008388,0.000314792,1.97E-05,0.003195467,0.00044429,0.002254203,0.000163274,0,0.15332956,0.021511948,0.01714645,0.013459741,0.007865083,0.002161315,0.000405208,0.029620524,0.021405976,0.014949248,0.006564974,0.000831882,6.70E-05,0.007436774,0.000574705,0.004733866,0.000435078,0.003275165,8.54E-05,0.8438911,0.88912773,0.06629284,0.061831284,0.05758849,0.049775105,0.036751483,0.026546199,0.01868599,0.008696919,0,1.929008
1,52,0,0.51938086,0,-0.33956926,0,0.13358049,0,-0.34029783,0,0.18590629,0,0.025942448,0,-0.097055781,0,0.4806158,0,0.26908074,0,0.045431504,0,0.051242825,0,-0.17387578,0.027613086,0.050747894,0.072961204,0.06665087,0.06054062,0.04918793,0.029975891,0.015695369,0.12076469,0.10833663,0.09646181,0.07453327,0.039276775,0.016622964,0.064817965,0.058415912,0.052324787,0.041108206,0.02269978,0.010364041,0.03349982,0.027675414,0.022556473,0.014325476,0.004778733,0.001201336,0.056884456,0.044581976,0.034141105,0.018567845,0.004044729,0.000425337,0.020858657,0.016598485,0.01303676,0.00770009,0.00224521,0.000497018,0.028357562,0.020626597,0.014654079,0.006807306,0.000991409,0.000125318,0.04981842,0.043908417,0.038471177,0.02886233,0.014864528,0.006937754,0.08244943,0.06987164,0.05850941,0.03973542,0.015856732,0.00558606,0.020138156,0.015967458,0.0124382,0.007198583,0.002017753,0.000426942,0.025962837,0.018494288,0.012765832,0.00554503,0.000676298,3.51E-05,0.021468662,0.017208891,0.01357724,0.008055744,0.002194251,0.000366562,0.028832134,0.02101843,0.014806129,0.006753575,0.000895924,2.94E-05,0.021218881,0.017022785,0.013455943,0.007917997,0.002065912,0.000363473,0.028029235,0.020406934,0.01437149,0.006407207,0.000907564,4.54E-05,0.038676634,0.032475356,0.026916971,0.017715124,0.00639962,0.001884573,0.067338355,0.05416966,0.04255623,0.024444943,0.005849292,0.000811621,0.061937835,0.055912036,0.05015028,0.039539892,0.022402689,0.010828168,0.06831054,0.061941143,0.05582534,0.044412047,0.025634903,0.012522502,0.03762826,0.039050118,0.040055423,0.042058788,0.043777146,0.045616224,0.047225043,0.045702697,0.029428538,0.030811912,0.031827459,0.033878231,0.035655884,0.037593995,0.039379759,0.038408539,0.033965536,0.035107488,0.037359786,0.039969052,0.042822522,0.046070917,0.046220404,0.046363115,0.000266696,1.82E-05,0.002888268,0.0003887,0.001966618,0.000130194,0,-0.055471748,0.021589061,0.017207408,0.013507725,0.007892611,0.002168841,0.000406632,0.029848825,0.021570615,0.015064008,0.006614588,0.000837865,6.75E-05,0.006550406,0.000461767,0.004198958,0.000367869,0.004687459,0.000259872,0.8879199,0.8205879,0.06652584,0.062049195,0.057791505,0.04995172,0.036881637,0.026637642,0.018748539,0.008724058,0,0.51076543
1,53,0,0.64063982,0,0.25020221,0,0.013057277,0,0.43080779,0,0.34245402,0,-0.43497189,0,0.52789138,0,0.084785184,0,0.17546474,0,0.10361803,0,0.04731429,0,0.56841504,0.021643027,0.046828937,0.06289742,0.05656959,0.0505217,0.0394287,0.021249741,0.009040086,0.10912827,0.09667145,0.08481967,0.06327057,0.0299419,0.010611593,0.06445259,0.05818343,0.052205272,0.04122172,0.02308994,0.010871967,0.030432882,0.02495307,0.020143837,0.012564376,0.004026588,0.000966296,0.050755158,0.039228864,0.029571727,0.015601454,0.003116275,0.000299949,0.021332901,0.017025363,0.013367771,0.007785379,0.002313326,0.000529028,0.028623275,0.02095457,0.014930982,0.006956602,0.000987705,0.000102766,0.04730385,0.04156009,0.036282483,0.027024124,0.013741478,0.006318278,0.077131815,0.06498344,0.0541325,0.03622222,0.014096891,0.004909504,0.020228354,0.0160125,0.012496809,0.00718969,0.001997042,0.000416706,0.02617023,0.018637488,0.012895709,0.005604605,0.000670202,3.39E-05,0.02162295,0.01736511,0.013721561,0.008166745,0.002206693,0.000371223,0.029136462,0.021236978,0.014941248,0.006846485,0.00089445,3.03E-05,0.021273905,0.017083371,0.01351769,0.007949599,0.002077953,0.000366295,0.028296938,0.020604048,0.014550677,0.006481414,0.000912526,4.44E-05,0.036077265,0.030092565,0.024768537,0.016054925,0.005602846,0.001596934,0.06165983,0.049005225,0.03805708,0.021303834,0.004739514,0.000576989,0.06505245,0.05912661,0.05342459,0.042953257,0.025706744,0.013534315,0.060191862,0.053834304,0.04778105,0.03666115,0.018936396,0.007726447,0.03788066,0.039192297,0.040269675,0.042205201,0.043940868,0.045749884,0.047338276,0.04577571,0.025322403,0.026576536,0.027668652,0.029677407,0.03150344,0.03346411,0.035323147,0.034603519,0.029749699,0.030977575,0.033186757,0.035904793,0.038788471,0.042146389,0.042304795,0.042554683,0.000215279,1.59E-05,0.002586588,0.000340999,0.001706673,0.000107321,0,0.25765692,0.021607343,0.017212851,0.013518949,0.007898,0.002171744,0.000408987,0.030093076,0.021760553,0.015196134,0.006658992,0.000837991,6.83E-05,0.002630994,6.86E-05,0.006004497,0.000734381,0.002140235,2.87E-05,0.9266018,0.8520918,0.066404544,0.061923925,0.057699014,0.04992662,0.036821052,0.026574168,0.018648913,0.008628394,0,1.6020464
1,54,0,0.11633521,0,0.21264618,0,0.38913721,0,-0.051344657,0,0.31905285,0,0.47056595,0,0.1793022,0,0.33017618,0,-0.061266248,0,0.18549053,0,0.048461847,0,-0.22844493,0.020729204,0.04794529,0.060456563,0.05409299,0.048008636,0.036849916,0.018844169,0.007242642,0.10778254,0.09521838,0.083265714,0.061584927,0.028269826,0.009470927,0.06044281,0.05406955,0.048022836,0.03700732,0.019232024,0.007991172,0.030812966,0.025289923,0.02044333,0.012781001,0.004118501,0.000994932,0.051677063,0.040031627,0.030256327,0.016037157,0.003252347,0.000317459,0.02155337,0.01719477,0.013464723,0.007810328,0.002330748,0.000517528,0.028685933,0.021032933,0.01501982,0.007051432,0.000962174,8.24E-05,0.048035063,0.042246573,0.036895413,0.027540212,0.014114687,0.006500507,0.07863239,0.06636889,0.05540523,0.03722383,0.014640415,0.005093118,0.020185951,0.01598473,0.012444844,0.007130362,0.001967117,0.000406179,0.026091097,0.018567614,0.012838785,0.005592002,0.000654394,3.19E-05,0.02163832,0.017393721,0.013757506,0.008197457,0.002217489,0.000374648,0.029117411,0.021219509,0.014919002,0.006851785,0.000887899,3.08E-05,0.02124268,0.017065598,0.013500806,0.007943648,0.002081767,0.000367257,0.028261973,0.020577973,0.014545131,0.006481374,0.000910544,4.36E-05,0.03687351,0.030809412,0.025394836,0.01653576,0.005832984,0.001666181,0.063178554,0.050373442,0.03923268,0.022126505,0.00500217,0.000631647,0.063076854,0.057109945,0.05139107,0.04087651,0.023745462,0.011950844,0.059098046,0.052695695,0.046597626,0.035435382,0.017751101,0.006848118,0.038224661,0.039380614,0.040514983,0.04237017,0.044118052,0.045893113,0.047458021,0.045852079,0.026636108,0.027740706,0.028888036,0.03081177,0.032642947,0.034558374,0.036373334,0.035545793,0.030950036,0.03223758,0.034348349,0.037110054,0.039928194,0.043240205,0.043338465,0.043559081,0.000222156,1.59E-05,0.002671703,0.000364877,0.001775554,0.000112475,0,-0.076798274,0.021549398,0.017167743,0.013478829,0.007871988,0.00216256,0.000407346,0.03002865,0.021726364,0.015171827,0.006641266,0.000832074,6.80E-05,0.001794344,2.91E-05,0.004936582,0.000510337,0.001719939,1.25E-05,0.9583578,0.906414,0.06616452,0.06168995,0.05747702,0.049742848,0.036661472,0.02644933,0.018530956,0.008576051,0,0.2602693
1,55,0,0.19111547,0,0.23887273,0,-0.088791315,0,-0.030736246,0,-0.15815612,0,-0.040430142,0,-0.01522637,0,0.086361115,0,-0.083516065,0,-0.072530608,0,0.047090806,0,0.38700549,0.022670739,0.046679482,0.059505418,0.05316268,0.04711563,0.036039602,0.018226124,0.006877595,0.10570024,0.093191184,0.08131883,0.059804495,0.027061477,0.008850542,0.06080027,0.05447474,0.048475616,0.03753467,0.019790811,0.008454795,0.030021286,0.024588766,0.019825958,0.012333163,0.003932648,0.000939593,0.049800843,0.038407005,0.02887677,0.015165107,0.002982066,0.000280978,0.021591501,0.017224556,0.013487116,0.007821102,0.002329145,0.00051707,0.028782042,0.021103747,0.015070967,0.00707492,0.000962309,8.10E-05,0.047229785,0.041489583,0.03619964,0.026956795,0.013750979,0.006302781,0.07673643,0.06463329,0.053831555,0.035991766,0.014007026,0.004856349,0.020211957,0.016005678,0.012460235,0.007138185,0.001968585,0.000406119,0.02616572,0.018619899,0.012874168,0.005607518,0.000655233,3.18E-05,0.02166788,0.017417986,0.013776936,0.008209218,0.002220857,0.000375351,0.02920372,0.021282049,0.014962669,0.006872275,0.000890287,3.10E-05,0.021270288,0.017087754,0.013518318,0.00795405,0.00208461,0.000367769,0.028345108,0.02063848,0.014588209,0.006500722,0.000913128,4.37E-05,0.036024395,0.030038944,0.024698319,0.016009478,0.005588469,0.001581638,0.061190754,0.048571482,0.037677575,0.02105576,0.004649899,0.000558204,0.062420033,0.056471772,0.050777446,0.040328745,0.023333848,0.011682706,0.059458993,0.05309844,0.047043547,0.03594223,0.018309582,0.007291935,0.038523638,0.0395466,0.040745415,0.042526548,0.044289149,0.046032125,0.047575053,0.045927201,0.025262096,0.026227966,0.027440813,0.029301184,0.031158837,0.033062661,0.034891755,0.034134422,0.029465128,0.030825349,0.032864859,0.035703091,0.038502679,0.04184621,0.041917637,0.04217863,0.000209896,1.54E-05,0.002577916,0.000349368,0.001686723,0.0001041,0,0.25734166,0.02157618,0.017189011,0.013495278,0.007881559,0.002165067,0.000407787,0.030115895,0.021789607,0.015215812,0.006660176,0.000834256,6.82E-05,0.001659808,2.60E-05,0.004793841,0.000492636,0.001939843,2.12E-05,0.98303115,0.9267052,0.06624597,0.061765492,0.057547007,0.049802896,0.03670523,0.026480373,0.018551303,0.008585731,0,0.1243706
1,56,0,0.32547295,0,0.13680571,0,0.13593579,0,0.2500116,0,0.86760588,0,0.15921151,0,0.021848871,0,-0.11719651,0,0.12091348,0,0.37053842,0,0.046581995,0,0.16130756,0.019101218,0.04626776,0.058816787,0.052480053,0.04644456,0.03539879,0.017691376,0.006532794,0.10450497,0.092016235,0.08017743,0.05872811,0.026284099,0.008439436,0.062447745,0.05615917,0.050185345,0.03924976,0.021340495,0.009600281,0.029717041,0.024320135,0.019589633,0.012163478,0.003862888,0.000918895,0.048991922,0.037711065,0.028288944,0.014797434,0.002869956,0.000265396,0.021568917,0.017196877,0.013460284,0.007798191,0.002322907,0.000513979,0.028776957,0.021096224,0.015069203,0.00707007,0.000952251,8.02E-05,0.04696316,0.041238118,0.035964698,0.026767412,0.013634926,0.006236951,0.07600259,0.06396286,0.053226396,0.035521086,0.013773089,0.004765688,0.020218214,0.016012413,0.012462046,0.007135973,0.001965562,0.000404734,0.026188022,0.018632874,0.01288222,0.005611578,0.000652909,3.12E-05,0.02168288,0.017432373,0.013789726,0.008217488,0.002224245,0.000376479,0.029243927,0.021310123,0.014981746,0.006882892,0.000890608,3.12E-05,0.02127904,0.017094618,0.013523975,0.007957731,0.002086205,0.000368088,0.028381167,0.020664781,0.01460832,0.006510506,0.000914063,4.36E-05,0.035743583,0.029783513,0.024466382,0.015834656,0.005510266,0.001553626,0.060413707,0.047869205,0.037072163,0.02064238,0.004514041,0.000531166,0.057398997,0.051437926,0.045774613,0.03544441,0.01908139,0.008526601,0.06197933,0.05566255,0.04962998,0.038499027,0.02062257,0.008955868,0.038838734,0.039720604,0.04098156,0.04268625,0.044462837,0.046173108,0.047693467,0.04600308,0.024808797,0.025632184,0.026907153,0.028696678,0.030573551,0.032454349,0.034277581,0.033529349,0.028899974,0.030328613,0.032287371,0.035191089,0.037955953,0.041304467,0.041337213,0.041615135,0.000205323,1.52E-05,0.002548841,0.000344966,0.001652341,0.000100741,0,0.1900253,0.021581233,0.017192539,0.013497475,0.007882953,0.00216508,0.000407679,0.030151432,0.02181646,0.015234223,0.006667385,0.00083466,6.82E-05,0.001528067,2.22E-05,0.002976327,0.000199858,0.002758742,6.73E-05,0.99343455,0.94154924,0.06625481,0.061773174,0.05755202,0.049805805,0.036706008,0.026479563,0.0185454,0.008584172,0,-0.033642558
1,57,0,0.17213567,0,0.086442552,0,-0.03844951,0,0.24753077,0,-0.069465573,0,0.72069371,0,0.13617073,0,-0.11729423,0,0.47053072,0,-0.16717706,0,0.049039885,0,0.17919415,0.021338568,0.04880336,0.062599726,0.05622375,0.050114084,0.038894385,0.020602817,0.008456403,0.10928559,0.096737795,0.08481041,0.06312662,0.029570933,0.010273624,0.06586217,0.0595407,0.053516977,0.04240387,0.024025945,0.011461846,0.031535376,0.02593098,0.021007199,0.013192188,0.004291629,0.001046871,0.052359853,0.040618706,0.030757118,0.016354192,0.003347167,0.000330512,0.02145104,0.017122163,0.013422739,0.007806618,0.002325408,0.0005281,0.028627437,0.020962398,0.014935656,0.006995323,0.000975478,9.09E-05,0.048568826,0.042747594,0.03736603,0.027931407,0.014338717,0.006635811,0.07917064,0.06686351,0.055840474,0.03756619,0.014799491,0.005162444,0.020186089,0.015975373,0.01245885,0.007151918,0.001980539,0.000410888,0.026090851,0.01857588,0.012854124,0.005594723,0.000660505,3.36E-05,0.021599399,0.017354362,0.013720251,0.008172252,0.002207947,0.000371722,0.029068695,0.021187477,0.014900654,0.006836067,0.000889205,3.03E-05,0.021226164,0.017050035,0.013489637,0.007934919,0.00207693,0.000366049,0.028224394,0.020549756,0.014520411,0.006468283,0.000909994,4.39E-05,0.037430264,0.03132133,0.025860276,0.016887408,0.005996787,0.001727426,0.063776635,0.050917644,0.039705444,0.022449361,0.005117105,0.00065664,0.04883056,0.04278251,0.037083358,0.026878824,0.011820303,0.003721088,0.06626329,0.05992092,0.05384175,0.042528495,0.024064194,0.01139817,0.03920706,0.039921641,0.041235687,0.04285717,0.044644458,0.046319805,0.047815743,0.046081031,0.027519155,0.028186853,0.029512038,0.031205237,0.033076087,0.034894007,0.036642746,0.035693897,0.031495373,0.032976893,0.03482395,0.037753342,0.040429168,0.043691579,0.043648446,0.043859919,0.000233819,1.66E-05,0.002735712,0.000372145,0.001798885,0.000115275,0,-0.22322796,0.021545682,0.017164482,0.013478735,0.00787336,0.002163902,0.000407813,0.03000046,0.021700539,0.015154625,0.006636856,0.000833353,6.81E-05,0.002311321,4.95E-05,0.000792457,4.74E-06,0.004053784,0.000187035,0.99467695,0.96073616,0.0661808,0.06170528,0.057500117,0.049761444,0.03668551,0.02647211,0.01856188,0.008583491,0,0.12054931
1,58,0,-0.031450361,0,0.52965069,0,-0.03572352,0,-0.019197408,0,-0.16131442,0,0.50871286,0,-0.1510265,0,0.29400626,0,-0.19098736,0,-0.11914012,0,0.04693076,0,-0.14433411,0.0210973,0.046800032,0.06344004,0.057111055,0.051059816,0.03995467,0.021713333,0.009376545,0.10811166,0.09571307,0.08393006,0.062499233,0.029487127,0.010410459,0.06094672,0.054619968,0.04861918,0.037671592,0.019905182,0.008531771,0.030532122,0.025041645,0.020222163,0.012622325,0.004051544,0.0009739,0.049832575,0.038428262,0.028888512,0.015167748,0.00297969,0.000281386,0.021304913,0.017007044,0.013350167,0.007769885,0.002297843,0.000530343,0.02867089,0.020979997,0.014952457,0.006957512,0.000987137,0.000104939,0.047328837,0.04158301,0.0363047,0.02704376,0.013748006,0.006323256,0.07627257,0.06419077,0.05342165,0.03566365,0.013814508,0.004803101,0.020224988,0.016011365,0.012495847,0.007194712,0.001999763,0.00041862,0.026202356,0.018661916,0.012911528,0.005613199,0.000672915,3.39E-05,0.02161691,0.017358078,0.013714793,0.008160364,0.002205826,0.0003711,0.02916948,0.021260882,0.014959356,0.006852881,0.000896171,3.03E-05,0.021273775,0.017082026,0.013516341,0.007948503,0.002077394,0.000366346,0.028331386,0.02062877,0.014566034,0.006487954,0.000913598,4.46E-05,0.03609922,0.030113729,0.024789393,0.016070662,0.005609815,0.001600289,0.060770106,0.04819864,0.037363138,0.020827616,0.004584453,0.000544762,0.042708457,0.036707338,0.031115001,0.021308154,0.007754734,0.001766984,0.0676614,0.06137748,0.055348672,0.044137973,0.025698632,0.012775104,0.039494747,0.040082493,0.041463229,0.043012109,0.044814805,0.046458724,0.047932989,0.046156519,0.025359531,0.025892396,0.027285611,0.028922067,0.030825458,0.032641987,0.034421861,0.033595215,0.029226057,0.030783951,0.032567023,0.035583239,0.038253466,0.041569722,0.041507231,0.04178025,0.000216966,1.60E-05,0.002589684,0.000340872,0.001668699,0.000104262,0,0.19668106,0.021610307,0.017215373,0.013521413,0.007899297,0.002172294,0.000408974,0.03013239,0.021787267,0.01521467,0.006667985,0.000839522,6.84E-05,0.002797074,7.90E-05,0.000221657,0,0.004935775,0.000322213,0.9968598,0.9967103,0.06642202,0.06194354,0.05771574,0.04993778,0.03683214,0.026583532,0.018658452,0.008634695,0,-0.4111466
1,59,0,0.41495318,0,0.10299219,0,-0.006825406,0,0.21291296,0,0.21089941,0,0.31057995,0,0.418546,0,0.085323305,0,0.30141561,0,-0.016266976,0,0.04757568,0,0.19031138,0.019086405,0.04753444,0.061734844,0.05538161,0.049307875,0.038163785,0.020043936,0.008111031,0.10697528,0.09449492,0.08265155,0.06116689,0.028233679,0.009579614,0.06427001,0.05796655,0.051968858,0.040942892,0.022781895,0.010599927,0.030745715,0.025230896,0.020390926,0.012744184,0.004103492,0.000990233,0.05027058,0.038807537,0.029212173,0.015370534,0.003042317,0.000289516,0.021490688,0.017153053,0.013445909,0.007819459,0.002330172,0.000528678,0.02873145,0.021037776,0.014986791,0.007021594,0.000979592,9.11E-05,0.047753923,0.041981902,0.03666324,0.027338376,0.013969213,0.006431627,0.07707562,0.06494441,0.05410143,0.03619901,0.014100729,0.004902208,0.020211972,0.01599579,0.012474557,0.007160586,0.00198293,0.000411369,0.026174026,0.01863493,0.01289481,0.005612444,0.000662492,3.37E-05,0.021627856,0.017377311,0.013738462,0.008183104,0.002210888,0.00037221,0.029162023,0.021255383,0.014948285,0.006857975,0.00089198,3.04E-05,0.021253882,0.017072324,0.013507215,0.007945251,0.002079634,0.00036652,0.02831498,0.020615626,0.014566976,0.006488971,0.000912864,4.40E-05,0.036568534,0.030536072,0.025156362,0.016353307,0.005743911,0.00164037,0.061579335,0.048927613,0.037987474,0.021261746,0.004721643,0.000573018,0.043584738,0.03755139,0.03192253,0.022016156,0.008193816,0.001932895,0.064574726,0.058252167,0.052199416,0.04096613,0.02275203,0.010467838,0.039831764,0.040268066,0.0417076,0.043177392,0.044992773,0.046602959,0.048053825,0.046233951,0.026136152,0.026521276,0.027972151,0.029527825,0.031440604,0.033218523,0.034965787,0.034066676,0.029889493,0.031509885,0.033200247,0.036266309,0.038880724,0.0421664,0.042050789,0.042307842,0.00022105,1.60E-05,0.002637236,0.000355501,0.001703246,0.000106386,0,-0.00789217,0.021573354,0.01718648,0.013495911,0.007883286,0.002166556,0.000408294,0.030096034,0.021769587,0.015202711,0.006657691,0.000835883,6.83E-05,0.002178859,4.50E-05,0.000256825,0,0.003546215,0.00013466,0.99841565,0.9984198,0.066265695,0.061784357,0.057573773,0.04982514,0.036732115,0.026505582,0.01858507,0.008594265,0,4.3882109
1,60,0,-0.3048947,0,-0.048831072,0,-0.23127481,0,-0.22330679,0,-0.03004987,0,0.19593339,0,-0.47157432,0,-0.066768623,0,0.27122095,0,-0.075684948,0,0.044778787,0,0.29587938,0.019136031,0.044841163,0.067986116,0.061744664,0.05574662,0.0447046,0.026202144,0.012942586,0.10987759,0.09768043,0.08609381,0.06496962,0.032061275,0.012305677,0.064145364,0.05794559,0.05202101,0.041147843,0.023164062,0.011035225,0.029843414,0.024436513,0.019685557,0.012238117,0.003887965,0.000924274,0.047532104,0.036454342,0.027223652,0.014136068,0.002663265,0.000238651,0.02101312,0.016714584,0.013116322,0.007719052,0.002257521,0.000512224,0.028764991,0.020952204,0.014906075,0.00691505,0.00098938,0.000122619,0.04616165,0.04051589,0.03531093,0.02620278,0.013206439,0.006014629,0.0732944,0.061412465,0.050923176,0.03374343,0.012853442,0.004434174,0.020252049,0.01605499,0.012504379,0.007234348,0.002024308,0.000425868,0.026322093,0.018750018,0.012947966,0.005626853,0.000683973,3.52E-05,0.021601623,0.017321179,0.013669201,0.00811259,0.002207481,0.000369391,0.029248545,0.021319864,0.015015895,0.006854124,0.000906914,2.99E-05,0.021337956,0.017120266,0.013536435,0.007963068,0.002078423,0.000366203,0.028431533,0.020700535,0.014583046,0.00650039,0.000919113,4.58E-05,0.034845173,0.028978879,0.023791987,0.015315595,0.005269506,0.001509966,0.057714336,0.045480214,0.03501694,0.019226518,0.004089265,0.000446756,0.03975145,0.033821147,0.028311618,0.018774685,0.006135438,0.001178281,0.07894806,0.07281025,0.066875674,0.055800956,0.036642767,0.02190992,0.040107805,0.040423605,0.041931993,0.043330688,0.045162197,0.046741345,0.048170889,0.046309546,0.023245538,0.023500475,0.025021637,0.02652703,0.028477985,0.030263728,0.032057942,0.031329248,0.026891233,0.028591631,0.030224639,0.033387804,0.036008148,0.039369205,0.039240939,0.039582423,0.00020557,1.57E-05,0.002460311,0.000315408,0.001538212,9.17E-05,0,-0.10533985,0.021704875,0.017297516,0.013579876,0.00793278,0.002180114,0.000409074,0.030269094,0.021874491,0.015275924,0.006705225,0.00084818,6.85E-05,0.004872347,0.000277473,0.000121122,0,0.011558317,0.001859235,0.65782547,0.6513624,0.06685185,0.062356394,0.05807831,0.050208017,0.03707067,0.026763594,0.01882748,0.008749555,0,-0.12988837
1,61,0,0.025238348,0,-0.2136506,0,0.069461793,0,0.017826346,0,0.038570585,0,0.16550177,0,-0.13415222,0,0.019184279,0,-0.1258593,0,0.16935462,0,0.043845132,0,-0.064661198,0.019848883,0.043909065,0.06476706,0.058512963,0.052554496,0.04158262,0.023415443,0.010809501,0.10645005,0.094243094,0.08267692,0.061646152,0.029367553,0.010620524,0.06780699,0.061679155,0.05581501,0.044945247,0.02673277,0.013815326,0.029045599,0.02372964,0.019070437,0.011792869,0.003704303,0.000871644,0.0461531,0.03528157,0.026250018,0.013538158,0.00248859,0.000214326,0.021187752,0.016902953,0.013272443,0.007789234,0.002286233,0.000528088,0.028859604,0.02106389,0.015014826,0.006964447,0.001003816,0.000113079,0.04551459,0.03991449,0.034739964,0.025738556,0.012926913,0.005866644,0.07216422,0.060390837,0.05002898,0.033018693,0.012521674,0.00431045,0.020262681,0.01605696,0.012509458,0.007223391,0.00201306,0.000421925,0.026347768,0.018770304,0.012974892,0.00563892,0.000681746,3.28E-05,0.021645198,0.017368753,0.01371256,0.008147297,0.002210975,0.000370922,0.029325567,0.021372532,0.01504775,0.006878884,0.00090563,3.03E-05,0.021350566,0.017133972,0.013554054,0.007970138,0.00208267,0.000367209,0.02849636,0.020748977,0.014631727,0.006518756,0.000919891,4.55E-05,0.034183238,0.028381221,0.023251414,0.014909972,0.005081186,0.001439474,0.05651929,0.044406533,0.03409406,0.018609986,0.003890701,0.000411098,0.0375537,0.031664364,0.02622947,0.016880384,0.004976498,0.000807645,0.08894269,0.08293355,0.0770937,0.0660335,0.046498705,0.030667929,0.04014146,0.040606613,0.042075409,0.043492518,0.045297206,0.046852971,0.048241701,0.046377307,0.022171309,0.022569017,0.024052093,0.025582512,0.027514871,0.029291116,0.031068981,0.030411207,0.025984598,0.027641537,0.02936226,0.032495682,0.035121929,0.038438798,0.038317754,0.038692442,0.000194896,1.51E-05,0.0023893,0.000303853,0.001491606,8.85E-05,0,-0.15568177,0.021705538,0.017294377,0.013581324,0.007932941,0.002180958,0.000409979,0.03032696,0.021918688,0.015306951,0.00671419,0.000847648,6.88E-05,0.003627089,0.000151424,6.67E-05,0,0.018726205,0.004874521,0.66469276,0.5922693,0.066791795,0.062292337,0.05803607,0.050186936,0.037040707,0.026736394,0.018791959,0.008708689,0,0.16097963
1,62,0,0.37294779,0,0.35524049,0,0.32381781,0,-0.023672816,0,0.38056792,0,-0.13022618,0,0.73571501,0,0.007045903,0,0.40719663,0,0.14635245,0,0.044246756,0,0.23601016,0.019007895,0.0442996,0.06341498,0.057143953,0.051172003,0.040199343,0.022127595,0.0098157,0.1056143,0.09336389,0.08176625,0.060681995,0.028490974,0.010032595,0.06290248,0.056707386,0.05079598,0.03997701,0.022150693,0.010315009,0.029104467,0.02378122,0.019115908,0.011825,0.003718927,0.000876132,0.046536874,0.035607316,0.026521416,0.013703044,0.002536927,0.000220609,0.021184888,0.016897107,0.01325867,0.007769054,0.002287807,0.000532,0.028762624,0.021029431,0.015000414,0.006963526,0.000991549,0.000108296,0.04569058,0.040071942,0.034890193,0.025865087,0.01300985,0.00591831,0.07276945,0.060960896,0.050540313,0.033410743,0.012714264,0.004382534,0.02026533,0.01605178,0.012515236,0.007220076,0.002009408,0.000420677,0.026328871,0.018753385,0.012972913,0.005638154,0.00068116,3.36E-05,0.021655668,0.017382188,0.01372935,0.008161642,0.002210178,0.000371429,0.029313095,0.021364713,0.015037061,0.006881011,0.00090321,3.04E-05,0.021337427,0.017127452,0.013551285,0.007968484,0.002082373,0.000367401,0.028477656,0.020735849,0.014631568,0.00651762,0.000918389,4.52E-05,0.03437407,0.028551681,0.023398405,0.015020749,0.005131388,0.001449144,0.05713897,0.04494973,0.03456329,0.018925969,0.003982763,0.000427375,0.041267943,0.03534184,0.029822445,0.020213949,0.007137762,0.00155859,0.08581544,0.07977381,0.07390873,0.06283633,0.043405883,0.027863413,0.040177381,0.040803189,0.042220069,0.043659813,0.045432759,0.046964828,0.048310506,0.046445366,0.022505536,0.023062152,0.024494029,0.026044859,0.027943948,0.029693276,0.031422393,0.030744047,0.026506931,0.028104349,0.029912126,0.032989028,0.035599848,0.038826219,0.038699794,0.039067292,0.000195966,1.51E-05,0.002408342,0.000309059,0.001516362,9.12E-05,0,0.03700137,0.021684444,0.017275592,0.013568489,0.007926143,0.002179645,0.000409995,0.030298533,0.021902146,0.015294329,0.006705883,0.000845535,6.88E-05,0.003076918,0.000105322,0.000185469,0,0.016402427,0.003739473,0.7359524,0.6651747,0.06668916,0.06219527,0.05794964,0.050121423,0.036979526,0.02669605,0.018747404,0.008684771,0,0.1467079
1,63,0,0.035780546,0,0.004362848,0,0.018226172,0,-0.21486034,0,0.13383783,0,0.16193371,0,-0.14042141,0,-0.081426577,0,-0.16156015,0,0.42554372,0,0.04802823,0,0.10951436,0.021260614,0.048056375,0.06986244,0.06357075,0.057501066,0.046292733,0.027451439,0.013777085,0.1138802,0.10157416,0.08985213,0.06837313,0.034509275,0.013689345,0.071706794,0.06551771,0.059577208,0.048506822,0.029770225,0.016002765,0.03169075,0.02607002,0.021127101,0.01328302,0.004328658,0.001056696,0.051798746,0.04012085,0.030320507,0.016064987,0.003247951,0.000318631,0.02094826,0.016663041,0.013077015,0.007693902,0.002244592,0.000505296,0.028574845,0.0208111,0.014805237,0.006866211,0.000980685,0.000120709,0.048025355,0.042241167,0.036918707,0.027546758,0.01403797,0.006476272,0.07779452,0.06555992,0.054627366,0.03666211,0.014283989,0.004981853,0.020190101,0.016005233,0.012465781,0.007211692,0.002017554,0.000424286,0.026138764,0.018619595,0.012858781,0.005588406,0.00067904,3.48E-05,0.021537261,0.017270528,0.013629694,0.008089515,0.002201026,0.0003684,0.029047756,0.021173391,0.014912563,0.00680775,0.000900536,2.98E-05,0.02127245,0.017068103,0.013495699,0.007938907,0.002072287,0.00036519,0.028235765,0.020558234,0.014483761,0.006456089,0.000912713,4.55E-05,0.036795996,0.030746538,0.025376037,0.01652158,0.005828907,0.001690026,0.062418364,0.04969985,0.038662232,0.021704312,0.004892619,0.000610991,0.043868307,0.03780068,0.032137085,0.02215984,0.008223891,0.001925209,0.08879802,0.08270965,0.0768043,0.065605104,0.04584545,0.029893355,0.040273678,0.041030107,0.042385087,0.04383944,0.045577419,0.047083203,0.048383806,0.046515736,0.026438083,0.027138672,0.028506251,0.030047605,0.031885037,0.033561609,0.035163538,0.034226037,0.03062481,0.032145249,0.034004621,0.036979778,0.039514902,0.042550281,0.042378019,0.042638071,0.00023464,1.70E-05,0.002673868,0.000349341,0.001740106,0.000108449,0,-0.12556035,0.021638243,0.017244274,0.013538511,0.007908672,0.00217363,0.000407971,0.030060843,0.021724522,0.015171476,0.006659513,0.000842399,6.80E-05,0.005326791,0.00031743,0.000250543,0,0.017945278,0.004379231,0.73994434,0.6610077,0.066641815,0.06216044,0.05789666,0.050052397,0.036955692,0.026679998,0.018768039,0.00872021,0,-0.21358306
1,64,0,0.32253365,0,0.3566463,0,0.29596864,0,-0.049894587,0,0.20402746,0,0.16319144,0,0.032871893,0,-0.28454679,0,0.17810631,0,0.014206019,0,0.050584916,0,0.017235742,0.024575666,0.050591137,0.06933375,0.062986866,0.0568573,0.04554334,0.026589148,0.012955978,0.11548673,0.10305662,0.09120083,0.06942936,0.034975015,0.0137824,0.078515105,0.07233616,0.0663971,0.05521571,0.035944454,0.021031778,0.03302684,0.027255015,0.022180155,0.014047681,0.004658097,0.001161147,0.055057332,0.042964492,0.032752264,0.017646203,0.003743372,0.000383007,0.021047223,0.016806997,0.013202716,0.007750116,0.00227932,0.000523782,0.028474579,0.020781182,0.014798868,0.006867212,0.000991065,0.000112757,0.049549215,0.043653723,0.038240597,0.028667953,0.014746858,0.006872931,0.081331,0.06884,0.05758716,0.038999323,0.015479773,0.005439465,0.020129682,0.015951842,0.01242653,0.007176989,0.00200141,0.000419798,0.025978178,0.018507069,0.012790989,0.005559899,0.000673263,3.24E-05,0.02150087,0.01725157,0.013619248,0.008091025,0.002196697,0.000368409,0.028910017,0.02107019,0.01483606,0.006780888,0.000893481,2.98E-05,0.021212423,0.017022839,0.013465475,0.007918381,0.002069058,0.000364812,0.02809382,0.020456098,0.014423401,0.006426632,0.000907163,4.49E-05,0.038420774,0.03223293,0.026692022,0.017531738,0.006308233,0.001846115,0.06611996,0.05306074,0.041583665,0.023747534,0.00559547,0.000756568,0.045424104,0.039241835,0.033469625,0.023232836,0.008762066,0.002089401,0.09526878,0.0892121,0.08330355,0.07205332,0.05195989,0.03537773,0.040354375,0.041285334,0.042571934,0.044048458,0.045746433,0.047222122,0.048469697,0.046599335,0.029048659,0.029932004,0.031229634,0.032777099,0.034556895,0.036172681,0.037667335,0.036558177,0.033460886,0.034899242,0.036840652,0.039721445,0.042201561,0.045070376,0.044867403,0.045060313,0.000258622,1.78E-05,0.002855919,0.000384372,0.001907575,0.000122185,0,-0.11968189,0.021568187,0.01718579,0.013495769,0.00788345,0.002167526,0.000407464,0.029901942,0.021611854,0.015093188,0.00662189,0.000836405,6.78E-05,0.004743049,0.000240703,0.000274171,0,0.022470238,0.006725566,0.81515867,0.72263336,0.06637595,0.06190609,0.057674326,0.049872786,0.036811806,0.026572011,0.018679645,0.00865834,0,2.5804386
1,65,0,0.11036568,0,-0.4508185,0,0.180789,0,0.065644431,0,0.1404846,0,-0.19445679,0,0.5600729,0,-0.10817475,0,0.34346807,0,0.27051739,0,0.04660852,0,-0.072961234,0.023657146,0.04662116,0.06584255,0.059552114,0.053532258,0.04244903,0.024054453,0.011196607,0.1097133,0.097410865,0.085713014,0.0643788,0.031245565,0.011615388,0.095552206,0.089615844,0.083868936,0.07292456,0.053377878,0.0370292,0.030401116,0.02492527,0.020115716,0.012544866,0.004016259,0.000961727,0.04987511,0.03845962,0.028909774,0.015174365,0.002977386,0.000281673,0.021155251,0.016875938,0.013252738,0.007779385,0.002284084,0.000530001,0.028676813,0.02093892,0.014937894,0.006926359,0.000999274,0.000111073,0.0469878,0.041275848,0.03601719,0.026799139,0.013577937,0.006226366,0.076108284,0.06402133,0.053262144,0.035553373,0.013745641,0.004777458,0.020215325,0.01601885,0.012480991,0.007205857,0.002007539,0.000420277,0.02618399,0.01865412,0.012896833,0.005604737,0.000677237,3.27E-05,0.021596164,0.017330673,0.013683541,0.008131126,0.002205794,0.000370213,0.029147308,0.021242823,0.014955681,0.006838288,0.000899823,3.01E-05,0.021297608,0.017092114,0.013521546,0.007951043,0.002077842,0.000366435,0.02832176,0.020622164,0.014544169,0.006479547,0.000914172,4.52E-05,0.03572356,0.029774562,0.024497127,0.015848724,0.005507741,0.001576944,0.060629908,0.048079133,0.037261527,0.020752888,0.004565946,0.000542178,0.0521421,0.046111967,0.04040699,0.03010703,0.014437226,0.005302275,0.08202425,0.07589004,0.069953665,0.058819234,0.039424837,0.024254145,0.040313281,0.041444217,0.042691747,0.044201361,0.045872149,0.047327376,0.048534363,0.046665601,0.024719212,0.025781528,0.027044796,0.028651536,0.030435344,0.032083668,0.033631404,0.032810889,0.029323788,0.030725031,0.032799385,0.03568243,0.038224744,0.041131759,0.040974548,0.041286334,0.000213798,1.59E-05,0.002555509,0.000331348,0.001663271,0.000103465,0,-0.077351786,0.021650441,0.017250208,0.013547251,0.00791322,0.0021758,0.000409087,0.030140353,0.021784887,0.015213557,0.006672915,0.000842337,6.84E-05,0.003798917,0.000160552,0.001406562,3.65E-05,0.013391281,0.002454851,0.8415484,0.5800016,0.06661356,0.06212527,0.057881977,0.050055828,0.036941938,0.026665553,0.018739393,0.00868391,0,-0.11509457
1,66,0,-0.68506941,0,-0.41166734,0,-0.34440103,0,-0.34054827,0,-0.55685137,0,-0.10609985,0,0.6369159,0,-0.19788552,0,-0.15925563,0,0.028375557,0,0.048316095,0,-0.29762189,0.023519384,0.048313975,0.09428607,0.08823503,0.08235004,0.071086146,0.05108917,0.034651786,0.13606235,0.12414094,0.1126971,0.09158252,0.05600754,0.029919164,0.09563627,0.08966816,0.08389562,0.07289967,0.053258404,0.03684531,0.03290206,0.027154928,0.022087252,0.014001982,0.004634117,0.001156126,0.05412377,0.042134598,0.03201807,0.01716125,0.00358226,0.000367437,0.020962682,0.016725589,0.013142513,0.007829022,0.002435085,0.00055043,0.028665451,0.020957509,0.014968246,0.007054283,0.001097221,0.000125577,0.04829596,0.042465117,0.03710308,0.02770697,0.014225294,0.006550815,0.07855377,0.06615914,0.055101294,0.037011903,0.014477633,0.00502053,0.020228043,0.016051037,0.012549596,0.00722891,0.002073936,0.00042337,0.026125304,0.018578637,0.012776764,0.005508132,0.00068005,4.37E-05,0.021422945,0.017136319,0.013516996,0.007953686,0.002212539,0.000379107,0.028931376,0.021100309,0.014899329,0.006744342,0.000916994,3.49E-05,0.021386953,0.017094618,0.013500314,0.007996418,0.002114109,0.000355884,0.028127396,0.020443536,0.014353271,0.00645123,0.00093409,5.55E-05,0.036885682,0.030891841,0.025541512,0.016715996,0.005959957,0.001800513,0.063188255,0.050402652,0.03927584,0.02212963,0.005130619,0.000672574,0.05208607,0.045995392,0.040228203,0.02982066,0.014032789,0.004977341,0.07666401,0.0704415,0.06444099,0.05321311,0.034016613,0.019519031,0.040367795,0.041615019,0.042817071,0.044341358,0.045985423,0.047420573,0.04859212,0.046721718,0.02646176,0.027646129,0.028862938,0.030473764,0.032219062,0.033826818,0.035302936,0.034367953,0.031216976,0.032563709,0.034692482,0.037512719,0.040018135,0.042814109,0.04263578,0.042900887,0.000254268,1.86E-05,0.002737155,0.000320961,0.001726797,0.000127046,0,-0.26571747,0.021777222,0.017381093,0.013639691,0.007978278,0.002177738,0.000409301,0.030011307,0.021680761,0.015146527,0.006671478,0.00086323,6.52E-05,0.02189538,0.006086906,0.001248357,2.45E-05,0.00963327,0.001256121,0.59631777,0.48581186,0.06752677,0.062985055,0.058676574,0.050725598,0.03740267,0.02713109,0.019249184,0.009107324,0,-0.61891945
1,67,0,0.28168839,0,-0.91405812,0,0.18916603,0,-0.020268993,0,0.21527878,0,-0.019117241,0,0.58605524,0,0.042783218,0,0.20983663,0,0.13191002,0,0.049653657,0,0.26099975,0.025570558,0.049634226,0.0846917,0.07853865,0.07257061,0.061237793,0.041540854,0.025870169,0.12852246,0.11644747,0.10483412,0.08340623,0.04808345,0.02346723,0.14630908,0.14075652,0.13531418,0.1247278,0.10491406,0.08697488,0.03321213,0.027422165,0.02232476,0.014161402,0.004705822,0.001177012,0.05543287,0.043284107,0.03301146,0.017807607,0.003789655,0.000391775,0.02082362,0.016636806,0.013072616,0.007755239,0.00241359,0.000535005,0.028491974,0.020768847,0.014795654,0.006945013,0.001053002,0.000130246,0.048972536,0.043106817,0.03772308,0.028251698,0.014499952,0.006722057,0.08037065,0.0678706,0.056689348,0.038258072,0.015109045,0.005281925,0.020189019,0.016022267,0.012515106,0.007207719,0.002056332,0.0004337,0.02606302,0.018547606,0.012773124,0.00552719,0.000679575,3.72E-05,0.021431945,0.017149558,0.01351126,0.007982887,0.002201101,0.000372355,0.028863572,0.021057127,0.014853591,0.006733075,0.000906234,3.21E-05,0.02131692,0.01705923,0.013458242,0.007964643,0.002090017,0.000359303,0.028080475,0.020419192,0.014345852,0.00641404,0.000925947,5.00E-05,0.03767518,0.031576462,0.026151957,0.017163938,0.006164558,0.00183977,0.06514565,0.052172333,0.040813163,0.023203652,0.005458604,0.000732176,0.05214592,0.04599133,0.040168814,0.029652497,0.013734543,0.004729625,0.06574808,0.059397083,0.053313278,0.04199749,0.023569148,0.011013501,0.040428118,0.041861173,0.042997986,0.044547628,0.046152638,0.047558622,0.048677789,0.046805519,0.027772542,0.029146132,0.030297127,0.031925289,0.033622966,0.035186517,0.036583658,0.035563153,0.032755435,0.03402592,0.036249491,0.038991865,0.041463875,0.044129865,0.043934475,0.044166215,0.000258962,1.84E-05,0.002820896,0.000356026,0.001844024,0.000127249,0,0.051186283,0.021699611,0.017313614,0.013583033,0.007944915,0.002176011,0.00040605,0.029935258,0.021627404,0.015104964,0.006646426,0.00084933,6.63E-05,0.014428117,0.002512384,0.001127285,1.62E-05,0.003826832,0.000160278,0.67434233,0.08989698,0.06714433,0.06262891,0.058330122,0.0503927,0.037195146,0.026932254,0.019028153,0.008970571,0,-0.014216254
1,68,0,0.11582633,0,1.9148143,0,0.071059023,0,-0.013357899,0,-0.0552734,0,0.28275595,0,0.38686832,0,0.22150556,0,-0.30488531,0,-0.17889867,0,0.054863688,0,0.27595236,0.027619812,0.054812625,0.08573295,0.07949942,0.07344024,0.061938446,0.041879702,0.025917938,0.13326353,0.12099384,0.10924954,0.08728963,0.050930787,0.025215657,0.12675427,0.12099791,0.11536352,0.10448503,0.08432226,0.06646667,0.036394984,0.030287376,0.024882225,0.016052041,0.005538407,0.001453967,0.062581174,0.049636714,0.038456246,0.021467132,0.005008507,0.000568543,0.020737289,0.016551187,0.013013209,0.007715987,0.002385933,0.000522167,0.02825434,0.020578489,0.014655326,0.006868816,0.001044722,0.000129303,0.052235898,0.0461604,0.040555492,0.03067114,0.016033802,0.007561878,0.08762427,0.074590534,0.06279821,0.04311006,0.017686285,0.006297364,0.020085674,0.015940456,0.012445642,0.007174544,0.002043079,0.000434742,0.025789388,0.018357405,0.012641758,0.005475584,0.000672774,3.60E-05,0.021332668,0.017074354,0.013450292,0.007953323,0.002189489,0.000369163,0.028563013,0.020837324,0.014695004,0.006666144,0.000895537,3.12E-05,0.021196254,0.016971719,0.013391755,0.007920134,0.002076284,0.000358289,0.027787842,0.020212064,0.014204575,0.006346894,0.000914282,4.84E-05,0.041156165,0.034745224,0.028979754,0.019376935,0.007214294,0.002184186,0.07280018,0.059109885,0.046991922,0.027658109,0.007053516,0.001100763,0.053681787,0.047332417,0.04133751,0.030444259,0.013894874,0.004610107,0.06325487,0.056707885,0.05045344,0.03890236,0.020278262,0.008317197,0.040551499,0.042102979,0.043173538,0.044734506,0.046302977,0.047681419,0.04875435,0.046878086,0.033227739,0.034743871,0.035823166,0.037429642,0.039052155,0.040522253,0.041756743,0.040374438,0.038400657,0.039586921,0.04184505,0.044470912,0.04684365,0.049290735,0.04903433,0.049127278,0.000322933,2.03E-05,0.003214046,0.0004296,0.002235223,0.000169757,0,-0.01840081,0.021577882,0.017215202,0.013505392,0.007900044,0.002165004,0.000403651,0.029619955,0.02140128,0.014946592,0.006575468,0.000838622,6.59E-05,0.014280719,0.002364365,0.001019919,9.12E-06,0.002297943,2.94E-05,0.71334994,0.12017995,0.066729315,0.06223553,0.057962097,0.050081298,0.036969133,0.026753532,0.018887399,0.008890707,0,0.092015411
1,69,0,0.58831985,0,8.9902418,0,-0.056193896,0,0.20922228,0,0.099820341,0,0.36303464,0,-0.028827687,0,0.23338586,0,-0.020598751,0,0.20368579,0,0.05697579,0,0.001596233,0.03145874,0.05690561,0.0793858,0.073058516,0.06690483,0.055305637,0.035408013,0.020058779,0.12944174,0.11696803,0.10502236,0.082801476,0.046204753,0.021321414,0.088950224,0.08275184,0.07676408,0.06540298,0.04539565,0.029161071,0.037234828,0.03105305,0.025555186,0.016552355,0.005763611,0.001526364,0.065061145,0.05186302,0.04038499,0.02281281,0.005474668,0.000656393,0.020647043,0.016426045,0.01291886,0.007652873,0.002273145,0.000500839,0.02806514,0.020413918,0.014491794,0.006718806,0.000984801,0.00011694,0.05347049,0.04732366,0.041647885,0.031601638,0.01663332,0.007914226,0.090620056,0.07742906,0.065429755,0.045257997,0.018859372,0.006786409,0.020027222,0.01588901,0.012382392,0.007166798,0.002019692,0.000429859,0.025664832,0.01827842,0.012599718,0.005468706,0.000668332,3.44E-05,0.021330852,0.01708697,0.013470558,0.007986813,0.00218145,0.000363776,0.028471664,0.02076231,0.014630029,0.006661611,0.000888298,2.87E-05,0.021114219,0.016929872,0.013374513,0.00788172,0.002057275,0.000360799,0.027686698,0.020154113,0.014181667,0.006327153,0.000901347,4.51E-05,0.042540897,0.03602401,0.030107552,0.02024026,0.007635891,0.002316137,0.07598351,0.062058665,0.049630497,0.029598653,0.007766581,0.001262041,0.053315558,0.046869162,0.040774133,0.02973574,0.013071175,0.004022374,0.06773002,0.061201323,0.05492688,0.043241955,0.024062045,0.011019727,0.040619848,0.042317586,0.043331086,0.044910661,0.046445622,0.047798908,0.048827588,0.046949067,0.035383172,0.037054897,0.03807497,0.039687035,0.041260876,0.042679866,0.043824415,0.042299375,0.040747761,0.041865781,0.04419135,0.046741137,0.049069206,0.051385487,0.051104189,0.051146223,0.000342033,2.05E-05,0.003370809,0.000470922,0.002423509,0.000190162,0,0.30305607,0.02149055,0.017136233,0.013446958,0.007861333,0.002158411,0.000403634,0.02949647,0.021315046,0.014885523,0.006541152,0.000830839,6.64E-05,0.009572786,0.000988326,0.000782897,1.69E-06,0.003669879,0.000114007,0.8656397,0.5564093,0.06630086,0.061831422,0.057589896,0.0497628,0.036741618,0.026560616,0.018711252,0.008735294,0,0.20621235
1,70,0,1.3795212,0,-0.3530337,0,0.3721384,0,0.1538144,0,0.76632497,0,0.42511977,0,0.02053352,0,0.31595161,0,0.68334216,0,0.40803689,0,0.055108886,0,0.48443852,0.031138363,0.05503658,0.06881793,0.062396728,0.05619797,0.044731237,0.025621504,0.01202263,0.11934306,0.10669561,0.09463475,0.07238296,0.036758743,0.014604054,0.10385264,0.09785217,0.0920188,0.08089249,0.060793772,0.0436344,0.035104714,0.029119838,0.023839006,0.015260248,0.005185816,0.001332754,0.06145992,0.04866562,0.037624933,0.020923594,0.004825054,0.000538891,0.021022419,0.016775904,0.013160803,0.007708747,0.002273695,0.000527055,0.028126506,0.020570401,0.014654012,0.006812732,0.000968867,0.000102675,0.05208017,0.04602612,0.040430725,0.030527033,0.015970346,0.007550767,0.08807534,0.075104654,0.06333193,0.043605734,0.017951103,0.00640094,0.020064993,0.01589084,0.012394981,0.007146863,0.001987427,0.0004171,0.025733637,0.018328104,0.01268088,0.005512248,0.000664266,3.33E-05,0.021442119,0.017213348,0.013597972,0.008085875,0.002188344,0.000368016,0.02864762,0.0208809,0.01469514,0.006727615,0.000882063,2.97E-05,0.021117568,0.016952962,0.013414321,0.007888109,0.002061673,0.000363791,0.027828636,0.02026342,0.014302218,0.00637092,0.000897533,4.40E-05,0.041140463,0.034721922,0.028920997,0.019249538,0.007156045,0.002136511,0.07323553,0.05955947,0.047335725,0.027912395,0.007087244,0.001084449,0.047861475,0.04138086,0.035329174,0.024535486,0.009073471,0.002031209,0.067987174,0.061514344,0.055309642,0.043722004,0.024694148,0.011612529,0.040618557,0.042497274,0.043465641,0.045073095,0.046578537,0.047909807,0.048896399,0.047017931,0.033297808,0.035138854,0.036116695,0.037769356,0.039329265,0.040752476,0.041901195,0.040516499,0.038852761,0.039923031,0.04235897,0.04488252,0.047234783,0.04952536,0.049263185,0.049356839,0.000298047,1.89E-05,0.003183424,0.000450832,0.002276092,0.00016238,0,0.57055315,0.021459974,0.017096618,0.013428786,0.007845412,0.002157883,0.000406145,0.029607534,0.02140557,0.014948378,0.006554489,0.000826374,6.73E-05,0.004103276,0.000166531,0.000222617,0,0.004057752,0.000163152,0.99190265,0.37842044,0.06598122,0.061536793,0.05733452,0.04959626,0.03658852,0.026413884,0.018545749,0.008588758,0,1.3941578
1,71,0,-0.051693071,0,-0.25125402,0,0.026755531,0,-0.055677638,0,0.021104448,0,-0.02275522,0,0.15564787,0,-0.21614963,0,0.086105889,0,-0.067859822,0,0.057961542,0,-0.077049107,0.031590077,0.057867065,0.07001027,0.06354283,0.057294026,0.04567881,0.026301254,0.012412285,0.12265852,0.10993384,0.09775874,0.07522428,0.03877149,0.015751801,0.10493249,0.09889619,0.093022786,0.08181765,0.061558086,0.044230096,0.036819916,0.030680383,0.02521846,0.016293516,0.005643867,0.001484705,0.065529376,0.052301463,0.040772907,0.023098188,0.005579356,0.000680069,0.021023424,0.016784962,0.01316822,0.007682797,0.002271933,0.000524331,0.027984893,0.020461919,0.014582308,0.006785688,0.000966027,0.000102578,0.05387628,0.047718648,0.04200154,0.03188069,0.01686502,0.008043467,0.092154965,0.078939795,0.06687109,0.046468996,0.019560613,0.007072588,0.020013811,0.015847431,0.012366342,0.007125782,0.001982203,0.000415157,0.025588077,0.018224703,0.012609429,0.005482117,0.000659244,3.33E-05,0.021389496,0.017173305,0.013567833,0.008070535,0.002182888,0.000367261,0.028485147,0.020762809,0.014610467,0.00669139,0.000876301,2.96E-05,0.021057116,0.016906511,0.013377599,0.007866668,0.002056334,0.000362779,0.027668461,0.020146769,0.014223264,0.006335502,0.000892458,4.37E-05,0.043073907,0.03650051,0.030534668,0.020511383,0.007793962,0.002365242,0.07760709,0.06356276,0.050966375,0.030596182,0.008104818,0.001332493,0.054269817,0.047764115,0.04160135,0.03042269,0.013447853,0.004155882,0.06818765,0.06164406,0.055349723,0.043626454,0.024342427,0.011191607,0.040701023,0.042719388,0.043628244,0.045252659,0.046723999,0.048029383,0.048971269,0.04708985,0.036242138,0.038236987,0.039151851,0.04080378,0.042308474,0.043670065,0.044711011,0.043130695,0.041989962,0.042987896,0.045482899,0.04792196,0.050216854,0.052359131,0.052063719,0.052087366,0.000334275,1.99E-05,0.00342244,0.000501889,0.002520973,0.000200055,0,-0.029450605,0.021395838,0.017045354,0.013388685,0.007822258,0.002151641,0.000405074,0.029434538,0.021282317,0.014862863,0.006516241,0.000821221,6.69E-05,0.004264357,0.000172734,0.000809155,1.95E-06,0.003750686,0.000118935,0.9973741,0.1642573,0.06577067,0.061339445,0.0571515,0.049444724,0.036473494,0.026328476,0.018482294,0.008556481,0,-0.29730004
1,72,0,0.5844184,0,-0.040395904,0,-0.02586629,0,0.096336251,0,0.50662048,0,-0.3446755,0,-0.36776768,0,0.042491847,0,0.47982113,0,-0.031029562,0,0.055446446,0,0.29328932,0.032365688,0.055352673,0.060572747,0.054084655,0.047866657,0.03640847,0.018015202,0.006436406,0.11315623,0.10036589,0.08814217,0.06576782,0.030633649,0.010421185,0.10059448,0.09455782,0.088698596,0.077528566,0.057447877,0.04046471,0.034004256,0.028135253,0.022961568,0.014610976,0.004897078,0.001236832,0.060701508,0.048005797,0.03706654,0.020558491,0.004703958,0.000521281,0.02144575,0.01712486,0.013426896,0.007782489,0.00232302,0.000512864,0.028227305,0.020699508,0.014793782,0.006957009,0.000914833,7.05E-05,0.052092575,0.04605398,0.04042121,0.030529287,0.016035262,0.007556411,0.08881328,0.07583239,0.064028434,0.04415023,0.018338118,0.006533876,0.020001033,0.01584868,0.012317146,0.00702138,0.001925932,0.000389831,0.025610834,0.018217992,0.012573887,0.005474377,0.00062815,2.87E-05,0.021546174,0.017341075,0.0137301,0.008189498,0.002227396,0.000382182,0.028735759,0.020934686,0.014718086,0.006775287,0.000867913,3.16E-05,0.021110551,0.016953908,0.013413078,0.007892975,0.002076621,0.000367135,0.027875112,0.020293234,0.014350187,0.006408316,0.000895262,4.19E-05,0.04121667,0.03478038,0.02896937,0.019256305,0.007169289,0.002125579,0.07389797,0.06014688,0.047856286,0.028268423,0.00721277,0.001107744,0.06148348,0.055153307,0.04910851,0.03793982,0.020104581,0.008612417,0.07714173,0.0707856,0.06463689,0.05308196,0.033433024,0.018682377,0.040688954,0.042894179,0.043759652,0.045413578,0.04685604,0.048139859,0.049039891,0.047158864,0.033466294,0.035632095,0.036507584,0.03820583,0.039702485,0.041077362,0.042137939,0.040744148,0.039403568,0.040356914,0.042969668,0.045390157,0.047720258,0.04985205,0.049582985,0.049674753,0.000277639,1.77E-05,0.003202492,0.000463602,0.002324981,0.000183975,0,0.029383135,0.02137498,0.017024303,0.013361402,0.007808378,0.002141338,0.000402171,0.029591588,0.021423737,0.014959541,0.006542244,0.000816085,6.65E-05,0.001392191,1.41E-05,0.002738972,0.000128858,0.008832153,0.000974166,0.6967294,0.62680674,0.06558252,0.06114367,0.056945574,0.049296334,0.0363064,0.026169932,0.018316543,0.00849565,0,0.33487777
1,73,0,0.15055816,0,-0.91959004,0,0.070790097,0,-0.033142432,0,-0.2001448,0,0.31002193,0,0.10174146,0,-0.026964514,0,-0.18643958,0,0.083526858,0,0.05417122,0,-0.12189684,0.029409287,0.054073043,0.06118403,0.054734908,0.04855303,0.037167918,0.018815478,0.00704195,0.1126321,0.09991748,0.087764375,0.06554466,0.0307242,0.010604694,0.13720144,0.13153794,0.12598696,0.11523134,0.095171385,0.07718222,0.03349176,0.027673991,0.022549586,0.014307787,0.004763274,0.001193672,0.05930217,0.04675159,0.03599604,0.019826548,0.004457159,0.000481737,0.021474067,0.017123627,0.013412372,0.007750742,0.002312728,0.000506952,0.028323997,0.020766573,0.014834283,0.006972416,0.000919767,7.36E-05,0.0513955,0.045394395,0.039815623,0.030012678,0.01569482,0.007362993,0.08710617,0.074229464,0.06256008,0.04296407,0.017668309,0.006272171,0.020060537,0.015895706,0.012362007,0.007068511,0.001945496,0.00039903,0.02572405,0.01830049,0.012643946,0.005505455,0.000637201,3.04E-05,0.021548565,0.017333528,0.013718271,0.008177115,0.002217256,0.000377451,0.02878317,0.020970574,0.014743367,0.006779101,0.000873531,3.11E-05,0.021130525,0.016974252,0.013428994,0.007902551,0.002075139,0.000366264,0.027926259,0.020331996,0.014377262,0.006411142,0.000898544,4.25E-05,0.0404637,0.03408879,0.02834389,0.018776782,0.006925644,0.002044573,0.07211175,0.058514535,0.046388753,0.027204484,0.006817142,0.001017225,0.059118725,0.052766427,0.046724122,0.035610467,0.01810412,0.007232051,0.07266619,0.06628686,0.060133584,0.04860721,0.029314071,0.015330197,0.041005301,0.043080595,0.043898794,0.045579539,0.046991706,0.048252857,0.049110424,0.047228849,0.032316413,0.034345438,0.035176144,0.036909874,0.038387431,0.039758191,0.040809057,0.039513162,0.038140043,0.039042345,0.041759608,0.04414597,0.046489913,0.048578933,0.048323019,0.048452448,0.000266979,1.75E-05,0.003098924,0.000440623,0.002217219,0.00016592,0,-0.087149471,0.021416573,0.017059864,0.013392039,0.007822695,0.002147281,0.000404005,0.029659433,0.021466747,0.014988366,0.006558317,0.000819797,6.70E-05,0.001649128,2.14E-05,0.002068901,6.98E-05,0.006470943,0.000530499,0.7230444,0.29212725,0.065727144,0.061278433,0.05708383,0.049406506,0.03640081,0.026254369,0.018375684,0.008512735,0,0.11159498
1,74,0,0.16184047,0,1.2524961,0,0.3770304,0,0.039262029,0,-0.096410649,0,0.88478137,0,0.1297191,0,0.063440168,0,-0.051901093,0,0.021909573,0,0.055310655,0,0.062666456,0.028616624,0.055197366,0.060153432,0.053664383,0.04745066,0.036000334,0.017659288,0.006206595,0.1126673,0.09987482,0.08765188,0.0652992,0.030252945,0.010187434,0.13044173,0.12471314,0.11910165,0.10825071,0.08808611,0.07014373,0.03398333,0.028116882,0.022944372,0.014597221,0.004889695,0.001234737,0.06056433,0.047884855,0.03696539,0.020491991,0.004682908,0.000517892,0.021439672,0.01712475,0.013435342,0.007791326,0.002324769,0.000515282,0.028233292,0.020702632,0.014790156,0.006959908,0.000915074,6.93E-05,0.052252553,0.046204995,0.040559188,0.030648885,0.016113728,0.007599803,0.088808775,0.075828046,0.06402376,0.044149738,0.018342394,0.00653305,0.019992903,0.015841503,0.012310213,0.007012881,0.001921132,0.000387574,0.025600107,0.018210668,0.012565864,0.005472565,0.000625482,2.83E-05,0.021547826,0.017344335,0.013734918,0.008193494,0.002230164,0.000383565,0.028741535,0.020938754,0.014721404,0.006778608,0.000867014,3.17E-05,0.021108277,0.016950302,0.013410456,0.007891404,0.002076953,0.000367403,0.02787977,0.020296207,0.014352335,0.006411838,0.000894925,4.18E-05,0.041388012,0.034938257,0.02911257,0.01936554,0.00722478,0.002143852,0.073883556,0.060133122,0.04784295,0.028257446,0.007208876,0.001106272,0.05353726,0.04703813,0.040887807,0.029752769,0.01294967,0.003899086,0.07226195,0.06584602,0.05965905,0.048063524,0.028692441,0.014752482,0.041380403,0.043288767,0.044052599,0.045754154,0.047133816,0.048370437,0.049184158,0.047300518,0.033754006,0.035623008,0.036398162,0.03814612,0.039583415,0.040916459,0.041900199,0.040530698,0.039450188,0.040289015,0.043083709,0.045406843,0.047722888,0.049708012,0.04943738,0.049539662,0.00027734,1.77E-05,0.003226891,0.000469151,0.002327268,0.000185161,0,-0.015116887,0.021366943,0.017016912,0.013354845,0.007805299,0.00214024,0.00040161,0.029593378,0.021426143,0.014961853,0.006542253,0.000815576,6.64E-05,0.00130741,1.21E-05,0.000730391,9.47E-07,0.006040459,0.000443696,0.7679365,0.38161293,0.06555422,0.061115887,0.056917828,0.049273822,0.036289074,0.026150553,0.018303448,0.008491697,0,0.36765501
1,75,0,0.006131847,0,4.8798785,0,-0.16331105,0,-0.13019682,0,0.2768657,0,0.070661841,0,-0.44773985,0,-0.073809081,0,0.09496153,0,0.17614338,0,0.054504674,0,0.077267831,0.030112681,0.054384917,0.06410283,0.05767172,0.051481813,0.04007617,0.021417007,0.008885102,0.11521637,0.10253525,0.09040601,0.06819133,0.033028368,0.012116936,0.09883989,0.09279131,0.08692442,0.07574574,0.05570295,0.03884107,0.034259032,0.028358843,0.023159603,0.014755793,0.004959313,0.00125817,0.060388584,0.04771997,0.036820024,0.020384306,0.004645661,0.000510872,0.021401675,0.017079327,0.013379796,0.007754678,0.002322558,0.000518025,0.028293839,0.020738991,0.014793966,0.006928271,0.000955154,8.34E-05,0.051909618,0.045874603,0.04026707,0.030406125,0.015918333,0.007503555,0.08770173,0.07477207,0.063055746,0.043371134,0.017864507,0.006360779,0.020069027,0.01588636,0.01237787,0.007097882,0.001964084,0.00040696,0.025749104,0.018330228,0.0126795,0.005521033,0.000650258,3.27E-05,0.021496389,0.0172755,0.01366135,0.008138775,0.002200243,0.000370829,0.028713455,0.020927679,0.014716052,0.006755242,0.000877194,3.01E-05,0.02111426,0.016961806,0.01341913,0.007894736,0.002067708,0.000364639,0.027874889,0.020296006,0.014343539,0.006390328,0.000898602,4.32E-05,0.040998444,0.034579344,0.02879089,0.019127786,0.007103456,0.002112605,0.07279579,0.059148904,0.046958424,0.027627558,0.006976307,0.001054577,0.05323493,0.046731282,0.040577546,0.029447358,0.012700195,0.003758941,0.085255444,0.07901563,0.07294723,0.0614858,0.041479874,0.025688827,0.041722007,0.04348003,0.044195464,0.045922495,0.047271471,0.048485034,0.049256,0.047371324,0.033119796,0.034834641,0.035563265,0.03734235,0.038756557,0.040078998,0.041041933,0.039736822,0.038686776,0.039472402,0.042366251,0.044649508,0.046971259,0.048901111,0.048638253,0.048765757,0.00028079,1.81E-05,0.003158416,0.000449593,0.002253223,0.000162555,0,-0.087053356,0.021427434,0.017070724,0.013404231,0.007829201,0.002151461,0.000405527,0.02962475,0.02143248,0.014967654,0.00655407,0.00082228,6.72E-05,0.002445768,5.07E-05,0.000685141,4.76E-07,0.014290886,0.002639029,0.7560897,0.6327291,0.065799706,0.061349962,0.057165984,0.049474496,0.036468282,0.02631369,0.018444695,0.008533536,0,-0.097061731
1,76,0,-0.22836771,0,0.085374936,0,-0.24575424,0,1.74E-05,0,-0.074370317,0,0.035357912,0,0.8143356,0,-0.19608987,0,-0.25326245,0,0.015630611,0,0.055003572,0,-0.036632741,0.027663908,0.05487153,0.07104202,0.06466047,0.05848704,0.04704305,0.027807327,0.013791592,0.12130004,0.10873006,0.096723124,0.0745125,0.038773183,0.016020706,0.09826953,0.09220248,0.086317606,0.07510739,0.055029914,0.03817732,0.035517607,0.029493485,0.024169592,0.015505337,0.005291569,0.00136785,0.062203195,0.049328726,0.038198587,0.021317879,0.004965317,0.000561152,0.0209544,0.016729122,0.013139701,0.007711585,0.0022687,0.000521811,0.028177215,0.020565387,0.01464477,0.006795171,0.000980997,0.000111573,0.052450977,0.04637132,0.040759962,0.03080402,0.016133988,0.00765293,0.08844144,0.0754472,0.06363263,0.043843094,0.018068312,0.006450733,0.020039616,0.01588057,0.012371245,0.007145065,0.001992515,0.000417929,0.025706064,0.018313587,0.012657632,0.005502063,0.000666224,3.21E-05,0.021404805,0.017174754,0.013558795,0.00805534,0.00218704,0.000366819,0.028607382,0.020849936,0.01468109,0.006710373,0.000884228,2.95E-05,0.021117058,0.016946428,0.0134052,0.007883047,0.002059934,0.000363226,0.027799321,0.020241927,0.014272791,0.006359652,0.00089776,4.45E-05,0.04150795,0.035071034,0.029235741,0.019511316,0.00728367,0.002182582,0.07365304,0.059939086,0.047687672,0.028175982,0.007193513,0.001110887,0.05379737,0.047270946,0.041090023,0.029897869,0.012987058,0.003886404,0.07655178,0.070182465,0.06402069,0.052444875,0.032802794,0.018129766,0.042087202,0.043683393,0.04434642,0.046095664,0.047412699,0.048602261,0.049329571,0.047443166,0.033875807,0.035432044,0.036108108,0.037906841,0.039286413,0.040580079,0.041490955,0.040157714,0.039314253,0.04003988,0.043018033,0.045245946,0.047550925,0.049393124,0.049122861,0.049240366,0.000305798,1.92E-05,0.003231797,0.000456989,0.002294065,0.000166464,0,-0.21661724,0.021471996,0.017109344,0.013435982,0.007848795,0.002158183,0.000405765,0.029589903,0.021386925,0.014936493,0.006553622,0.000827918,6.72E-05,0.005202272,0.00028079,0.00071883,7.96E-07,0.00841918,0.0008801,0.6786246,0.6453882,0.06607786,0.061628133,0.05741576,0.04964968,0.0366474,0.026453791,0.018596604,0.008619981,0,-0.050523618
1,77,0,0.19276515,0,-0.18058998,0,-0.041204955,0,0.039522149,0,0.11262297,0,-0.23566387,0,0.31216629,0,-0.15499048,0,0.17211506,0,-0.31084134,0,0.057521254,0,0.32985777,0.030674106,0.057365533,0.067997694,0.061513927,0.055260815,0.043647025,0.024419988,0.010947441,0.12076872,0.10802222,0.0958042,0.07326473,0.036982436,0.014514677,0.10907603,0.1030707,0.09722502,0.08605286,0.06574514,0.048220307,0.03682089,0.030684268,0.025222111,0.016297488,0.005646857,0.001486653,0.06527584,0.0520838,0.04059171,0.02298264,0.005546934,0.000674798,0.02121847,0.01694856,0.013303242,0.00774588,0.002319164,0.000528408,0.02809182,0.020576626,0.014652321,0.006855142,0.000967385,9.28E-05,0.05420145,0.048020173,0.04228532,0.032132734,0.01704035,0.008138848,0.09209571,0.07888949,0.06683541,0.0464436,0.01955585,0.007069355,0.02001946,0.015844977,0.012361305,0.007105195,0.001969491,0.000409309,0.02560522,0.01823305,0.012617279,0.00548845,0.000651517,3.29E-05,0.021401761,0.017192202,0.013588829,0.008092199,0.002185924,0.000368048,0.028509852,0.020781143,0.014617641,0.006703168,0.000873777,2.97E-05,0.021042043,0.016900405,0.013372643,0.00786546,0.002057715,0.000362568,0.027684381,0.020157628,0.014240453,0.006343829,0.000892981,4.33E-05,0.043441355,0.036836497,0.030838791,0.020742234,0.007912096,0.002406599,0.07752295,0.06348723,0.050893027,0.030537944,0.008078112,0.001324453,0.0615858,0.05507132,0.048868276,0.037423898,0.019186836,0.007702925,0.07442157,0.067963935,0.061721854,0.04999775,0.03024444,0.015845548,0.042559995,0.043944921,0.044539203,0.046310956,0.047587561,0.048746794,0.049420573,0.047530817,0.036829006,0.038187286,0.038791014,0.040597272,0.04191776,0.043149896,0.04395217,0.042448722,0.042113391,0.04275697,0.045814704,0.047953897,0.050205853,0.051897825,0.051596499,0.051651089,0.000335238,1.99E-05,0.003464663,0.000511812,0.002518208,0.000200133,0,-0.10153007,0.021366851,0.01702168,0.013368652,0.00781034,0.002147432,0.000404752,0.029436354,0.021290796,0.014869172,0.006514418,0.000819125,6.69E-05,0.003432611,0.000105612,0.002186457,6.85E-05,0.006710473,0.000531411,0.75539696,0.59639984,0.065644585,0.061208528,0.057036478,0.04935854,0.036396064,0.026266243,0.018423991,0.0085209,0,0.33067751
1,78,0,-0.51952765,0,2.2926055,0,-0.086218742,0,-0.26586293,0,-0.18445812,0,0.1622814,0,-0.068814716,0,0.014004076,0,-0.41967309,0,-0.4412958,0,0.058203615,0,-0.22916574,0.032062644,0.058036633,0.08278671,0.07647637,0.0703386,0.058698434,0.038571145,0.022783328,0.13362496,0.12117158,0.10923446,0.08694964,0.049924906,0.024067977,0.09559052,0.08943159,0.08345858,0.07208194,0.051813792,0.03499495,0.0387966,0.032483224,0.026823085,0.01752091,0.006212492,0.001676748,0.06813676,0.054638147,0.042815365,0.024512898,0.006090576,0.000782855,0.020612586,0.016432686,0.012931214,0.007670551,0.002329777,0.000508629,0.027995987,0.020353684,0.014498564,0.006761428,0.001012164,0.000125006,0.054953147,0.048707508,0.04293364,0.032713328,0.017367389,0.008320624,0.09319827,0.07981341,0.06762804,0.04700598,0.019852314,0.007194926,0.019993136,0.015867226,0.012373034,0.007152934,0.002023714,0.000431326,0.025580294,0.018215783,0.01254765,0.005442441,0.000665239,3.49E-05,0.02126978,0.017033188,0.013423366,0.007951608,0.002178078,0.000363355,0.028353749,0.020681303,0.01457521,0.006627087,0.000886509,2.95E-05,0.021081086,0.016896935,0.013340894,0.007875226,0.002058562,0.000358999,0.027577182,0.020070314,0.014115378,0.006300829,0.000901713,4.58E-05,0.04409986,0.03745887,0.031423952,0.021289978,0.00815693,0.002513201,0.078724265,0.06457423,0.05190396,0.03130078,0.008429511,0.001442971,0.062816896,0.056294598,0.05007794,0.038583603,0.020132275,0.008323289,0.07888472,0.072474405,0.06624838,0.054516267,0.03445956,0.019325567,0.04285771,0.044111032,0.044662406,0.046451349,0.047702043,0.048841712,0.049480314,0.04758889,0.037736412,0.038966556,0.039526549,0.04134625,0.042636335,0.043841241,0.044594846,0.04304864,0.042917991,0.043511967,0.046633732,0.048725793,0.050959484,0.052575858,0.052265352,0.052304761,0.000377637,2.16E-05,0.003578896,0.000503226,0.002577538,0.000213437,0,-0.32086965,0.021461029,0.017117297,0.013429067,0.007853866,0.002154937,0.000402235,0.02938702,0.02123529,0.014830439,0.006520009,0.0008294,6.60E-05,0.011647935,0.00148988,0.002472122,8.93E-05,0.009185068,0.001001013,0.5519064,0.7655909,0.06626067,0.061801504,0.057558563,0.049736828,0.03671984,0.026549269,0.01871653,0.008763581,0,-0.78148211
1,79,0,-0.40396948,0,-0.37191037,0,-0.10437969,0,-0.055557615,0,-0.33156027,0,-0.25233017,0,-0.49714627,0,-0.1487344,0,-0.2214307,0,-0.040767025,0,0.05896875,0,-0.11221398,0.034075447,0.058785796,0.084951915,0.07864547,0.0725084,0.06083994,0.040547784,0.02448996,0.1360647,0.1236178,0.11167978,0.089345254,0.052088816,0.025679851,0.10777549,0.10172207,0.095833085,0.08458311,0.064175144,0.046624593,0.039637674,0.03325832,0.027513029,0.01805472,0.006466382,0.001765088,0.069588006,0.0559563,0.043979675,0.025328964,0.006391266,0.000847882,0.020619683,0.016445486,0.012945102,0.007675064,0.00234024,0.000510118,0.027957296,0.020315593,0.014454949,0.00674533,0.001017589,0.000125705,0.055651654,0.04936264,0.04354189,0.03323682,0.017715791,0.008514183,0.094415754,0.0809463,0.06867007,0.047845397,0.02032953,0.007397027,0.019974386,0.015854526,0.012368032,0.007143339,0.00202534,0.000433044,0.025539633,0.018185697,0.012526852,0.005430663,0.000664444,3.51E-05,0.021239908,0.017006787,0.013400436,0.007933781,0.002176595,0.000363989,0.028299002,0.020643454,0.014551174,0.006610592,0.00088556,2.99E-05,0.021067113,0.016881283,0.013326474,0.007871498,0.002059384,0.000358021,0.027526332,0.020030145,0.014083649,0.00628855,0.000902022,4.62E-05,0.04483306,0.03813703,0.03204745,0.021791534,0.008406409,0.002610054,0.08002015,0.065768674,0.052980144,0.03212425,0.008755934,0.001533375,0.06636494,0.05988271,0.053668473,0.042110402,0.023200743,0.010533908,0.08846489,0.08215992,0.07602201,0.06433627,0.043861933,0.02752913,0.043300319,0.044358081,0.044845923,0.046661219,0.0478733,0.048983965,0.049570025,0.04767612,0.038822458,0.039860725,0.040356414,0.042198527,0.04344521,0.044613027,0.045299862,0.043707795,0.04384915,0.044370202,0.04759084,0.049615341,0.051826223,0.053335881,0.05301449,0.053037894,0.0003975,2.23E-05,0.003678479,0.00051891,0.002651516,0.000223822,0,-0.33074722,0.021447515,0.017108575,0.013421481,0.007850521,0.002153524,0.000401686,0.029336127,0.021198325,0.014804645,0.006510394,0.000828743,6.57E-05,0.012972707,0.001852958,0.003630708,0.000193777,0.0155928,0.003034626,0.2881897,0.66045105,0.066249534,0.061795935,0.057548396,0.04973072,0.036712952,0.026548067,0.018724106,0.008782664,0,-0.28007944
1,80,0,-0.55818646,0,0.61078837,0,-0.25647265,0,0.11420158,0,-0.21674425,0,-0.17591784,0,-0.066794505,0,-0.19823079,0,-0.020141575,0,-0.12735644,0,0.058147356,0,-0.11480589,0.032941986,0.05795799,0.10219321,0.09607171,0.090095766,0.07862922,0.057875223,0.040604964,0.15078227,0.13866173,0.12697881,0.10509993,0.06763063,0.038865052,0.09995172,0.09383638,0.087884665,0.076553896,0.05621731,0.039095424,0.040175978,0.033756226,0.02797071,0.018429186,0.006652386,0.001833469,0.06978403,0.05612077,0.04411675,0.025419729,0.00642218,0.000857975,0.02072679,0.016545586,0.013001407,0.007727444,0.002391193,0.000544417,0.028074814,0.020522892,0.014664963,0.006906414,0.001078927,0.000121026,0.055397768,0.04916417,0.043330703,0.03300514,0.017628908,0.008466966,0.093504556,0.08008402,0.06779777,0.04705863,0.019888083,0.007187272,0.020008158,0.015879093,0.012414658,0.007154511,0.002054189,0.000415268,0.025559548,0.018174937,0.012495343,0.005382602,0.00066553,4.33E-05,0.021185685,0.01694719,0.013368159,0.00786422,0.002191095,0.000376001,0.0283052,0.020643147,0.014579999,0.006599629,0.00089853,3.47E-05,0.021160996,0.016915014,0.013359656,0.007913788,0.00209565,0.000352055,0.027515326,0.0199984,0.014038472,0.006316559,0.000915322,5.55E-05,0.044431437,0.037784755,0.03176228,0.021614986,0.008329861,0.002622676,0.07899522,0.06478014,0.05205476,0.03143783,0.008547303,0.001519375,0.067730136,0.061304834,0.05511431,0.043586284,0.024599249,0.011638694,0.093344204,0.087092295,0.08101069,0.06942854,0.048863444,0.032107837,0.043644289,0.044551597,0.044990479,0.04683157,0.048012937,0.049100332,0.049643468,0.0477482,0.038171236,0.03905571,0.039504476,0.041378111,0.042601892,0.043759222,0.04442566,0.042899057,0.043069043,0.043536448,0.04685655,0.048841348,0.051057905,0.052511813,0.052197901,0.052245505,0.000411768,2.38E-05,0.003655733,0.000485824,0.002549082,0.000226467,0,-0.14401329,0.02154877,0.017200468,0.013499364,0.007896836,0.002154207,0.000405479,0.029364595,0.021214796,0.014822388,0.006531515,0.000847002,6.37E-05,0.026744056,0.008674357,0.004279804,0.000279312,0.01940419,0.004809095,0.1023081,0.76193666,0.06683655,0.062347047,0.058084123,0.050220825,0.0370279,0.026865171,0.01907841,0.009031588,0,-0.59641437
1,81,0,1.0199219,0,-0.63933192,0,0.34417051,0,0.21493834,0,0.057283175,0,0.90475597,0,-0.77482464,0,0.53269576,0,0.15073811,0,0.2747421,0,0.057258055,0,0.35448102,0.032511422,0.057062574,0.095492266,0.08931358,0.083301425,0.07179051,0.051202442,0.03435428,0.14416194,0.13195251,0.12021564,0.09819722,0.06099406,0.03320151,0.11952081,0.11361464,0.10786597,0.09679864,0.07644874,0.0585991,0.039460093,0.033096142,0.027378485,0.017966134,0.006431531,0.001755097,0.06825749,0.05473738,0.042902008,0.024568446,0.006115329,0.000790295,0.020715022,0.016533682,0.01298786,0.007729617,0.002403649,0.000543486,0.028034914,0.02048532,0.014613485,0.006890863,0.00106918,0.0001273,0.0549021,0.048675142,0.042882305,0.032648884,0.017356643,0.008308688,0.09226767,0.0789244,0.06673896,0.04623632,0.019416563,0.006998144,0.020012265,0.01587609,0.012410754,0.0071456,0.002046702,0.000425296,0.025607953,0.018217813,0.012539553,0.005413825,0.000666269,4.04E-05,0.021215495,0.016970076,0.013383085,0.00788627,0.002185116,0.000372731,0.028359711,0.020686978,0.014602275,0.006611398,0.000895782,3.29E-05,0.021150447,0.016906472,0.013346412,0.007905025,0.002082532,0.000353235,0.027579837,0.020049138,0.014081968,0.006315005,0.000913556,5.18E-05,0.0439404,0.03731492,0.03132455,0.021256696,0.008139799,0.002539493,0.077700675,0.063593924,0.051007513,0.030647537,0.008213931,0.001417567,0.05752011,0.050934006,0.04465308,0.033202313,0.015436859,0.005184705,0.10967251,0.10361491,0.097708315,0.0863314,0.06561884,0.04787108,0.043987509,0.044744644,0.045135278,0.047002061,0.04815265,0.049216925,0.049717041,0.047820533,0.037447947,0.03817856,0.038581289,0.040486779,0.041688202,0.042836141,0.043483735,0.042027454,0.042216444,0.042631014,0.046051331,0.047996927,0.050220435,0.051619532,0.051314186,0.051388338,0.000394561,2.27E-05,0.003582197,0.000480059,0.002490705,0.000209512,0,0.28043397,0.02153321,0.017184963,0.013483918,0.007887765,0.002157289,0.000404455,0.029418638,0.0212535,0.014847516,0.006537212,0.000841924,6.46E-05,0.02128097,0.00548941,0.001135363,9.15E-06,0.033225972,0.013218334,0.20916602,0.5287719,0.066716574,0.062227346,0.05796396,0.050089903,0.036954988,0.026786434,0.018970868,0.008966659,0,0.12237454
1,82,0,0.19202236,0,-0.21524673,0,0.086403407,0,-0.052369518,0,-0.114582,0,-0.15709286,0,-0.79600157,0,-0.075462138,0,0.10520475,0,0.046574989,0,0.0597301,0,0.2412935,0.032594813,0.059512444,0.091603465,0.085344,0.079242796,0.067596406,0.046953857,0.030256627,0.14245415,0.13009383,0.11821444,0.09588146,0.058285136,0.030626582,0.11511623,0.10911625,0.10327131,0.092075706,0.07158274,0.053740185,0.041054133,0.03456567,0.02868774,0.018972367,0.00691059,0.001926774,0.071667954,0.05785069,0.045659028,0.02652707,0.006836197,0.000950127,0.020572884,0.016436953,0.012914103,0.007663786,0.002384375,0.000529502,0.0278564,0.02030562,0.014465165,0.006788245,0.001030111,0.00012747,0.056645315,0.050312683,0.044410385,0.033985086,0.018228529,0.008800744,0.095836505,0.082285926,0.06986864,0.04880755,0.020868648,0.007626629,0.019953478,0.01583574,0.012369802,0.007124471,0.002032867,0.000428807,0.025486967,0.018138355,0.012491874,0.005405895,0.000664821,3.64E-05,0.021181267,0.016949244,0.013353808,0.007890129,0.002175852,0.000368192,0.02822501,0.020591957,0.014526057,0.006585025,0.000886565,3.14E-05,0.021067604,0.01685982,0.013301201,0.007872154,0.002066053,0.000355236,0.027458763,0.019967627,0.014029055,0.00627286,0.000905759,4.89E-05,0.045854695,0.03908828,0.032916762,0.022512686,0.008773075,0.002759771,0.08152741,0.0671448,0.05421755,0.03307727,0.009158405,0.001655048,0.06316006,0.0565749,0.050268393,0.038635436,0.01994578,0.008051553,0.14916205,0.1434079,0.13776945,0.12679563,0.10612778,0.087411724,0.044390832,0.044967955,0.045300245,0.047184708,0.048301324,0.049339879,0.049795031,0.047895107,0.040311464,0.040872704,0.041212813,0.043121361,0.044269862,0.045360744,0.045908142,0.044283026,0.044949079,0.04529361,0.048774635,0.050643984,0.052817248,0.054087553,0.053751716,0.053764412,0.000432324,2.43E-05,0.00382444,0.000534742,0.002733021,0.00023738,0,0.013520035,0.021447606,0.017113207,0.013426318,0.007853989,0.002151606,0.000401652,0.02927526,0.021151785,0.014773661,0.006501833,0.000831225,6.49E-05,0.017649217,0.003602779,0.002287913,6.92E-05,0.07065104,0.043276247,0.16466747,0.4336061,0.066363335,0.061901137,0.057652898,0.049808595,0.03676544,0.026622413,0.018810557,0.008869028,0,0.65743114
1,83,0,-0.11493629,0,-0.51795496,0,-0.11068147,0,0.11949601,0,0.029080606,0,0.088850595,0,0.58581616,0,-0.25534625,0,0.17500522,0,-0.15475681,0,0.06028011,0,0.043220392,0.034551753,0.0600494,0.08553945,0.07919753,0.073020674,0.061254837,0.04078286,0.024567278,0.1375849,0.12506108,0.11304769,0.09055812,0.052926484,0.026161555,0.11691378,0.11091999,0.10508166,0.09388631,0.0733583,0.055438854,0.041207295,0.034705326,0.028813703,0.019062849,0.006954599,0.001942906,0.07210827,0.05826159,0.046031732,0.026800618,0.006941273,0.000973266,0.020546397,0.016376477,0.012883643,0.007643428,0.002328381,0.000507844,0.02784745,0.020248922,0.014415815,0.006725778,0.001009615,0.000124941,0.057085764,0.050714858,0.04480934,0.034329604,0.018449377,0.008934659,0.09664706,0.08305871,0.07063545,0.04945319,0.021245882,0.007788629,0.019930337,0.015818365,0.012337194,0.007130233,0.002018568,0.000430703,0.02545805,0.018128261,0.012486938,0.005415358,0.000661822,3.48E-05,0.021198895,0.016975744,0.013377342,0.00792297,0.002171489,0.000362496,0.028213711,0.020580221,0.014504865,0.006593356,0.000882425,2.95E-05,0.02101621,0.016843572,0.013298017,0.007851672,0.00205313,0.000357666,0.02744188,0.019970955,0.014044333,0.006269838,0.000898062,4.58E-05,0.046386342,0.039579958,0.03336339,0.022839004,0.00894497,0.002811644,0.08242659,0.067995034,0.054992106,0.033664025,0.009369439,0.001695508,0.061830286,0.055203963,0.048850287,0.037168812,0.018560572,0.007043732,0.1386006,0.13274376,0.12701589,0.11591849,0.09512703,0.07645216,0.04476057,0.045174948,0.045454229,0.047361034,0.048445321,0.049459689,0.049870948,0.047968806,0.041124449,0.041525234,0.04181169,0.043739897,0.044852719,0.045913803,0.046407425,0.044750222,0.045632264,0.045916182,0.049480378,0.051294783,0.053450592,0.05463505,0.054290926,0.054292508,0.00043602,2.41E-05,0.003893921,0.000560097,0.002795904,0.000242738,0,-0.23843448,0.021395981,0.017066333,0.013388832,0.007830948,0.002148576,0.000400962,0.029244652,0.02113255,0.014758904,0.006489392,0.000825776,6.56E-05,0.012944333,0.001803757,0.001818762,3.61E-05,0.060043026,0.034021333,0.01,0.10576988,0.06606917,0.061626073,0.05739206,0.049594756,0.036614083,0.026473455,0.018666858,0.00874575,0,0.11510751
1,84,0,0.18954524,0,-0.86481472,0,0.037556726,0,-0.3427364,0,-0.039543094,0,-0.23152902,0,-0.70910692,0,0.35736201,0,0.09453414,0,0.39342145,0,0.057761077,0,-0.013623794,0.03308705,0.057532236,0.08741499,0.0811353,0.0750187,0.06337598,0.042980194,0.026687576,0.13737378,0.12499066,0.11311694,0.09084374,0.05367067,0.027004644,0.14877555,0.14313658,0.13760321,0.12686944,0.10671222,0.08840387,0.039858222,0.03346393,0.027699517,0.018206665,0.006545413,0.001794334,0.068840235,0.055277415,0.043383088,0.024915986,0.006246343,0.000818195,0.020649258,0.01647673,0.012957454,0.007689434,0.002360206,0.000512043,0.028055172,0.02043272,0.014544936,0.006817978,0.001035007,0.000128278,0.055574067,0.049292095,0.043468118,0.03317294,0.01768117,0.008487631,0.09316811,0.079767846,0.06756496,0.046943836,0.019816881,0.007180967,0.01998232,0.015859433,0.012379453,0.007140251,0.002031645,0.000433932,0.025586518,0.018216169,0.01254559,0.005435773,0.000666993,3.54E-05,0.021230042,0.016993824,0.013387684,0.007919505,0.002178119,0.000366509,0.0283396,0.020674435,0.014578502,0.006615988,0.000888035,3.07E-05,0.021083577,0.016885182,0.013325132,0.007878465,0.002064327,0.000357111,0.027569687,0.020055793,0.014096685,0.006297004,0.000906153,4.75E-05,0.044730864,0.03804166,0.031963352,0.021736175,0.008375612,0.002604093,0.07868145,0.06452594,0.051856548,0.031271465,0.008431085,0.00145297,0.065806136,0.059312683,0.053097233,0.04154482,0.022696141,0.010157655,0.151162,0.14543964,0.13982844,0.12889065,0.1083103,0.08963333,0.045075819,0.045354884,0.045590682,0.047526872,0.048582112,0.049574443,0.049943648,0.048040874,0.038660422,0.038916451,0.039165002,0.041138723,0.042244416,0.043319166,0.043833744,0.042362544,0.043041162,0.043280432,0.046964022,0.048756942,0.050947077,0.052110731,0.051793967,0.051864023,0.000404164,2.27E-05,0.003667023,0.000512079,0.002571222,0.000212433,0,0.017786519,0.021463573,0.017123392,0.013433223,0.007858187,0.002154333,0.000401682,0.029386012,0.021233141,0.014829086,0.006523195,0.000831371,6.55E-05,0.014749154,0.002450972,0.003425034,0.000172379,0.07283887,0.04528416,0.6599942,0.58479345,0.06635252,0.061885845,0.05763629,0.04980182,0.03676536,0.026599146,0.018771552,0.008829211,0,0.019498906
1,85,0,-0.45530325,0,2.4535272,0,-0.2258333,0,-0.029910144,0,-0.173701,0,0.45564019,0,-0.35056919,0,-0.29087636,0,-0.2400177,0,-0.26132384,0,0.06002798,0,-0.23366158,0.037389719,0.059777774,0.09622929,0.089999646,0.083930075,0.07231259,0.05148672,0.03443931,0.14677323,0.13446294,0.1226249,0.10033333,0.06257427,0.03424303,0.14043465,0.13471246,0.1291021,0.11822379,0.09786595,0.07954588,0.04180413,0.035261054,0.02931644,0.01946347,0.007154638,0.002015969,0.07266212,0.058759123,0.04646626,0.02710864,0.007054333,0.001004649,0.02059897,0.016450552,0.012928347,0.007700131,0.002397107,0.000539212,0.027840098,0.020326974,0.014493917,0.006822484,0.001050386,0.000126968,0.057116777,0.05075718,0.044830397,0.03433278,0.018472252,0.008938779,0.09637093,0.08278536,0.07031302,0.04915516,0.021069434,0.007708109,0.019942464,0.015822172,0.012365352,0.007118791,0.002038141,0.000425009,0.025461167,0.018114962,0.012472156,0.005388718,0.000663655,3.96E-05,0.02115049,0.01691932,0.013339773,0.007866822,0.002176476,0.000370609,0.028197788,0.020570029,0.014517597,0.006574608,0.000889317,3.24E-05,0.02107386,0.016849231,0.013297564,0.007875736,0.002072893,0.000352846,0.027424952,0.01993798,0.014005227,0.006275248,0.00090769,5.07E-05,0.046321686,0.039533325,0.033325125,0.022852948,0.008953238,0.002836325,0.08208122,0.06765878,0.05466922,0.03342606,0.009316542,0.0017043,0.06436889,0.05778388,0.05147124,0.039797314,0.02092379,0.008712592,0.15615782,0.15045436,0.14485118,0.13392836,0.1133316,0.09457139,0.045162013,0.045420125,0.045750752,0.047646809,0.048686047,0.049666417,0.050001161,0.048105575,0.040992557,0.041235812,0.041574383,0.043495077,0.044567182,0.045601227,0.046030674,0.044415778,0.045370425,0.04582088,0.049402192,0.051139421,0.053296036,0.054347339,0.054006698,0.054024659,0.000453164,2.54E-05,0.003900142,0.000544674,0.002758251,0.000242779,0,-0.036021772,0.021454498,0.017121444,0.013433832,0.007858616,0.002150476,0.000402763,0.029250564,0.021132575,0.014762552,0.006499077,0.000835474,6.44E-05,0.021203693,0.005342381,0.002602331,9.19E-05,0.0775873,0.049423613,0.54939324,0.6919773,0.066451035,0.06198098,0.05773184,0.049884543,0.036809146,0.026674256,0.018880807,0.008920405,0,-0.16304299
1,86,0,0.24663315,0,-0.48641052,0,0.1595124,0,0.006806364,0,0.28711494,0,0.03323965,0,0.32196207,0,0.12937339,0,0.14859528,0,-0.052346032,0,0.055443797,0,-0.097129787,0.035708848,0.055206273,0.08625775,0.08000445,0.0739211,0.062360503,0.04216757,0.026084468,0.13466525,0.12234238,0.11054694,0.08845695,0.051780522,0.02573612,0.15429777,0.14871526,0.14326434,0.1326281,0.11265153,0.094406575,0.038242545,0.03197644,0.026381917,0.017193908,0.00606941,0.001632109,0.06538792,0.052158326,0.04065653,0.023014668,0.005567507,0.000677547,0.020683564,0.016507648,0.012979561,0.007696514,0.002368129,0.000515373,0.028188523,0.020523835,0.014612874,0.006846446,0.001039498,0.000128313,0.05392491,0.04774538,0.04202693,0.031929847,0.016858025,0.008018591,0.08963985,0.0764689,0.0645223,0.04449477,0.018447839,0.006606626,0.020032972,0.015899232,0.012411547,0.007157246,0.002037275,0.000434456,0.025714591,0.018306183,0.012606878,0.005461586,0.000670529,3.57E-05,0.021280618,0.017033597,0.013418647,0.007936565,0.002183647,0.000367732,0.028480515,0.020777144,0.014651516,0.006647966,0.000892623,3.10E-05,0.021138152,0.016927417,0.013357862,0.007898638,0.002069972,0.000357751,0.027707275,0.020154903,0.014165457,0.006328321,0.000911024,4.79E-05,0.04296123,0.036406346,0.030474365,0.02055561,0.007787958,0.002386685,0.07493334,0.061068885,0.04875537,0.02895099,0.007542014,0.001222251,0.062982626,0.056515314,0.050348423,0.03893393,0.02058302,0.008732871,0.1569248,0.1512591,0.14569555,0.13484469,0.11444838,0.095815115,0.045118912,0.045421281,0.045870486,0.047741312,0.048772067,0.049745706,0.050050347,0.048166134,0.036005811,0.036275319,0.036740853,0.038665502,0.039768014,0.040858792,0.041370208,0.040098292,0.040390236,0.041093477,0.044648733,0.046404487,0.048644226,0.049726113,0.049443462,0.049592618,0.000367081,2.16E-05,0.003434509,0.000470152,0.002355345,0.00018446,0,0.006172715,0.021518782,0.017167587,0.013467873,0.007878266,0.002159476,0.000402585,0.029532699,0.021338617,0.01490261,0.006555619,0.000835678,6.58E-05,0.014349119,0.002354639,0.002712077,0.000113693,0.078915566,0.05084723,0.5796929,0.62199193,0.066532895,0.062052984,0.057791576,0.049935527,0.036863033,0.026672078,0.018825678,0.008857506,0,-0.21613918
1,87,0,0.51222011,0,0.091902136,0,0.10705165,0,-0.33347102,0,0.46010405,0,0.019126678,0,-0.22042748,0,0.4944453,0,0.13033934,0,-0.019697742,0,0.056692615,0,-0.01255121,0.033141928,0.056438588,0.07697959,0.070588715,0.064398706,0.052748844,0.032906722,0.017816484,0.12759729,0.11503243,0.10298922,0.08063495,0.04400657,0.019594306,0.15911649,0.15356155,0.14813189,0.13753058,0.11759741,0.09930223,0.03837965,0.032106426,0.026489627,0.017268367,0.006100893,0.001641059,0.066258945,0.052957747,0.04135492,0.02351519,0.005745777,0.00071442,0.02070354,0.016472954,0.012936586,0.007641258,0.002228519,0.000491543,0.028001323,0.020364426,0.01446741,0.006722575,0.000975682,0.000123842,0.054566316,0.048359234,0.042605717,0.03242537,0.017180687,0.008232705,0.091192074,0.07799541,0.06596687,0.045705605,0.019109247,0.006880734,0.019990273,0.015850434,0.012347269,0.007146251,0.002003256,0.000424002,0.025633596,0.018260144,0.012604215,0.005474967,0.000667879,3.47E-05,0.021310585,0.017082175,0.013477318,0.007996584,0.002178358,0.00036393,0.028465917,0.02075183,0.014618609,0.006668107,0.000884758,2.90E-05,0.021062786,0.0168976,0.013357045,0.007860035,0.002050893,0.000360847,0.027673025,0.0201478,0.014189082,0.006326088,0.000896187,4.48E-05,0.043746296,0.03713324,0.031112043,0.021013163,0.008030276,0.002452648,0.07659665,0.06263555,0.050137036,0.029978229,0.007897686,0.001289534,0.06535988,0.058903564,0.052718494,0.041235816,0.022533635,0.010108115,0.1550894,0.14940254,0.14382115,0.13293575,0.11246167,0.09380223,0.04517953,0.045474096,0.046025172,0.047856878,0.04887297,0.049835802,0.050106765,0.048230439,0.037242272,0.037508219,0.038072751,0.039951635,0.041030405,0.04209539,0.042546798,0.041203959,0.04162803,0.042554746,0.046015563,0.047726886,0.049950506,0.050940978,0.050645915,0.050768079,0.000371147,2.13E-05,0.003527509,0.000507919,0.002456853,0.00019204,0,0.42020936,0.021431616,0.017082285,0.013409743,0.007835809,0.002153463,0.000403824,0.029471155,0.021298232,0.014874158,0.006531832,0.000827587,6.67E-05,0.007866992,0.00062845,0.00342797,0.000177703,0.07691952,0.04899163,0.6772998,0.62497085,0.066039816,0.061596088,0.05736975,0.04958735,0.036613338,0.026444886,0.018613623,0.008661978,0,0.58048579
1,88,0,-0.28851194,0,-0.15393242,0,-0.2699715,0,0.10586358,0,0.10168279,0,0.059134473,0,0.55045556,0,0.11516847,0,-0.0569011,0,-0.09248918,0,0.055031095,0,0.075179592,0.033006621,0.054775503,0.08780916,0.081576735,0.07551654,0.063988365,0.043766987,0.027562557,0.13562675,0.12334859,0.11159278,0.089565836,0.052956592,0.0267217,0.15008281,0.14448202,0.13899791,0.12832892,0.10830697,0.09009962,0.038002387,0.031756826,0.026189903,0.017050108,0.006004448,0.001611611,0.06473322,0.051569294,0.04014449,0.022656487,0.005442933,0.000652491,0.020677978,0.01651794,0.012975832,0.007689837,0.002380568,0.000530232,0.028151037,0.020500502,0.014591949,0.006835974,0.001037349,0.000126057,0.053554382,0.04739884,0.04170354,0.03165092,0.016676666,0.007917952,0.08883211,0.075709805,0.063820265,0.043926865,0.018133799,0.006474812,0.02004459,0.015907407,0.012423421,0.007157089,0.002040122,0.00043217,0.02574131,0.018319827,0.01261551,0.00546147,0.000671732,3.63E-05,0.021283597,0.01703307,0.013418345,0.007930943,0.002185525,0.000369272,0.02850825,0.020797923,0.014669484,0.006651638,0.000894519,3.15E-05,0.021159861,0.016937917,0.013363068,0.007906618,0.002073915,0.000357123,0.027734747,0.020170486,0.014172966,0.006335102,0.000913739,4.89E-05,0.042551357,0.03602726,0.030138822,0.020299133,0.007659672,0.002347423,0.07407526,0.060273945,0.04804194,0.02842581,0.007347388,0.001177894,0.063329756,0.056908876,0.050770693,0.039406437,0.021092895,0.009154789,0.14672795,0.14099805,0.13538727,0.1244481,0.1039287,0.08536495,0.045189039,0.045501616,0.04616312,0.047962389,0.048967017,0.049920993,0.050160122,0.048293248,0.035375906,0.035653105,0.036330118,0.038187973,0.039270106,0.040350375,0.040812689,0.039604847,0.03976555,0.040930448,0.044330183,0.046028361,0.048285723,0.049244727,0.048973538,0.049150421,0.000362139,2.15E-05,0.003386875,0.000458082,0.002301913,0.00017887,0,-0.20487857,0.02154099,0.017186737,0.013483543,0.007887191,0.002160866,0.000403159,0.029565958,0.021361548,0.014919334,0.006564512,0.000838161,6.56E-05,0.015573663,0.002828641,0.002954652,0.000139253,0.06878426,0.041838255,0.57976884,0.62132925,0.06663732,0.06215342,0.05788617,0.050012175,0.036916763,0.026725575,0.018875012,0.008893658,0,-0.32575359
1,89,0,1.0446977,0,3.0213481,0,0.21394283,0,0.049065297,0,0.23114413,0,-0.13655837,0,2.0030403,0,0.00313456,0,0.26271656,0,0.27743493,0,0.055465084,0,0.39934056,0.033120999,0.055195205,0.07834184,0.0720045,0.065847576,0.054256756,0.034428976,0.019211942,0.12759314,0.11511934,0.10317662,0.080997296,0.044634968,0.020205848,0.11557357,0.10965061,0.1038906,0.092818074,0.07254615,0.054857027,0.03766562,0.031452004,0.025913691,0.016834108,0.005903177,0.001576876,0.06442252,0.05130778,0.03991916,0.022512846,0.005391368,0.000642089,0.020646539,0.016419485,0.012911257,0.007657962,0.002257937,0.00049395,0.028104212,0.0204448,0.014509867,0.006726888,0.000978822,0.000119804,0.053654622,0.047496475,0.04180912,0.03174072,0.016724624,0.007969099,0.08920789,0.07613072,0.06422837,0.044300567,0.01832264,0.006569744,0.02002056,0.01588122,0.01237346,0.007162786,0.00201494,0.000429209,0.025710322,0.01831333,0.01262819,0.005481939,0.000669661,3.43E-05,0.021329189,0.017088566,0.01347462,0.007991214,0.002180583,0.000363551,0.028533157,0.020804886,0.014658904,0.006678135,0.000889207,2.88E-05,0.021102708,0.016923646,0.013372392,0.007875355,0.0020548,0.000360991,0.027744237,0.020197164,0.014214925,0.00634057,0.000901631,4.51E-05,0.04274659,0.03621399,0.030277355,0.020369988,0.007701982,0.002337675,0.07448784,0.060692433,0.048391003,0.028689627,0.007415215,0.001170829,0.06276127,0.056334443,0.050198734,0.038845763,0.020608129,0.008809082,0.11127136,0.10524315,0.09936715,0.088041425,0.06738395,0.049611792,0.045243606,0.045556967,0.046343476,0.048098201,0.049086459,0.050027952,0.05022729,0.04837037,0.035724304,0.036003166,0.036803674,0.038615691,0.039679258,0.040743405,0.041159625,0.039942012,0.040117003,0.041555043,0.044853864,0.046510218,0.048766257,0.04963749,0.049364589,0.04953862,0.000355465,2.10E-05,0.003396259,0.000477586,0.002341067,0.000177103,0,0.24874656,0.02147761,0.01712377,0.013438489,0.007855292,0.002157458,0.000403792,0.029553968,0.021356897,0.014914366,0.006552444,0.00083165,6.66E-05,0.008939053,0.000849235,0.002774128,0.000122671,0.034861535,0.014418016,0.775683,0.82324487,0.06623773,0.061773483,0.057536356,0.0497193,0.03670808,0.026533816,0.018687345,0.008714212,0,1.1088534
1,90,0,0.75889394,0,-0.076817473,0,0.38869695,0,0.21254386,0,0.26206403,0,-0.20073329,0,0.8796878,0,-0.17964037,0,0.68034756,0,0.51371218,0,0.056864142,0,-0.12187753,0.033794121,0.056578916,0.07553149,0.06911978,0.06290946,0.051254567,0.031487484,0.016604478,0.12619677,0.11359636,0.10153396,0.07914653,0.04260628,0.018570347,0.1186488,0.11273739,0.10698508,0.09591343,0.07557565,0.057756577,0.038296085,0.032032516,0.026426049,0.017222432,0.006083464,0.001636594,0.065957434,0.05268793,0.04111961,0.023351735,0.005687,0.000702889,0.020739611,0.016504439,0.012946901,0.007618305,0.002223557,0.000500581,0.028008698,0.020401476,0.014513805,0.006729486,0.000960709,0.000118069,0.05448397,0.048282858,0.042535335,0.032354202,0.017139846,0.008214125,0.09105688,0.07788562,0.06587223,0.045633312,0.019070342,0.0068644,0.019987216,0.015844364,0.012340721,0.007139453,0.001997289,0.000420041,0.02562864,0.018256707,0.012608859,0.005480163,0.0006659,3.41E-05,0.021321587,0.017098127,0.013494014,0.008009415,0.002179346,0.000364845,0.028481899,0.020761363,0.01462264,0.006675978,0.000883169,2.92E-05,0.02105842,0.016896684,0.0133605,0.007859536,0.00205178,0.000361643,0.027685082,0.020157753,0.014202291,0.006330885,0.000895051,4.46E-05,0.043674123,0.037063673,0.031047389,0.02094987,0.008003937,0.002441875,0.076454215,0.062507406,0.050013844,0.02988858,0.007855621,0.001276486,0.068011925,0.06164798,0.055523388,0.044093907,0.025249517,0.012257968,0.10043555,0.094285056,0.088300966,0.07681269,0.05615493,0.038912363,0.045300197,0.045603604,0.046470682,0.048192948,0.049169128,0.050101609,0.050273621,0.048422643,0.03713918,0.037413136,0.038291552,0.040063246,0.041104135,0.042141906,0.042500186,0.041197543,0.04153257,0.043147364,0.046366572,0.047983398,0.050219535,0.05101045,0.050722338,0.050862965,0.000370868,2.12E-05,0.00351614,0.00050934,0.002449265,0.000189173,0,0.082704431,0.021422144,0.01707243,0.013404105,0.007830675,0.002152542,0.000404151,0.029476916,0.021303548,0.01487817,0.006531602,0.00082647,6.68E-05,0.007000184,0.000488414,0.004706482,0.000354444,0.025234828,0.00806373,0.8666663,0.8209728,0.065972105,0.061536133,0.057315774,0.049551465,0.036586568,0.026414195,0.018581316,0.008633285,0,0.2722357
1,91,0,0.38194427,0,3.2714754,0,0.45354592,0,0.19025346,0,0.49810722,0,0.21480125,0,-0.649348,0,0.015889745,0,-0.062289469,0,0.009697464,0,0.056497052,0,-0.11176713,0.034361295,0.056203514,0.07045926,0.0639881,0.057734028,0.04609725,0.026663287,0.012678032,0.12161449,0.10890458,0.09676601,0.07431136,0.038116854,0.015374507,0.090063795,0.08385317,0.07785048,0.06645237,0.046342682,0.029970996,0.037564352,0.03136661,0.025835373,0.016773298,0.005878062,0.001567386,0.06472598,0.051592056,0.04016947,0.022698786,0.005458023,0.000657582,0.020978257,0.01674698,0.013131793,0.007675992,0.002271981,0.000523861,0.028034557,0.020507688,0.014612615,0.00679588,0.000961144,0.000101571,0.05411737,0.047944684,0.042212635,0.032062776,0.016983965,0.008112126,0.09042501,0.07731267,0.06536783,0.04525057,0.018872874,0.006781859,0.020004423,0.015841244,0.012359618,0.007123336,0.001981602,0.000415386,0.025647644,0.018266542,0.012638093,0.005494073,0.000661055,3.33E-05,0.021379143,0.017164188,0.013560159,0.008065035,0.002181844,0.000367042,0.028552426,0.020811701,0.014645325,0.006706446,0.000878617,2.97E-05,0.021049948,0.016900036,0.013372501,0.007863534,0.002055472,0.000362658,0.027734736,0.020195002,0.014256073,0.006350168,0.000894513,4.38E-05,0.04333191,0.03673901,0.030751973,0.02068361,0.007881491,0.00239704,0.075750284,0.061856516,0.049416505,0.02944452,0.007662582,0.001223312,0.06631012,0.059946615,0.053830784,0.042452153,0.023826793,0.011204722,0.11708594,0.11108618,0.10524376,0.09396011,0.07324455,0.055196077,0.045334064,0.045643595,0.046617473,0.048304163,0.049267523,0.050190048,0.050329443,0.048486936,0.036653154,0.036931413,0.037916372,0.039655946,0.040688219,0.041722813,0.042060533,0.040801138,0.041048934,0.042895215,0.046038604,0.047628456,0.049875963,0.050608649,0.050328188,0.050486917,0.00035554,2.06E-05,0.003455681,0.000508454,0.002415234,0.00018337,0,0.17097757,0.02138955,0.017040394,0.013384766,0.007819874,0.002150964,0.000404918,0.029505549,0.021332845,0.014897848,0.006531686,0.000823241,6.71E-05,0.004414114,0.000185371,0.004092166,0.000269926,0.039990343,0.018103817,0.91886175,0.93511164,0.0657557,0.06132615,0.05713829,0.049431194,0.03646466,0.026323156,0.018479561,0.008556099,0,0.80025345
1,92,0,0.061404117,0,-0.56444086,0,0.1049359,0,-0.07935022,0,-0.13868926,0,0.032737238,0,-0.47708236,0,0.17962646,0,-0.24117947,0,0.15771479,0,0.056689553,0,0.001917505,0.032473859,0.056384895,0.06870926,0.062215474,0.055948894,0.044293914,0.024965677,0.011331203,0.12022628,0.10748681,0.09529203,0.072801374,0.036669314,0.014351771,0.10716852,0.10114469,0.095280744,0.084087715,0.0637907,0.04634138,0.0374613,0.03127445,0.025753899,0.01671263,0.005852031,0.001559073,0.06461434,0.05149584,0.04008759,0.022643697,0.005438562,0.000654466,0.021187872,0.016918315,0.013280538,0.007728708,0.00231561,0.000523097,0.028113743,0.020585006,0.014647985,0.006835965,0.000968057,9.51E-05,0.054162655,0.047984242,0.042251486,0.032103438,0.01701976,0.008127069,0.09057815,0.077465,0.06552183,0.045374986,0.018957492,0.006814051,0.020022197,0.015848307,0.012365511,0.007109548,0.001971963,0.00041024,0.025661558,0.018273296,0.012644518,0.005499298,0.000654901,3.32E-05,0.021398539,0.017188406,0.013584709,0.008088696,0.002185012,0.00036784,0.028567633,0.020823011,0.014647943,0.006715763,0.000875943,2.97E-05,0.021042785,0.016900368,0.013372785,0.007865205,0.002057213,0.000362468,0.02774142,0.020199388,0.014268652,0.006356309,0.000894816,4.34E-05,0.043398224,0.03679703,0.030803548,0.020715808,0.007898564,0.002402023,0.07590151,0.061993357,0.049538434,0.029531423,0.007689542,0.001230513,0.06756232,0.06122467,0.055129003,0.043758225,0.025041962,0.012158463,0.12695503,0.12104053,0.11526927,0.10410482,0.08339421,0.06505307,0.045377119,0.045689363,0.046767848,0.048417921,0.049367719,0.050279931,0.05038612,0.048551869,0.03676248,0.037043589,0.038132297,0.039835097,0.040853414,0.041876921,0.04218021,0.040924588,0.041161555,0.043236069,0.046297697,0.04785459,0.050103842,0.050767209,0.050487335,0.050648403,0.000353892,2.05E-05,0.003458867,0.000510792,0.002423754,0.000185763,0,0.097835869,0.021369528,0.017023746,0.013370486,0.007811534,0.002147905,0.000404785,0.029499054,0.02133485,0.014899789,0.006528285,0.000821086,6.70E-05,0.003628022,0.000119573,0.004674167,0.000356789,0.049258076,0.025279246,0.9410781,0.90532255,0.06565755,0.061223038,0.05704889,0.04936811,0.036405124,0.026273219,0.018431267,0.008525424,0,0.17285621
1,93,0,-0.149033,0,0.31257117,0,-0.14420721,0,-0.15183817,0,-0.23391067,0,-0.30823944,0,-0.70123791,0,0.12211642,0,-0.064459074,0,-0.080270446,0,0.057594016,0,-0.061062222,0.032870945,0.0572724,0.07261051,0.06613964,0.059880782,0.04818888,0.02854627,0.014131045,0.12399234,0.1112876,0.0991497,0.076645456,0.040122442,0.016712263,0.09720697,0.091069095,0.08510824,0.07375678,0.053473953,0.03654967,0.038405187,0.03213613,0.026519755,0.017294409,0.006122279,0.00165089,0.06620864,0.052918732,0.041321162,0.02349528,0.005736833,0.000714037,0.020889604,0.016661465,0.013078627,0.007657687,0.002260152,0.000531677,0.027993785,0.02046338,0.014596034,0.006773716,0.000975266,0.00010915,0.054731924,0.048520304,0.042749137,0.03252792,0.017280104,0.008291405,0.09169466,0.07849984,0.06645519,0.046123203,0.019358097,0.006984885,0.019974992,0.01582511,0.012335385,0.007119156,0.001982518,0.000414901,0.02558576,0.018226923,0.012606458,0.005479543,0.000662239,3.23E-05,0.021343077,0.017130116,0.013528472,0.008041392,0.002179503,0.000366155,0.028485797,0.020762084,0.014615122,0.006686138,0.000878789,2.95E-05,0.021036532,0.016884768,0.013358942,0.007855635,0.002053128,0.000362239,0.027675463,0.02015232,0.014217372,0.00633395,0.000893141,4.40E-05,0.043979432,0.03734066,0.031299286,0.02112455,0.008104282,0.002478418,0.07712179,0.06311717,0.050562948,0.030296696,0.007995261,0.001306708,0.068310425,0.061976995,0.05588019,0.04449102,0.02568754,0.012646255,0.14901356,0.14327605,0.1376568,0.12670258,0.10610792,0.08745087,0.045442389,0.045750359,0.046952713,0.048557154,0.049489977,0.050389425,0.050455385,0.048630422,0.037612291,0.037891916,0.039102643,0.040755334,0.041750631,0.04275139,0.04299686,0.041697926,0.042013251,0.044358272,0.047314719,0.048825158,0.05106498,0.051632729,0.051344822,0.051489534,0.000374822,2.13E-05,0.003544777,0.000524408,0.002491871,0.000194202,0,-0.24670393,0.021383988,0.017037494,0.013381668,0.007817513,0.002150188,0.000404518,0.029452011,0.021290405,0.01486843,0.006521355,0.000823036,6.69E-05,0.005298,0.000271665,0.004968287,0.000399551,0.07073638,0.043443177,0.9437022,0.95235395,0.065772794,0.061340805,0.05715362,0.049431093,0.036475405,0.026332535,0.018497877,0.008571516,0,-0.43901496
1,94,0,0.69576969,0,-0.29593451,0,0.36476953,0,0.28338539,0,0.40934692,0,0.084323901,0,6.8107876,0,0.052137812,0,0.072890658,0,0.33909351,0,0.058804862,0,0.3050042,0.03563724,0.0584664,0.06631629,0.059731547,0.05340327,0.041626297,0.022287166,0.009184086,0.1196717,0.10682652,0.09450183,0.071744636,0.035240162,0.013162622,0.10300732,0.096911,0.09097562,0.07966273,0.05927168,0.041943353,0.038329665,0.03207075,0.026465688,0.017251827,0.006107258,0.001646948,0.06674591,0.05342038,0.041768022,0.023812942,0.005853642,0.000739505,0.02133282,0.017007073,0.013305778,0.007691745,0.002300851,0.000511912,0.028047346,0.020556167,0.014694275,0.006905833,0.000924944,7.64E-05,0.05538339,0.049144115,0.043333903,0.033018835,0.017642716,0.008481998,0.093330085,0.0800679,0.067917265,0.04732853,0.020087251,0.007280758,0.019943235,0.015799796,0.012290931,0.007033623,0.001936383,0.000398366,0.025507642,0.018146437,0.012543246,0.005464422,0.000633842,3.03E-05,0.021408137,0.017216656,0.013622959,0.008119697,0.002200018,0.000373531,0.028514475,0.020777032,0.01460713,0.006714156,0.000866919,3.07E-05,0.020999214,0.016869435,0.013346375,0.007853993,0.002060858,0.000363736,0.027668074,0.020145293,0.014244017,0.006350197,0.000890836,4.23E-05,0.044759266,0.038047314,0.031935327,0.021597119,0.008349924,0.002562181,0.07878854,0.06465441,0.051948942,0.03131115,0.008386457,0.001395592,0.06722255,0.060856618,0.05473023,0.043315906,0.024549456,0.01171797,0.09602067,0.08977305,0.08369455,0.07209678,0.051392786,0.034375582,0.045505063,0.045805644,0.047110115,0.048675214,0.049593563,0.050481767,0.050514018,0.048696451,0.03880687,0.039083249,0.040394177,0.042000927,0.042972817,0.043947795,0.044133889,0.042766465,0.043209314,0.045777521,0.048641696,0.050108925,0.052332776,0.052813098,0.052512681,0.052631123,0.000374139,2.08E-05,0.003651058,0.000547291,0.002603645,0.000219344,0,0.36468837,0.021292295,0.01696217,0.013316161,0.007778075,0.00213603,0.000402181,0.02939206,0.021271162,0.014853195,0.006500628,0.000813245,6.65E-05,0.002464442,4.23E-05,0.004379413,0.000305665,0.021265646,0.005742199,0.994286,0.96082366,0.065351844,0.060929935,0.056762107,0.049124837,0.03619874,0.026112447,0.018280117,0.008464678,0,1.7092521
1,95,0,0.38974567,0,0.87596876,0,0.23150802,0,0.90616715,0,0.81845738,0,0.7263102,0,0.29238722,0,0.10299855,0,0.16840831,0,0.060486229,0,0.05827591,0,-0.002712872,0.034600688,0.05793017,0.062495675,0.055853765,0.049518492,0.037776213,0.01878182,0.006713972,0.11607782,0.10312443,0.09076223,0.0680701,0.031994816,0.01101914,0.09364655,0.08745236,0.08145709,0.07004024,0.049769063,0.033066947,0.037393566,0.031222133,0.025712043,0.01668172,0.005844026,0.001556539,0.06518084,0.05202225,0.04055203,0.022973966,0.005555923,0.000679298,0.021367198,0.017074376,0.013403673,0.007774198,0.002314283,0.000511171,0.028094236,0.020595709,0.014733138,0.006933795,0.000904906,6.39E-05,0.054949675,0.048738405,0.04294231,0.032667752,0.017431824,0.008353574,0.09253475,0.07932219,0.06724858,0.04676681,0.019806275,0.007143179,0.019916724,0.015780883,0.012259926,0.006971302,0.001904946,0.000382329,0.025454087,0.018107735,0.01249603,0.005452398,0.00061844,2.75E-05,0.021476509,0.017291695,0.013701244,0.008177713,0.002230009,0.000386694,0.028604634,0.020837521,0.014651458,0.006752159,0.00085963,3.18E-05,0.021026041,0.016880391,0.013354337,0.007858537,0.002069842,0.000367803,0.027742986,0.020196022,0.014281064,0.006387204,0.000888906,4.12E-05,0.044298187,0.03762089,0.03154819,0.021263393,0.008184248,0.002496057,0.077839084,0.06378302,0.051143363,0.030689003,0.008155054,0.001329293,0.06148522,0.05503984,0.048903696,0.037570022,0.019488284,0.008006321,0.08742735,0.081107326,0.07495331,0.06324116,0.042784944,0.026556045,0.045537581,0.045845877,0.047257435,0.048787388,0.049692984,0.050571481,0.050570878,0.048761731,0.038148425,0.038430049,0.039847991,0.041424071,0.042388798,0.043363083,0.043532362,0.042219598,0.042553521,0.045353659,0.048143963,0.04958581,0.051823898,0.052248566,0.051957718,0.052098399,0.000354496,2.00E-05,0.003602321,0.000546191,0.002558063,0.000224562,0,0.16914186,0.021267455,0.01693396,0.013285619,0.007768184,0.002129355,0.000398287,0.029440694,0.02132058,0.01488944,0.00650735,0.000809399,6.57E-05,0.001424188,1.21E-05,0.002365457,8.64E-05,0.014793226,0.002712739,0.99723077,0.99720794,0.06523694,0.060807463,0.05662931,0.049028024,0.036111813,0.02599786,0.018195843,0.008448948,0,2.553205
1,96,0,0.30037346,0,0.44590893,0,0.44955745,0,0.17984436,0,0.73798923,0,0.59693218,0,0.03700137,0,0.00720806,0,-0.040528656,0,-0.12027111,0,0.062059335,0,-0.016131862,0.036420666,0.061682485,0.06552399,0.058788747,0.05236825,0.04041665,0.020828156,0.007940498,0.1213844,0.10834717,0.09586886,0.0727765,0.035479058,0.012988578,0.0927778,0.08650177,0.080409825,0.06884244,0.048335295,0.03153318,0.040016327,0.033615734,0.027852353,0.018323928,0.006612189,0.001829197,0.070628025,0.056954965,0.04489853,0.02601194,0.006655195,0.000907693,0.02128088,0.017002719,0.013352856,0.00774776,0.002310889,0.000510492,0.027884204,0.020441554,0.014619591,0.006884125,0.000896257,6.49E-05,0.057416182,0.051062115,0.045137167,0.034545965,0.0186744,0.009082241,0.09778245,0.08426564,0.071828514,0.050532818,0.021956438,0.008076121,0.019838216,0.015718827,0.012210654,0.006946808,0.001898635,0.00038161,0.025266444,0.017974116,0.012402293,0.005406987,0.000614016,2.74E-05,0.021390393,0.017220983,0.013642222,0.008140706,0.002218607,0.000383486,0.028386883,0.020679845,0.014540301,0.006698906,0.000854453,3.15E-05,0.020945907,0.016817918,0.013305048,0.007829839,0.002061855,0.00036577,0.02753317,0.0200436,0.014173711,0.006336783,0.000882926,4.11E-05,0.04697283,0.040103417,0.03382163,0.023080235,0.009119938,0.002856969,0.08348802,0.06902306,0.055922907,0.03431987,0.009652006,0.001692138,0.05840952,0.05182177,0.04552603,0.034028143,0.016066236,0.005533426,0.09219377,0.085858084,0.07968703,0.067878254,0.047047842,0.030192696,0.04564601,0.045924599,0.047430519,0.048915237,0.049803716,0.05066903,0.050633116,0.048829741,0.042083504,0.042349188,0.043857953,0.045365087,0.046282196,0.047193805,0.047240054,0.045676356,0.046488221,0.049498099,0.05217045,0.053543453,0.055721361,0.056014869,0.055679326,0.055724331,0.000414423,2.24E-05,0.003961739,0.00061632,0.002899857,0.000276853,0,-0.086778979,0.021194175,0.016877385,0.013243205,0.007742347,0.002122592,0.000397653,0.029222399,0.021160848,0.014778109,0.006460496,0.000804435,6.54E-05,0.001844516,1.89E-05,0.001249965,1.19E-05,0.017643789,0.003826629,0.71689725,0.65177125,0.06501328,0.060605332,0.056441374,0.048864257,0.035989888,0.025920242,0.018141782,0.008420795,0,4.3789694
1,97,0,0.10532343,0,0.20097046,0,0.21287177,0,0.030097124,0,0.15086267,0,0.15684416,0,-0.006949395,0,0.1980805,0,0.22751339,0,0.19399909,0,0.060999572,0,0.11094353,0.038506933,0.06061829,0.06655407,0.059900776,0.0535242,0.041630607,0.022080576,0.008910516,0.12145651,0.10851497,0.0961025,0.07312865,0.036050268,0.013499822,0.08682512,0.080495745,0.074362904,0.06277163,0.042451877,0.026183788,0.039592147,0.033224687,0.027499482,0.01805083,0.0064841,0.001781612,0.06954015,0.055955347,0.04400388,0.025373861,0.006418392,0.000857032,0.021303724,0.016989734,0.013306292,0.007711607,0.002299276,0.000505001,0.027954025,0.020508975,0.014649982,0.006880953,0.000906569,7.02E-05,0.056655414,0.050348543,0.044462807,0.03398087,0.018288326,0.008855483,0.09629956,0.08286539,0.07050898,0.049451172,0.021313993,0.007806324,0.019881863,0.015757037,0.012250707,0.006996712,0.001923606,0.00039202,0.025368368,0.018046586,0.012462408,0.005423553,0.000625617,2.94E-05,0.021384649,0.017206058,0.013620203,0.0081203,0.002204863,0.000376543,0.028417427,0.020703567,0.014555809,0.006696083,0.000860866,3.10E-05,0.020961724,0.016837286,0.013320363,0.007838973,0.002060323,0.000363775,0.027568562,0.020070992,0.014193624,0.006332643,0.000886506,4.17E-05,0.046145797,0.03933522,0.033115126,0.022525335,0.008832888,0.002742091,0.08194509,0.06758875,0.05461257,0.03332237,0.009220369,0.001592527,0.056347005,0.049776133,0.043517347,0.032131746,0.014588178,0.004689326,0.089796655,0.08345364,0.077274315,0.06547524,0.04477342,0.02818861,0.0456696,0.046115204,0.047575839,0.049026346,0.049898312,0.050758464,0.050689873,0.048895137,0.040858382,0.041285886,0.042750504,0.044231481,0.045142134,0.046064817,0.046107262,0.044636001,0.045622948,0.048528006,0.051126393,0.052514068,0.054679476,0.0549241,0.054602978,0.054682135,0.000403791,2.19E-05,0.003842921,0.000587301,0.002801321,0.000253729,0,0.015124205,0.021238238,0.016917016,0.013279348,0.00775859,0.002128843,0.000400366,0.029275736,0.021192543,0.014797229,0.006473824,0.000808751,6.60E-05,0.002292663,3.33E-05,0.000962054,4.43E-06,0.01603127,0.003150901,0.73258597,0.6855718,0.06516871,0.060758047,0.056594435,0.048987955,0.036087953,0.02602245,0.018213376,0.008441824,0,0.61919825
1,98,0,0.088310866,0,0.22699992,0,-0.020842923,0,-0.10229297,0,0.29588671,0,-0.13635211,0,-0.67536409,0,0.11614415,0,0.21116932,0,0.18717816,0,0.06270399,0,0.31628956,0.038247141,0.062302843,0.07022071,0.06358966,0.05720143,0.0452209,0.025305873,0.011249153,0.1258316,0.11293088,0.10050787,0.07739166,0.039705034,0.015888937,0.08425054,0.077810764,0.07160431,0.05990674,0.039538547,0.023449976,0.041138202,0.034645785,0.028772272,0.019036189,0.006959741,0.001952492,0.072613016,0.05875969,0.046495505,0.027145805,0.007075009,0.001003978,0.02122948,0.016937483,0.013265421,0.007693232,0.002296174,0.000509772,0.027853947,0.020423418,0.014582599,0.006844055,0.000935336,8.04E-05,0.05777431,0.051393647,0.04544851,0.034850672,0.01887022,0.009182341,0.098786496,0.08520006,0.07267609,0.051238455,0.022318177,0.008271871,0.019885521,0.015747048,0.01226046,0.007025346,0.001938627,0.000400467,0.025339182,0.0180336,0.012470182,0.005432106,0.000636181,3.11E-05,0.02131512,0.017134016,0.013552282,0.008075484,0.002184719,0.000369133,0.02827668,0.020607838,0.014489613,0.006654882,0.000862728,3.00E-05,0.020925418,0.016810952,0.013299597,0.007825573,0.002051006,0.000361876,0.027445424,0.0199841,0.014125735,0.006294953,0.000884577,4.23E-05,0.047329284,0.040447135,0.0341314,0.023361089,0.009263835,0.002908211,0.084686756,0.070110776,0.0569375,0.03512415,0.009973183,0.001798764,0.067995496,0.061593935,0.055422813,0.04391975,0.024932673,0.011906073,0.10669815,0.10050836,0.094493866,0.082902275,0.061871532,0.044035677,0.045742799,0.046330621,0.047737499,0.0491476,0.050000254,0.050853081,0.050750344,0.048962398,0.042578973,0.043154602,0.044564284,0.045994534,0.046872717,0.047766722,0.047737163,0.046162043,0.047702144,0.050487862,0.052984285,0.054358784,0.056464473,0.056613541,0.056272392,0.056311964,0.000440692,2.39E-05,0.003999244,0.000618568,0.002971137,0.000278658,0,-0.079341481,0.021231387,0.016915066,0.013281181,0.007757399,0.002131687,0.000401727,0.029166287,0.021103889,0.014738359,0.006453132,0.000808959,6.62E-05,0.003433344,8.96E-05,0.004441186,0.000301482,0.02954808,0.01051758,0.74721336,0.7270233,0.06518271,0.060775097,0.056625243,0.04900673,0.036120575,0.026060425,0.01826002,0.008451107,0,-0.2688546
1,99,0,0.17453241,0,-0.33030565,0,0.32280426,0,0.11442118,0,0.17780701,0,-0.22377394,0,0.066842072,0,0.2350109,0,0.13311162,0,0.1696043,0,0.06296626,0,-0.2113701,0.03877179,0.06255336,0.072932534,0.066345975,0.059973765,0.04799108,0.027919434,0.013298869,0.1283289,0.11547311,0.1030671,0.08001498,0.042169966,0.017651388,0.08967835,0.08334794,0.07720871,0.065574124,0.045066543,0.028470667,0.041633923,0.035101544,0.029182538,0.019354237,0.007113756,0.002007952,0.07350711,0.05957375,0.047219213,0.027660105,0.007264416,0.001049022,0.021059727,0.016814293,0.013200847,0.007680094,0.002301565,0.000520441,0.02777566,0.020332867,0.014469621,0.006754672,0.000957252,9.47E-05,0.057931624,0.051530488,0.045577057,0.03498207,0.018937828,0.00922862,0.099225976,0.0856027,0.07304692,0.051537964,0.022484146,0.008350271,0.019908406,0.015758477,0.012296265,0.007070334,0.001961616,0.000408237,0.025351137,0.018052852,0.012492285,0.005432521,0.000647306,3.28E-05,0.021277595,0.017090965,0.013507464,0.00804253,0.002172728,0.00036578,0.028221807,0.020571362,0.014471474,0.00663469,0.000865682,2.94E-05,0.020924896,0.016805552,0.013297934,0.00782124,0.00204567,0.000360459,0.027405461,0.019955207,0.014096029,0.006279657,0.000884158,4.29E-05,0.047464333,0.040576823,0.034253124,0.023476714,0.009316285,0.002930397,0.08520617,0.07057706,0.057373915,0.035468467,0.01011368,0.001849313,0.07288753,0.06656841,0.060457673,0.04895327,0.029650388,0.015676295,0.10434784,0.09812217,0.09207443,0.08044505,0.059405234,0.041684747,0.045790182,0.046533402,0.047891297,0.049264217,0.050098874,0.050945379,0.050809259,0.049029132,0.042762266,0.043493262,0.044853987,0.046246287,0.047105434,0.047991386,0.047925389,0.046348942,0.048245066,0.050919383,0.053328416,0.054704095,0.056774655,0.056852636,0.056509435,0.056547825,0.000453104,2.46E-05,0.004014652,0.000625211,0.002998713,0.000280355,0,-0.19776319,0.021251876,0.01693033,0.013297468,0.007769272,0.002136588,0.000402708,0.029144939,0.02107917,0.014721759,0.00645129,0.000811695,6.63E-05,0.00462767,0.0001821,0.00689325,0.000721279,0.027445458,0.009186985,0.77341706,0.6520881,0.06529544,0.060886346,0.056735016,0.04909648,0.036206115,0.026130209,0.018332327,0.008480287,0,2.3604373
1,100,0,0.19377487,0,0.080998693,0,0.18041039,0,0.024646005,0,-0.31590016,0,-0.25759584,0,0.11365355,0,0.074066321,0,0.042111924,0,0.53795769,0,0.06278236,0,-0.17332387,0.038913962,0.062359937,0.07251883,0.06593398,0.059566807,0.04760025,0.02758047,0.013049759,0.1279314,0.11507884,0.1026775,0.07963662,0.04184854,0.017433446,0.08912968,0.08279492,0.076653205,0.06501843,0.044533927,0.027989797,0.041377738,0.0348643,0.028967286,0.019185677,0.007030265,0.001976402,0.07327108,0.059357107,0.047025178,0.027520599,0.007212252,0.001036589,0.02108564,0.016835494,0.013215458,0.007695083,0.002306002,0.000521855,0.02779925,0.020356597,0.014489249,0.006770775,0.000957505,9.35E-05,0.057743907,0.051353402,0.04541229,0.034837812,0.018841377,0.009172413,0.099044025,0.08543149,0.07288784,0.051407553,0.022408737,0.008315789,0.019915365,0.015763633,0.012298712,0.007070728,0.001960785,0.000407867,0.02535837,0.018057672,0.012495618,0.005435342,0.000646704,3.27E-05,0.021285642,0.017098242,0.013513931,0.008047061,0.002173863,0.000366011,0.028231036,0.020578166,0.014475667,0.006637429,0.000865671,2.94E-05,0.02093029,0.01681034,0.013301608,0.007823604,0.002046563,0.000360613,0.027413948,0.019961152,0.014101024,0.006281907,0.000884404,4.29E-05,0.04726347,0.040388856,0.034080487,0.023335945,0.009244497,0.002902143,0.08500671,0.07039374,0.057205435,0.03533717,0.010057175,0.001833519,0.07652925,0.070259124,0.06418818,0.052697107,0.03320868,0.018638501,0.09818546,0.09188764,0.08576334,0.07404974,0.053075887,0.035733324,0.045830151,0.046733016,0.048042486,0.049379475,0.05019666,0.051037325,0.050868098,0.049095734,0.04247003,0.043358847,0.044671658,0.046030271,0.046874717,0.047759123,0.047667823,0.046121431,0.048312858,0.050877361,0.053203716,0.054585223,0.05662826,0.056642448,0.056302675,0.05635156,0.000445929,2.43E-05,0.003985516,0.000619258,0.002985665,0.000278447,0,-0.32732773,0.0212559,0.016933497,0.013299793,0.007770518,0.002136783,0.00040277,0.029152224,0.021085141,0.014725954,0.006452641,0.000811678,6.63E-05,0.004482452,0.000170513,0.008992565,0.00123066,0.022273712,0.006162853,0.8123211,0.6646969,0.06530485,0.060893655,0.05674247,0.04910372,0.036210038,0.026132794,0.018332383,0.008479578,0,1.6002836
1,101,0,0.23663086,0,0.71975992,0,0.12875687,0,0.17791154,0,0.059977792,0,-0.40024561,0,0.29027116,0,0.34573267,0,0.19127737,0,0.055483631,0,0.06282868,0,-0.007774013,0.039161301,0.06239557,0.074494846,0.06794815,0.06159944,0.04965218,0.029541962,0.014644986,0.12966299,0.11684184,0.10448016,0.08151343,0.04366116,0.018785512,0.08494794,0.07852235,0.07232519,0.060635313,0.040240113,0.024081469,0.041529465,0.035003044,0.02909088,0.019280009,0.007073718,0.001990908,0.07370173,0.059748366,0.04737207,0.027767723,0.007302691,0.001058381,0.020875622,0.016662145,0.01307012,0.007648886,0.002264382,0.000521038,0.027709378,0.020272184,0.014443227,0.00671976,0.00095402,0.000100677,0.057739798,0.051354997,0.045403574,0.034835506,0.018833155,0.009169325,0.09919048,0.08555403,0.07299813,0.051486596,0.022447783,0.008338933,0.019895839,0.015756117,0.012292163,0.007085918,0.001971162,0.000413514,0.025332965,0.018042827,0.01248359,0.005427131,0.000653371,3.29E-05,0.021262387,0.017070066,0.013485626,0.008020244,0.002170145,0.000365076,0.02820168,0.020556454,0.01446639,0.006624185,0.000868213,2.93E-05,0.020936752,0.016808765,0.013300423,0.007821329,0.002044483,0.000360759,0.027394176,0.019947402,0.014080795,0.006272439,0.000883675,4.33E-05,0.04723787,0.040365998,0.03406884,0.02333527,0.009238687,0.002902306,0.08518547,0.07054878,0.057351258,0.035456967,0.010106899,0.001855488,0.08263996,0.07643938,0.0704289,0.05896979,0.03919161,0.023792993,0.100047,0.093769796,0.08766714,0.075981006,0.0549811,0.03751691,0.045874875,0.046934965,0.048195701,0.049496007,0.050295476,0.051130088,0.050927439,0.049162773,0.042423781,0.043468806,0.044733109,0.046055729,0.046883246,0.047762827,0.047640312,0.04610771,0.048626227,0.051080047,0.053321147,0.054706068,0.056717705,0.056664152,0.056324907,0.056378269,0.000448688,2.45E-05,0.003985766,0.000617373,0.002994282,0.000276617,0,0.13534859,0.021276554,0.016950725,0.013314593,0.007779201,0.002139998,0.000402906,0.0291463,0.021073569,0.014717252,0.006453527,0.000813699,6.63E-05,0.005501398,0.000271297,0.012906461,0.002487179,0.023803564,0.007019424,0.8452276,0.7705064,0.06540916,0.06100358,0.05683765,0.04917,0.036273416,0.026186256,0.018384848,0.008513253,0,-0.18485049
1,102,0,0.12287324,0,0.2490625,0,0.20030742,0,0.035386381,0,0.057468009,0,0.19654414,0,0.71988409,0,-0.024444914,0,0.18026167,0,0.14533448,0,0.06205451,0,0.15932453,0.03819877,0.06161542,0.07718704,0.07069227,0.06440054,0.052519307,0.032341473,0.017059047,0.13136125,0.11860041,0.10636547,0.08355467,0.045834076,0.02051599,0.083131336,0.07669019,0.0704859,0.058807258,0.038529072,0.022586048,0.041200753,0.03469844,0.02881352,0.019063499,0.006965674,0.001949697,0.07303297,0.059124533,0.046807002,0.027358508,0.00714817,0.00102135,0.020747596,0.016554957,0.013007057,0.007636402,0.002231485,0.000515795,0.027808717,0.020278104,0.01442634,0.006697942,0.000973788,0.000112926,0.057203155,0.050846513,0.044922505,0.034424234,0.018539444,0.008999122,0.098167256,0.084557936,0.07207433,0.05068991,0.021974863,0.008128437,0.019897064,0.015769228,0.012282207,0.007096609,0.001980876,0.000416084,0.025359197,0.018065335,0.012483179,0.005426513,0.000658145,3.22E-05,0.021245033,0.017043237,0.013453866,0.007990778,0.002171273,0.000364016,0.028210474,0.020561429,0.014479871,0.006616042,0.000873028,2.91E-05,0.02096749,0.016825683,0.013308132,0.007826802,0.002044716,0.000360547,0.027416166,0.01996312,0.014072371,0.006271585,0.000885719,4.40E-05,0.046619482,0.03978886,0.03355219,0.022931969,0.009021506,0.00282543,0.08409392,0.06953532,0.056418173,0.034746975,0.009803223,0.001784887,0.084007524,0.077834256,0.07185137,0.060440674,0.040657736,0.025133723,0.09185936,0.085519925,0.07934586,0.06753351,0.04671318,0.029892072,0.045905513,0.047130263,0.048344279,0.049609938,0.050392538,0.051221541,0.050986112,0.04922953,0.04150363,0.042708637,0.043927339,0.04522165,0.046040046,0.046926431,0.046793288,0.045332577,0.048065066,0.050411985,0.052576309,0.053973152,0.055967,0.055858615,0.05553047,0.055610433,0.000439291,2.41E-05,0.0039123,0.000593519,0.002920601,0.000264132,0,-0.058367594,0.02132455,0.01699309,0.013343996,0.007795485,0.002143544,0.00040294,0.029186811,0.02109571,0.014733551,0.006466585,0.000817507,6.62E-05,0.007180232,0.000484389,0.013987366,0.002907768,0.017397944,0.003718124,0.8565106,0.8163286,0.06563837,0.06122152,0.05703266,0.0493154,0.03640553,0.02627978,0.01847971,0.008570279,0,-0.29587456
1,103,0,-0.11293541,0,0.25526762,0,-0.072746613,0,0.019157695,0,-0.028108966,0,-0.58265927,0,0.29463526,0,0.1346068,0,0.060127851,0,0.155807,0,0.06086557,0,0.23659378,0.038735492,0.060422957,0.08074966,0.074337594,0.06812226,0.056326237,0.03606771,0.020379966,0.13350926,0.12087685,0.10877219,0.08618928,0.048677947,0.022829514,0.081367545,0.07492799,0.068732455,0.057084136,0.036961667,0.021265347,0.040625144,0.034169994,0.02833355,0.018691787,0.006784425,0.00188188,0.07180848,0.05798987,0.045789663,0.026626043,0.006873491,0.000956361,0.020608472,0.01639463,0.012875473,0.007621876,0.002241232,0.000493886,0.02784463,0.020257313,0.014363905,0.006665308,0.00097036,0.000121121,0.05640927,0.050089624,0.044218883,0.0338259,0.018112758,0.008751326,0.0965689,0.08301527,0.070625044,0.049465217,0.021254502,0.007798014,0.01993824,0.015814355,0.012320041,0.007133555,0.002003922,0.000426499,0.02544364,0.018125063,0.012501521,0.005428245,0.000662692,3.40E-05,0.021243835,0.017022058,0.013424335,0.007962733,0.002171765,0.000362181,0.02824214,0.020591825,0.014508324,0.006611796,0.000879694,2.86E-05,0.021012764,0.01685323,0.013318049,0.007841381,0.002045761,0.00035966,0.027459137,0.019990686,0.014072092,0.006276187,0.000891636,4.46E-05,0.04571019,0.03894601,0.03278311,0.022345377,0.008705683,0.00270945,0.08237205,0.06794229,0.0549552,0.033627458,0.009337852,0.00167397,0.1020521,0.09607273,0.090289295,0.0791714,0.058954544,0.042111218,0.086176045,0.07977455,0.07355029,0.061707582,0.04111282,0.024918823,0.045929189,0.047321696,0.048490776,0.049722601,0.05048889,0.051312728,0.051044565,0.049296278,0.04014279,0.041508386,0.042683944,0.043953581,0.044767001,0.045666239,0.045532636,0.044173043,0.047061239,0.049304023,0.051395565,0.052808912,0.054791988,0.054634721,0.054323357,0.054442093,0.000424228,2.34E-05,0.003796413,0.000554624,0.002798291,0.000243898,0,-0.078852331,0.021385672,0.01704935,0.013381206,0.007821381,0.002148705,0.0004024,0.029250456,0.02113853,0.014762214,0.006485546,0.00082302,6.61E-05,0.009672703,0.000955928,0.028413758,0.01068612,0.013382749,0.002148039,0.8302022,0.86174077,0.06593862,0.0614969,0.057277683,0.049498077,0.036545597,0.026413653,0.018599926,0.008668279,0,0.18022956
1,104,0,0.1443945,0,-0.29358129,0,0.24345979,0,-0.007632784,0,0.1624702,0,0.008576388,0,0.54960485,0,0.25606539,0,-0.22598133,0,-0.002122748,0,0.06169667,0,-0.11221093,0.037035649,0.061238747,0.07992297,0.073485196,0.06724412,0.055412527,0.035145413,0.019528676,0.13352427,0.12083945,0.10868537,0.08600379,0.048325855,0.022471538,0.097668536,0.091462106,0.08543699,0.07395865,0.05342967,0.036317814,0.041003592,0.0345165,0.02864614,0.01893176,0.00689872,0.001923205,0.07298972,0.05907787,0.046761118,0.027323537,0.007133858,0.001018007,0.020627324,0.016407507,0.012889442,0.007616535,0.002215395,0.000491344,0.027737126,0.020170242,0.014310677,0.006651946,0.000967857,0.0001247,0.056889694,0.050544046,0.044640478,0.034193452,0.01836426,0.008897068,0.09783632,0.08421943,0.07175004,0.050395273,0.021793729,0.00803978,0.019922191,0.01579724,0.012306729,0.007124223,0.00199789,0.000423579,0.02539796,0.01809294,0.012486997,0.005423275,0.000662033,3.43E-05,0.021235012,0.017019978,0.013427173,0.007966408,0.002170767,0.000362515,0.028199865,0.02055867,0.014483457,0.006604992,0.000877093,2.87E-05,0.02099168,0.016839735,0.013310397,0.007833158,0.002043725,0.000359487,0.027414856,0.019959705,0.014055336,0.006267128,0.000888401,4.44E-05,0.04624112,0.039437912,0.033233695,0.022696376,0.008890428,0.002778146,0.08374,0.06920405,0.056110267,0.03451351,0.00970805,0.001769816,0.088436745,0.08230333,0.07636941,0.065038525,0.0450933,0.02915907,0.08207848,0.07560451,0.069308504,0.057387065,0.03683788,0.02110527,0.045988656,0.047531902,0.048649685,0.049843018,0.050590671,0.051407714,0.051105717,0.049364545,0.04093168,0.042450603,0.043574261,0.044800857,0.045589819,0.046472814,0.046288604,0.044887195,0.048211266,0.050339082,0.052337421,0.053745958,0.055684273,0.055446695,0.0551257,0.055227208,0.000433127,2.38E-05,0.003868128,0.000572675,0.002891253,0.000258334,0,0.19852039,0.021361003,0.017026791,0.013365857,0.007810801,0.002146524,0.000402443,0.029199362,0.021102231,0.014737513,0.006472962,0.000820569,6.60E-05,0.009005904,0.000806797,0.017253272,0.004333707,0.010372808,0.001225495,0.8717315,0.7640482,0.06583124,0.06140025,0.057187166,0.049427226,0.036495037,0.026364047,0.018559227,0.008639928,0,-0.23413438
1,105,0,0.56072143,0,-0.26109191,0,0.039065072,0,-0.038230373,0,0.42018329,0,2.577296,0,-0.62903088,0,0.008490087,0,0.35301674,0,-0.1458298,0,0.05865308,0,0.10982255,0.036545148,0.0582028,0.07245664,0.06598599,0.05972781,0.048040684,0.028413968,0.014028804,0.12507336,0.11235526,0.10018988,0.077618696,0.040854543,0.01716247,0.11085479,0.10484119,0.09898627,0.087790295,0.067396015,0.049752273,0.038363256,0.03209436,0.026479637,0.017257757,0.006102217,0.001640781,0.06799964,0.05453085,0.04272965,0.024472019,0.006085411,0.000784743,0.020883065,0.01665859,0.013076343,0.007660626,0.002264318,0.000530601,0.02791993,0.020413147,0.014560898,0.006756492,0.000972515,0.000109058,0.054725952,0.04851494,0.04274399,0.032523118,0.01727803,0.008289369,0.093541704,0.0802339,0.068060316,0.04742436,0.02010391,0.007301682,0.019975523,0.015824977,0.012335912,0.00711914,0.001982383,0.000414985,0.025520304,0.018180035,0.012574708,0.005465852,0.000660721,3.23E-05,0.021344371,0.01713142,0.013529953,0.008042507,0.002179501,0.000366193,0.028413026,0.02070926,0.014577606,0.00666944,0.000876456,2.94E-05,0.021036316,0.016884813,0.013359087,0.007855771,0.00205317,0.000362255,0.027604235,0.020100567,0.014181471,0.006317937,0.000890806,4.39E-05,0.043974146,0.037335485,0.031294588,0.021120213,0.008102294,0.002477669,0.0791083,0.06494247,0.052223146,0.031537887,0.008479384,0.001431361,0.07095401,0.06471061,0.05867911,0.047360897,0.028516497,0.014991763,0.10554327,0.09941856,0.09344773,0.081965156,0.06116891,0.043559976,0.045979656,0.047707854,0.048785871,0.049949894,0.050682957,0.051496179,0.051162617,0.049430641,0.037599041,0.039285635,0.040373574,0.041592883,0.042394444,0.043316796,0.043178459,0.042008772,0.04523101,0.047263763,0.049208281,0.050653054,0.052611493,0.05235262,0.052074125,0.052268835,0.000372147,2.11E-05,0.003543613,0.000524392,0.002608222,0.000213798,0,0.23577392,0.02138328,0.017036796,0.0133812,0.007817307,0.002150145,0.00040453,0.029376088,0.021235932,0.014830424,0.006504656,0.000820893,6.67E-05,0.005234381,0.000264827,0.006552401,0.000697186,0.029276647,0.0105071,0.9468306,0.6779487,0.065768324,0.06133669,0.057149924,0.049428493,0.036472704,0.026330762,0.01849554,0.008570222,0,-0.036645361
1,106,0,0.046517479,0,1.7084842,0,0.10143694,0,0.070753001,0,0.017202549,0,0.31975666,0,-0.83348572,0,-0.07458459,0,-0.02429664,0,0.007197832,0,0.057386138,0,-0.1576138,0.034270976,0.056933362,0.071579725,0.06513293,0.058900036,0.047291137,0.027820185,0.013635038,0.12345906,0.11077274,0.09865529,0.07619665,0.039796833,0.016517721,0.09024763,0.084032066,0.078024,0.06661488,0.046481512,0.030084107,0.037415307,0.031226471,0.025709236,0.016674038,0.005829206,0.001549337,0.066244274,0.05294765,0.04134339,0.023506833,0.005737383,0.000713383,0.020915234,0.016681366,0.013092565,0.007667057,0.002263216,0.000532375,0.027987499,0.02045865,0.014592638,0.006774013,0.000974448,0.000109087,0.05383611,0.047676463,0.041964374,0.031847484,0.01682892,0.008037129,0.091837525,0.07863378,0.0665787,0.04622284,0.019414918,0.007008699,0.02000224,0.015846588,0.012352178,0.007128757,0.001985153,0.000415463,0.025581615,0.018223908,0.012604439,0.005478681,0.00066215,3.23E-05,0.0213723,0.017153578,0.013547025,0.008052412,0.002182428,0.000366647,0.028481262,0.020758793,0.014612755,0.006685095,0.000878636,2.95E-05,0.021065153,0.016907746,0.013377106,0.007866284,0.002055887,0.00036272,0.02767095,0.020149041,0.014215128,0.006332946,0.000892988,4.40E-05,0.04301293,0.03644909,0.0304882,0.02048207,0.007777018,0.002359127,0.07727488,0.06325733,0.05068998,0.030391082,0.008031532,0.001315892,0.064342506,0.058039203,0.052003514,0.040792435,0.02260112,0.010434139,0.13074656,0.12485085,0.11910146,0.10795978,0.08722959,0.068787344,0.04600235,0.047900156,0.048933189,0.050063561,0.050780192,0.051588155,0.051221919,0.049498044,0.036157563,0.038004801,0.039049996,0.040245544,0.041042679,0.041978834,0.041842075,0.040778322,0.04414488,0.046073634,0.047946069,0.04940846,0.051357178,0.051049184,0.050790141,0.051029178,0.000350571,2.05E-05,0.003420011,0.000498183,0.00250056,0.000195693,0,0.095895722,0.021412732,0.017060306,0.013399539,0.007827886,0.002152983,0.000405026,0.029447125,0.02128691,0.014865965,0.006520249,0.000822884,6.69E-05,0.005022419,0.000247818,0.003722587,0.000233928,0.052784212,0.028099895,0.97494036,0.9175624,0.06586143,0.061423432,0.05723055,0.0494976,0.036524225,0.026367681,0.01852232,0.008582737,0,-0.34570431
1,107,0,-0.04926091,0,-0.49096088,0,-0.17460565,0,-0.19750443,0,0.10306587,0,-0.33673913,0,2.8305259,0,0.002055603,0,-0.20900767,0,0.3868523,0,0.056141175,0,-0.024573537,0.033680255,0.055683777,0.078363925,0.07204986,0.06590996,0.054364126,0.03459667,0.019414047,0.12827149,0.11582005,0.10389445,0.0817353,0.045332577,0.02072592,0.1077645,0.10176375,0.09592263,0.084767506,0.06452148,0.047090046,0.037082545,0.03091721,0.025439633,0.016472416,0.005734806,0.0015198,0.06533945,0.052122418,0.04062158,0.022993153,0.005553351,0.000674583,0.020638753,0.016421044,0.012912118,0.007635281,0.002259273,0.000499061,0.028055878,0.020406008,0.014484681,0.006721447,0.000980917,0.000115746,0.053050578,0.046928808,0.04128179,0.03128581,0.016425677,0.007798383,0.09021332,0.0770543,0.06508247,0.044981547,0.01870396,0.006723162,0.02003863,0.015897179,0.012387843,0.007169951,0.002019409,0.000429963,0.025676869,0.018287739,0.012607714,0.00547221,0.000668711,3.44E-05,0.021345714,0.017099729,0.013481415,0.007993792,0.002182671,0.000363955,0.028489294,0.020774396,0.014638201,0.006666297,0.000888499,2.87E-05,0.021125814,0.01694017,0.013383552,0.00788517,0.002057846,0.00036112,0.027703257,0.020166487,0.01419111,0.006330939,0.000901329,4.51E-05,0.042094164,0.03561348,0.029734751,0.01994373,0.007490063,0.002262725,0.07555254,0.061664987,0.049273256,0.029335693,0.007664602,0.001234699,0.07805241,0.07193388,0.0660196,0.054791495,0.035704896,0.021106025,0.09482068,0.088610925,0.08257747,0.07106301,0.050545778,0.033729512,0.046036458,0.048133772,0.049111929,0.050201179,0.050897863,0.051699458,0.051293757,0.049579467,0.034722981,0.036760098,0.037752752,0.038917317,0.039706692,0.040655553,0.040513828,0.03955763,0.043134998,0.044937312,0.046720421,0.048201317,0.050133776,0.049761975,0.049523076,0.049808402,0.000340991,2.06E-05,0.003312655,0.00046088,0.002399484,0.000186379,0,-0.031542866,0.021501632,0.017144376,0.013453613,0.007864821,0.002159515,0.000403926,0.029512564,0.021326663,0.014893445,0.006544102,0.000830988,6.65E-05,0.009120553,0.000898304,0.011051275,0.001963454,0.020823414,0.005592444,0.9897284,0.7828263,0.0663284,0.061857156,0.057613887,0.049783945,0.036757033,0.026570793,0.01871661,0.008734358,0,-0.26216351
1,108,0,0.17252192,0,2.7597054,0,0.068717979,0,0.071655844,0,-0.088793976,0,-0.025067575,0,0.13860451,0,0.091368883,0,0.17589073,0,0.20320926,0,0.058368266,0,0.030564214,0.034250655,0.0578871,0.08283035,0.07652265,0.07038854,0.05875632,0.038639,0.022855194,0.13379888,0.12135313,0.10942228,0.087144166,0.05011734,0.024220632,0.08899939,0.08275379,0.07670548,0.0652414,0.04506955,0.028727636,0.038690224,0.0323875,0.026741663,0.017464422,0.006194469,0.001672305,0.068908766,0.05534002,0.043437246,0.024952646,0.006256426,0.000819848,0.020634351,0.01645017,0.012939725,0.007672255,0.002326301,0.00050638,0.027992222,0.020351049,0.014489848,0.006757588,0.001011331,0.000124254,0.05450162,0.048285197,0.04253688,0.032373175,0.017142523,0.008192331,0.093478985,0.08007482,0.067868985,0.04719995,0.019962598,0.007240581,0.020006018,0.015877655,0.012382045,0.007157121,0.002025346,0.000431792,0.025570724,0.018208649,0.012542356,0.005439856,0.000664762,3.49E-05,0.021282354,0.017042872,0.013430703,0.007955301,0.00217952,0.00036367,0.028341787,0.020672841,0.01456954,0.006623781,0.000886198,2.95E-05,0.02109568,0.016908048,0.013349335,0.00788081,0.002060247,0.000359127,0.027565919,0.02006174,0.014108832,0.006298102,0.000901603,4.58E-05,0.043615326,0.03701125,0.031015258,0.02096819,0.007994697,0.002453462,0.07902342,0.06485007,0.05215266,0.031489924,0.008503248,0.001463065,0.08408969,0.077974245,0.07206677,0.06080277,0.041259438,0.025856629,0.098740175,0.09253342,0.08650417,0.074950345,0.054226354,0.037041996,0.046129342,0.048357858,0.049280572,0.050328067,0.051004738,0.051798319,0.051357777,0.049649407,0.037001075,0.039179719,0.040114663,0.041223388,0.041975093,0.04288769,0.04266065,0.041564411,0.045771799,0.047452097,0.049127733,0.050588684,0.052452614,0.051978886,0.051709569,0.051933111,0.000376924,2.17E-05,0.00351409,0.000491479,0.002594625,0.000215827,0,0.006943655,0.021475773,0.01712926,0.013438204,0.007859263,0.002156262,0.000402415,0.029375328,0.02122672,0.014824428,0.006517516,0.000829133,6.59E-05,0.011712286,0.001510699,0.014686542,0.00327703,0.023562543,0.007037872,0.6640619,0.6495677,0.066310056,0.061848816,0.05760142,0.049774267,0.036746893,0.026568787,0.018731516,0.008772324,0,-0.27431419
1,109,0,0.375713,0,0.18923381,0,-0.08339146,0,-0.15266544,0,0.078699949,0,0.38767777,0,-0.1411405,0,0.052166709,0,-0.19045669,0,0.001681994,0,0.05936472,0,0.43321325,0.034383875,0.058867145,0.08427562,0.07796345,0.07182186,0.060152948,0.039899487,0.023916291,0.13569725,0.12324145,0.11129427,0.08895311,0.05169559,0.02536507,0.0910519,0.084801316,0.07874839,0.06725395,0.04695298,0.030393092,0.03950086,0.033133388,0.027403468,0.017972834,0.006433796,0.001754026,0.070506334,0.056794204,0.04472311,0.025862707,0.006591198,0.000892369,0.02061943,0.016444664,0.012937762,0.007675142,0.002334882,0.000508276,0.02794112,0.020313473,0.014452568,0.0067432,0.001012452,0.000125447,0.05529241,0.04902486,0.04322754,0.032966577,0.017534716,0.008412768,0.094988465,0.081488304,0.06917681,0.04825852,0.020564586,0.007496183,0.01998509,0.015862312,0.012372553,0.007148598,0.0020246,0.000432402,0.025518646,0.018170899,0.012516421,0.005426954,0.000663342,3.50E-05,0.021254458,0.017019521,0.013411077,0.007941682,0.002177482,0.000363715,0.028278489,0.020627897,0.014539036,0.006607262,0.000884533,2.97E-05,0.02107564,0.016889935,0.01333403,0.007874016,0.002059348,0.000358427,0.027505612,0.020016348,0.014075099,0.006284038,0.000900634,4.60E-05,0.04445346,0.037785247,0.03172469,0.021532053,0.008276979,0.002559732,0.08063761,0.066340305,0.053496942,0.03251753,0.00890921,0.001572428,0.08239889,0.07624973,0.070300944,0.05896177,0.039412744,0.024155002,0.10162418,0.095429465,0.08940988,0.077844195,0.057009846,0.03958722,0.046502396,0.048571858,0.04944261,0.050450889,0.051108819,0.051895382,0.051420724,0.049718997,0.038271137,0.040296928,0.041179123,0.04224296,0.042968722,0.043862676,0.043580814,0.042431046,0.047098693,0.048663074,0.050243439,0.051697668,0.053513979,0.052957357,0.052675439,0.052875422,0.000395408,2.22E-05,0.003626871,0.000510412,0.00268789,0.000228695,0,-0.054158338,0.021456052,0.017114626,0.013426336,0.007852958,0.002154337,0.000401889,0.029312877,0.021181582,0.014792971,0.006504609,0.000827801,6.57E-05,0.012519144,0.001720064,0.013293805,0.002698941,0.025725072,0.008262922,0.7130991,0.67307025,0.06626397,0.061808817,0.057560477,0.049740743,0.0367209,0.026551249,0.01872376,0.008776546,0,-0.21525894
1,110,0,0.21232571,0,0.072588794,0,0.050097346,0,-0.21615833,0,0.010610096,0,-0.74536517,0,1.4369167,0,-0.12590483,0,0.1692206,0,-0.2007216,0,0.059164513,0,-0.03532479,0.034025648,0.058657907,0.08272881,0.076402515,0.07024707,0.058567423,0.038386717,0.0225724,0.13414484,0.12165748,0.10969094,0.08734145,0.050161872,0.024178892,0.08933584,0.083067834,0.07699023,0.065475315,0.045201577,0.028771155,0.03937034,0.03301354,0.027296206,0.017888099,0.006393024,0.001739717,0.07016449,0.05648433,0.04445048,0.025670221,0.006521839,0.000876905,0.020578442,0.016399467,0.012917053,0.007657464,0.00231063,0.000495428,0.027901342,0.020282395,0.014439173,0.006726452,0.001000889,0.000118516,0.05527012,0.04900595,0.043214325,0.032953978,0.01752824,0.008413006,0.09476744,0.08129055,0.069002554,0.048123218,0.020484919,0.007460105,0.019982286,0.015857778,0.012362922,0.007149727,0.002020941,0.000430582,0.025521694,0.018174352,0.01252025,0.005431762,0.000664244,3.45E-05,0.021263074,0.01702883,0.013420781,0.007951831,0.002176649,0.000362914,0.028293727,0.02063671,0.014543109,0.006614654,0.000884333,2.92E-05,0.021068182,0.016888268,0.013335237,0.007869581,0.002056321,0.000359055,0.02751779,0.02002807,0.014087102,0.006287521,0.000898934,4.55E-05,0.044446692,0.03778011,0.031716507,0.0215185,0.00827317,0.002554923,0.08040856,0.06613208,0.053309977,0.032371636,0.008845167,0.00155118,0.107577,0.10168583,0.09596004,0.08491742,0.06469067,0.047621794,0.08945406,0.08312558,0.07696327,0.06521351,0.044600636,0.028104344,0.04685436,0.048774913,0.049597608,0.050569716,0.051209988,0.051990562,0.051482488,0.049787945,0.038269664,0.040145995,0.040980955,0.042011281,0.042722411,0.043614987,0.043308155,0.042188973,0.047149342,0.048604246,0.050101649,0.051562006,0.053350688,0.05272838,0.052450809,0.052663002,0.000392373,2.20E-05,0.003625436,0.000512879,0.002674721,0.000226657,0,0.094439511,0.021447288,0.017105319,0.013420275,0.007848158,0.002153601,0.000402126,0.029322388,0.021188732,0.0147979,0.00650507,0.000827263,6.59E-05,0.011451868,0.001426374,0.03341625,0.014088303,0.01600948,0.003173149,0.7467095,0.68670046,0.066207044,0.061748676,0.057512175,0.049694687,0.036689218,0.026527014,0.018697433,0.008749235,0,-0.46184933
1,111,0,-0.5375288,0,1.4498049,0,0.046069656,0,-0.18616391,0,-0.22639537,0,-0.37952822,0,-0.39338134,0,-0.26590391,0,-0.061420987,0,-0.051225033,0,0.058017712,0,0.065224463,0.032647404,0.057508077,0.10419665,0.098101236,0.09214825,0.08071707,0.059984766,0.04263791,0.152239,0.14019144,0.12856768,0.10681008,0.06939617,0.040486068,0.076945335,0.07048106,0.06428487,0.052660435,0.032873016,0.017883426,0.039791416,0.03340231,0.027656723,0.018191447,0.006543654,0.001795448,0.07004869,0.056361552,0.044330735,0.02557506,0.006482332,0.000873368,0.020749997,0.016559197,0.013018942,0.007730316,0.002399401,0.000547474,0.02808598,0.020520264,0.014654056,0.006899487,0.001091708,0.000130924,0.054839004,0.048647653,0.042839672,0.03258114,0.017358705,0.00831362,0.09342986,0.0800201,0.06773274,0.04699117,0.019853389,0.007166026,0.020024166,0.01589394,0.012422774,0.007161878,0.002060652,0.000410347,0.025562434,0.01817193,0.012489538,0.005373086,0.000664676,4.31E-05,0.021201445,0.01696045,0.013377968,0.007867236,0.002195321,0.000377331,0.028306173,0.020642703,0.014583494,0.006600234,0.00089952,3.53E-05,0.02118985,0.016940096,0.01337844,0.007925884,0.002102907,0.000351779,0.02751342,0.01999527,0.014032298,0.006322978,0.000917071,5.73E-05,0.043822978,0.03722523,0.0312578,0.021218361,0.008133081,0.002554846,0.078909606,0.06469919,0.051974278,0.031375587,0.008531644,0.001520393,0.10891361,0.10305558,0.097347714,0.086334005,0.06613756,0.049050994,0.09259204,0.08630292,0.08018663,0.06852828,0.047889993,0.031143576,0.047190341,0.048970519,0.049747461,0.050685552,0.051309297,0.052084495,0.051543459,0.049856683,0.03726236,0.038992826,0.03978441,0.040790031,0.041495816,0.042400487,0.042092277,0.041070304,0.046190833,0.047540692,0.048964572,0.050441637,0.052218219,0.051543063,0.051283778,0.05153723,0.000403509,2.35E-05,0.003575314,0.000465283,0.002538158,0.000228754,0,-0.22099664,0.021578955,0.017225064,0.013519941,0.007908572,0.002154979,0.00040623,0.029366653,0.021215575,0.014824028,0.006534177,0.000849251,6.34E-05,0.028581314,0.009922473,0.03475025,0.015046077,0.018551387,0.004350569,0.5888674,0.84013563,0.06695543,0.062463485,0.058194492,0.050319266,0.03709873,0.026921809,0.01914071,0.009066828,0,-0.79761169
1,112,0,0.2817075,0,-0.28143935,0,-0.040666281,0,-0.26684265,0,-0.023093373,0,4.4295345,0,0.30447251,0,0.064089938,0,-0.083333167,0,0.1981006,0,0.05728922,0,0.12515473,0.033229889,0.056773953,0.09973833,0.09361428,0.08764209,0.07618827,0.055550843,0.03846805,0.14770451,0.13558531,0.12392186,0.10210554,0.064890176,0.036615048,0.08594463,0.07967031,0.07358947,0.062109232,0.042014655,0.025958488,0.039292146,0.03294194,0.02724529,0.017869975,0.006391205,0.001742173,0.06884165,0.055264615,0.04336556,0.024893004,0.006234554,0.000817355,0.020767413,0.016566975,0.01302138,0.007756964,0.002412568,0.000547429,0.028095204,0.020539695,0.01466844,0.00691411,0.001077358,0.000122839,0.054466717,0.04827769,0.042502362,0.032301955,0.017161114,0.008198536,0.09244647,0.07908754,0.06687995,0.04632461,0.019472087,0.007014057,0.020035595,0.015898863,0.012430762,0.00716124,0.00205482,0.00041911,0.02559978,0.018205218,0.012519944,0.00539749,0.000666685,4.30E-05,0.021218235,0.016972892,0.013388276,0.007878014,0.002192081,0.000375739,0.028349075,0.020676037,0.014600594,0.006609452,0.000898965,3.43E-05,0.02118369,0.016932508,0.013372612,0.007921137,0.002094843,0.000352616,0.027560608,0.020032063,0.014064476,0.006322409,0.000915604,5.45E-05,0.043445654,0.03686142,0.030925589,0.020950133,0.007993436,0.002493434,0.07787284,0.063742,0.05112944,0.03074003,0.008265997,0.001442432,0.077785715,0.071623705,0.06566759,0.05434249,0.035137217,0.02051282,0.07732529,0.070863456,0.064593464,0.05279527,0.03272356,0.017786637,0.047533413,0.049169669,0.049900182,0.050803181,0.051409926,0.052179366,0.05160523,0.049925801,0.036699345,0.038282679,0.039029612,0.040006614,0.040703004,0.041613678,0.041293802,0.040339359,0.045678043,0.046921191,0.048267301,0.049756551,0.051513986,0.050779869,0.050533066,0.050815672,0.000391581,2.27E-05,0.003523969,0.000461504,0.002489185,0.000216601,0,-0.070749954,0.021571467,0.01721754,0.013511822,0.007904035,0.002157642,0.000405696,0.029409053,0.021246707,0.014844039,0.006539401,0.0008466,6.40E-05,0.024906173,0.00757187,0.010534087,0.001761697,0.008036057,0.000749775,0.62910706,0.77608484,0.06689034,0.062392686,0.05812517,0.050250325,0.037052836,0.026878713,0.019072799,0.00902513,0,-0.065284122
1,113,0,0.13913274,0,0.12917054,0,0.20069018,0,0.30215697,0,0.26559193,0,0.90935758,0,-0.054760132,0,-0.2237049,0,-0.20253643,0,-0.1274544,0,0.055527907,0,0.11530162,0.03145874,0.0550136,0.09160754,0.085426785,0.07942164,0.06794618,0.047622316,0.031137789,0.13917251,0.12698439,0.11528823,0.09338094,0.056703318,0.029805958,0.07887541,0.0725263,0.06642248,0.054958608,0.035244178,0.02004828,0.037950583,0.031708468,0.026149668,0.017021965,0.005991962,0.001607576,0.0659425,0.052644268,0.04107393,0.023292985,0.005662825,0.000696291,0.020669319,0.01650274,0.012971741,0.007714294,0.00239821,0.000536351,0.028056504,0.020474803,0.014596037,0.006868645,0.001056853,0.000128633,0.05338244,0.04723942,0.04155105,0.031508442,0.016601544,0.007879628,0.08996356,0.076766014,0.06476489,0.044667166,0.018538723,0.00663256,0.02005443,0.015911572,0.012433988,0.00715786,0.002048719,0.000428459,0.025694717,0.018281866,0.012588632,0.005441469,0.000670672,3.95E-05,0.021273019,0.017018043,0.013415388,0.007914472,0.002187864,0.000371958,0.028455475,0.02075823,0.014648625,0.006635029,0.000896418,3.24E-05,0.021188838,0.01694362,0.013369882,0.007918492,0.002082727,0.000355236,0.027677454,0.020121705,0.014134793,0.006329473,0.000915399,5.08E-05,0.04233562,0.03582654,0.02997578,0.020185232,0.007609294,0.002339423,0.0752624,0.061353527,0.049007565,0.029142812,0.007631588,0.0012589,0.06906821,0.06285112,0.056852967,0.04563666,0.027096998,0.013970522,0.07546602,0.06901715,0.06277375,0.05104275,0.031214688,0.01663368,0.047860148,0.049360814,0.050047142,0.050917731,0.051508269,0.052272848,0.051666086,0.049994681,0.03504048,0.0364802,0.037186553,0.038145045,0.038841703,0.039773274,0.03946742,0.03865288,0.044064739,0.045205769,0.046484787,0.047997624,0.049753076,0.048973569,0.04875534,0.049101017,0.000360772,2.16E-05,0.003372023,0.000445789,0.002357907,0.000189474,0,0.11546686,0.021570114,0.017212866,0.013504985,0.007899815,0.002162035,0.00040455,0.029516108,0.021324102,0.014895358,0.006556603,0.000841663,6.50E-05,0.018602964,0.004176487,0.005927735,0.000594671,0.007260011,0.000627346,0.6581948,0.8196266,0.066795595,0.06230371,0.05803058,0.050138358,0.036998916,0.026807485,0.018967558,0.008958301,0,0.15129296
1,114,0,1.4552244,0,-0.40459799,0,0.42360772,0,0.18199833,0,0.38827393,0,-0.36334097,0,-0.063725054,0,0.2679559,0,0.33328745,0,0.63287881,0,0.05608102,0,0.43013851,0.03184604,0.055553168,0.07983013,0.07352245,0.067385755,0.05581517,0.035933554,0.020551631,0.12921816,0.11679389,0.10489328,0.08276084,0.046317864,0.021477072,0.09065719,0.08445287,0.078458354,0.0670666,0.04694759,0.030531809,0.037789922,0.03156441,0.026013376,0.016909353,0.005936309,0.001587776,0.06589806,0.052622914,0.04105746,0.023296453,0.005661687,0.000696584,0.020647466,0.016445402,0.012944433,0.007671336,0.002293306,0.000495748,0.028070828,0.020407442,0.014499762,0.006744521,0.000992604,0.000116566,0.053737737,0.047574423,0.04187864,0.031801876,0.016765151,0.00798596,0.09070843,0.077504955,0.06549703,0.04530602,0.018886454,0.006798699,0.020022014,0.015886778,0.0123822,0.007164988,0.002021432,0.000430509,0.02566328,0.018276285,0.012594154,0.005465177,0.000668113,3.45E-05,0.021318614,0.017075554,0.013459557,0.007978392,0.002180802,0.000363616,0.028462717,0.020757465,0.014627069,0.00665744,0.000888657,2.90E-05,0.021110201,0.016924366,0.013367566,0.007882366,0.002058296,0.000360293,0.027679428,0.020147586,0.014174791,0.006324943,0.00090233,4.53E-05,0.042820156,0.036280528,0.030342793,0.020429116,0.007728288,0.002351474,0.07607821,0.062142007,0.049708746,0.02965524,0.007791255,0.00127044,0.07826836,0.072134055,0.06620529,0.054937948,0.03578309,0.021126885,0.08797182,0.08167593,0.07555042,0.06390894,0.0435186,0.027284108,0.048226835,0.049572113,0.05020815,0.05104063,0.05161291,0.052370708,0.051729862,0.050065028,0.035838786,0.037126993,0.037783027,0.038700821,0.039375855,0.040295114,0.03994539,0.039108411,0.044918425,0.045946233,0.047134336,0.048645255,0.050360263,0.0495035,0.04927869,0.049613183,0.000357572,2.11E-05,0.003407995,0.000476267,0.002428172,0.000191397,0,-0.01502099,0.021487419,0.017135086,0.013444954,0.007861038,0.002157736,0.000403165,0.029490659,0.021310363,0.014882261,0.006540377,0.000831079,6.63E-05,0.009967062,0.001088043,0.011038138,0.001943312,0.01543353,0.002997982,0.8461531,0.70990044,0.06630784,0.061838523,0.05759676,0.04976767,0.03674359,0.026564578,0.018716877,0.008746184,0,0.59352971
1,115,0,-0.47817951,0,0.55726997,0,-0.23263553,0,-0.14900739,0,-0.31023827,0,-0.62755831,0,0.12949998,0,-0.090286087,0,-0.037365292,0,-0.16655168,0,0.054586098,0,-0.20825226,0.02945047,0.054136306,0.08459435,0.07835486,0.07228937,0.060788848,0.04078497,0.024935508,0.1322302,0.11995351,0.10820523,0.08625702,0.049955588,0.024460727,0.08600962,0.079792514,0.07377821,0.062406026,0.04249642,0.026544826,0.03730054,0.03111614,0.025622074,0.016617892,0.005804245,0.001545777,0.06429503,0.051177885,0.03980103,0.022416186,0.005352353,0.000633713,0.020728484,0.016539786,0.013005674,0.007720709,0.00236731,0.000513614,0.028233916,0.020557841,0.014636131,0.00685729,0.001040813,0.000129088,0.052957177,0.046840608,0.041185148,0.03120865,0.016383234,0.007754963,0.088741496,0.07563354,0.06375575,0.043881033,0.018109106,0.00647088,0.020061428,0.015922137,0.01242804,0.007168348,0.002039313,0.000435661,0.025748188,0.018331146,0.012624723,0.005470064,0.000671049,3.56E-05,0.021314917,0.017061776,0.013441156,0.007951249,0.00218653,0.000367814,0.028519185,0.020805158,0.014670319,0.006657712,0.000893473,3.09E-05,0.021166999,0.016952213,0.013378036,0.007909363,0.002072205,0.000358513,0.027744396,0.020182852,0.014185995,0.006336568,0.000911691,4.77E-05,0.041934203,0.035460547,0.02961713,0.019877017,0.007455219,0.002265696,0.07398132,0.06019757,0.04796886,0.028375303,0.007321287,0.001164758,0.09235254,0.08638432,0.08059439,0.069536805,0.049829803,0.03380146,0.0895523,0.08329551,0.077211395,0.06566401,0.045322806,0.028984502,0.048558727,0.049765889,0.05035744,0.051156645,0.051712565,0.052465219,0.051791573,0.050134484,0.03446266,0.035606805,0.03622161,0.037118319,0.037791243,0.038727475,0.038385203,0.037669152,0.043588733,0.044513379,0.045631487,0.04716341,0.048871823,0.047965075,0.04776565,0.048156259,0.000346395,2.10E-05,0.003303147,0.000448013,0.002303544,0.000177657,0,-0.20121242,0.021547727,0.017190179,0.01348538,0.007888386,0.002162449,0.000403142,0.029571055,0.021366479,0.014921882,0.006563526,0.000836324,6.59E-05,0.013486569,0.002092997,0.021365743,0.006630107,0.016882198,0.003654115,0.72398454,0.7995396,0.06661114,0.0621272,0.057860788,0.04999546,0.036907706,0.026701085,0.018842366,0.008861388,0,-0.4382291
1,116,0,-0.70355427,0,0.38736028,0,-0.31427225,0,0.077884938,0,-0.20586935,0,-0.42074142,0,0.28906321,0,-0.11116095,0,-0.024463356,0,-0.16574337,0,0.057914052,0,-0.22565256,0.030874339,0.05752074,0.09899721,0.09284831,0.086854495,0.07535991,0.05466205,0.037574682,0.14734572,0.13518809,0.12348907,0.10156342,0.064252816,0.03598948,0.08365832,0.07733219,0.071218535,0.059690695,0.039619256,0.02375712,0.04030648,0.033879075,0.028082807,0.018519524,0.006703294,0.00185418,0.06998944,0.05631004,0.044286117,0.025543772,0.006469694,0.000868761,0.02068673,0.016511232,0.012979637,0.007723986,0.002394033,0.000540978,0.028000562,0.020468337,0.014611801,0.006875937,0.001067882,0.000120876,0.055393633,0.04914683,0.043320876,0.033008546,0.017613245,0.008455919,0.0936494,0.080217704,0.067926705,0.04718058,0.019949948,0.007221447,0.020004418,0.015872454,0.01241061,0.007146698,0.002049017,0.000420745,0.025557464,0.018176686,0.012503585,0.005392582,0.000664703,4.20E-05,0.021190668,0.016951196,0.013370804,0.007870202,0.00218722,0.000374324,0.028301906,0.020642616,0.014574934,0.006598232,0.000896574,3.38E-05,0.021147367,0.01690252,0.013347564,0.007906213,0.002087813,0.000352126,0.027517257,0.020000804,0.01404512,0.006309006,0.000913419,5.35E-05,0.044443425,0.037790228,0.03176019,0.021609168,0.008322236,0.002612528,0.07916008,0.064936094,0.05220491,0.03155174,0.008580551,0.00152091,0.10021755,0.09426273,0.08849268,0.07741222,0.05732797,0.04066843,0.093083315,0.0868017,0.0806922,0.069045946,0.048401285,0.03161295,0.048976461,0.050003377,0.050535653,0.051290279,0.051824877,0.052568713,0.05185934,0.050207013,0.038210259,0.039190966,0.039741648,0.040571311,0.041195631,0.042079971,0.041624298,0.040691355,0.04740316,0.048199687,0.049198894,0.050697224,0.052319817,0.051300206,0.051050776,0.051339718,0.000417213,2.40E-05,0.003654297,0.000489527,0.002566582,0.000223425,0,-0.31414957,0.021533655,0.017186502,0.013486679,0.007889482,0.00215511,0.000404845,0.0293597,0.021210898,0.014818866,0.00652709,0.000843698,6.40E-05,0.02407051,0.007032735,0.027198207,0.009976123,0.018943861,0.004543867,0.3645665,0.87622535,0.06675551,0.06226304,0.058003936,0.050140858,0.03697641,0.026819443,0.019016977,0.008995524,0,-0.7114453
1,117,0,-0.13112535,0,2.2273917,0,-0.18065739,0,0.023884882,0,-0.001304733,0,-0.78076078,0,2.036703,0,-0.002056113,0,0.03412689,0,0.062338085,0,0.056513358,0,0.21947888,0.031399458,0.05620213,0.10583858,0.099762574,0.09383403,0.08243294,0.061729643,0.04432593,0.15250488,0.14051375,0.12895681,0.10734507,0.07008003,0.04121956,0.06644163,0.0598462,0.05352371,0.0418822,0.022818495,0.010012247,0.039793015,0.03340795,0.027665509,0.018206805,0.006558141,0.001803832,0.06842354,0.054877806,0.043022815,0.024645291,0.006145027,0.000799201,0.02072538,0.016531054,0.01299077,0.007698761,0.002372296,0.000542938,0.028119298,0.020540573,0.014662171,0.006914113,0.0011072,0.000132094,0.054643393,0.04846816,0.042667,0.03243126,0.017268488,0.008262931,0.09180116,0.078498036,0.0663179,0.045837585,0.019203639,0.006892107,0.020028854,0.015898278,0.012422737,0.007163166,0.002065135,0.000407059,0.02562126,0.018208725,0.012514146,0.00538,0.000664857,4.30E-05,0.021206647,0.016964184,0.013379711,0.007867017,0.002197685,0.000378589,0.028369375,0.020689117,0.014617951,0.006615098,0.000902466,3.59E-05,0.021203669,0.016954292,0.013386195,0.00793258,0.002108546,0.000351409,0.027573034,0.020037327,0.014057355,0.006342366,0.000921253,5.90E-05,0.043604355,0.03702914,0.031083258,0.021080969,0.008066494,0.002535023,0.07717475,0.06308632,0.050529923,0.030286506,0.00811385,0.001414685,0.12420632,0.11848419,0.11285087,0.10196806,0.0818289,0.06430542,0.07696862,0.07052089,0.06426652,0.05250068,0.0325058,0.01764452,0.049310561,0.050198492,0.050686147,0.05140726,0.051925513,0.052664025,0.05192173,0.050276917,0.036933438,0.037769725,0.03827902,0.039086758,0.039708198,0.040608133,0.040157621,0.039339027,0.046173069,0.046866182,0.047794333,0.049312645,0.050926793,0.049855228,0.04962926,0.04996986,0.000405895,2.37E-05,0.003547198,0.000456201,0.002434873,0.000218803,0,-0.053582419,0.021594143,0.017237172,0.013530375,0.007914574,0.002154587,0.000406905,0.029432788,0.021262996,0.014857982,0.006550495,0.000852845,6.32E-05,0.030118307,0.011006878,0.049108125,0.025934855,0.007953576,0.00074091,0.30276665,0.9916998,0.067017965,0.062531486,0.05826125,0.05037491,0.037142396,0.026954053,0.019180056,0.009088884,0,0.29741393
1,118,0,0.81093068,0,-0.19687412,0,0.1169664,0,-0.23077587,0,-0.39001396,0,-0.37534724,0,-0.10767483,0,-0.035841428,0,-0.068751388,0,0.16657634,0,0.058154803,0,0.11395156,0.03112561,0.057911616,0.09965141,0.09350035,0.08750365,0.076001264,0.0552591,0.03811238,0.14803609,0.13587761,0.12417418,0.10223474,0.0648644,0.036486823,0.077657595,0.07120108,0.065007254,0.053382404,0.033543654,0.018430335,0.04080777,0.034343228,0.028498815,0.018842716,0.006860526,0.001911363,0.07051906,0.056792796,0.0447115,0.025844615,0.006579394,0.000893265,0.02069124,0.016516225,0.012986082,0.007728876,0.002395695,0.000540447,0.02799556,0.020465683,0.014615415,0.006876051,0.001067778,0.000120499,0.05581888,0.049550284,0.043698594,0.033332113,0.017827673,0.008578654,0.09415935,0.08069877,0.06837044,0.04754006,0.020153545,0.007308177,0.019992113,0.015863279,0.012403297,0.007143008,0.002048482,0.00042011,0.02553896,0.01816337,0.012493731,0.005387986,0.000664482,4.21E-05,0.021176253,0.016939579,0.013361854,0.007864371,0.002186206,0.000374289,0.028281176,0.020627348,0.014564571,0.006593471,0.000896135,3.38E-05,0.021134865,0.016892696,0.013340233,0.007901768,0.002087377,0.000351893,0.0274964,0.019985646,0.014034042,0.006305075,0.000912911,5.37E-05,0.044895995,0.038215064,0.032143205,0.021915201,0.008477475,0.00267108,0.0797032,0.065440856,0.052657235,0.03189331,0.008717845,0.001557237,0.14110906,0.1354511,0.12988979,0.11911656,0.099041566,0.081136875,0.07742778,0.070945814,0.06465759,0.052819513,0.032663397,0.017676368,0.049699623,0.050421661,0.050855183,0.051535535,0.052034235,0.052765103,0.051988,0.050348885,0.038890462,0.039569233,0.040022253,0.040778676,0.041367773,0.042239745,0.041717903,0.040800495,0.048189968,0.048763735,0.049589895,0.051093552,0.052649767,0.051488333,0.051238502,0.051532657,0.000430017,2.46E-05,0.003715502,0.000501573,0.002597896,0.000227686,0,0.24211502,0.02152122,0.01717674,0.013479278,0.00788513,0.002153657,0.000404659,0.029338337,0.021195576,0.01480821,0.006522701,0.000843429,6.40E-05,0.02452213,0.007283451,0.06528471,0.03942353,0.007928031,0.000717073,0.44674328,0.9875678,0.06672064,0.062231135,0.057974547,0.050116517,0.036957346,0.026806774,0.019010674,0.008993471,0,0.60139627
1,119,0,0.62131165,0,-0.77470234,0,-0.032602642,0,0.18828972,0,-0.087070044,0,-0.65523629,0,-0.16351311,0,-0.01446405,0,-0.31974735,0,0.2494061,0,0.057892147,0,0.35122106,0.033411846,0.05772533,0.1018117,0.09568243,0.08970119,0.078223735,0.057456493,0.040195223,0.14975855,0.13764396,0.12597282,0.10412132,0.06674699,0.038139988,0.10932948,0.1032964,0.0974245,0.08620544,0.06580719,0.048209347,0.04087452,0.03440568,0.028556654,0.018890018,0.006884852,0.001920612,0.07033422,0.05662198,0.044558648,0.025734631,0.006537627,0.000884689,0.020700566,0.016517317,0.012985681,0.007727218,0.002404058,0.000545911,0.02805187,0.02050149,0.014657232,0.006906277,0.00107235,0.000121064,0.055789206,0.049532145,0.043677036,0.033304214,0.017822528,0.008577541,0.09388772,0.08044456,0.06813207,0.047331687,0.02004209,0.007253984,0.01999517,0.015867993,0.012406291,0.007148874,0.002051982,0.00041626,0.025545763,0.018165518,0.012490334,0.005382015,0.000665404,4.32E-05,0.021173391,0.016937189,0.013360284,0.007860161,0.002188982,0.000375501,0.028289825,0.020632342,0.014571493,0.006595912,0.000897719,3.45E-05,0.021145266,0.016902173,0.013349188,0.007907534,0.002093063,0.000351888,0.02750139,0.019988617,0.014032421,0.006311605,0.000914335,5.51E-05,0.044854134,0.038178578,0.032116637,0.021896617,0.008471956,0.002674227,0.07940591,0.06516166,0.052400228,0.031699352,0.008648889,0.00154444,0.1605078,0.15498677,0.14955945,0.13899544,0.11917054,0.10115755,0.08213738,0.07572945,0.06949435,0.057700206,0.0373823,0.021742687,0.050053551,0.050627687,0.051013159,0.051657181,0.052138216,0.052862985,0.052052292,0.050419922,0.038821943,0.03935267,0.039758927,0.040482388,0.04105749,0.041928872,0.041383643,0.040500804,0.048174377,0.048638915,0.049382351,0.050892962,0.052422249,0.051194481,0.050950454,0.051259444,0.000432255,2.48E-05,0.00371193,0.000498366,0.002574457,0.00022865,0,0.3257662,0.021532482,0.017187154,0.013488553,0.007890455,0.002152985,0.000405095,0.029348291,0.02120298,0.014813879,0.006527173,0.000845934,6.37E-05,0.02636799,0.008423309,0.0848828,0.05717956,0.010954889,0.001421459,0.6255942,0.7825974,0.06678028,0.062293284,0.05803327,0.05017448,0.036994923,0.026839945,0.019055068,0.009018923,0,0.88023694
1,120,0,-0.69715168,0,0.22270178,0,-0.18568577,0,-0.31415752,0,-0.1565344,0,6.7970503,0,1.026783,0,-0.25129284,0,-0.22814721,0,-0.090994014,0,0.061949,0,-0.26610939,0.034656614,0.061858103,0.12419204,0.11820394,0.11235325,0.10098799,0.07999825,0.061649643,0.17280391,0.16096382,0.1495401,0.12796588,0.089736216,0.058821082,0.11349598,0.1074381,0.10153827,0.09024589,0.06961845,0.051735006,0.044576563,0.037818737,0.03166653,0.021323662,0.008111992,0.002372205,0.07741191,0.0631502,0.05034413,0.029919174,0.008096638,0.001269781,0.020528879,0.016340666,0.01282997,0.007600125,0.002294968,0.000551579,0.027742477,0.020264404,0.014444359,0.006828682,0.00112217,0.000149595,0.05879046,0.05236268,0.04634753,0.035580415,0.01938191,0.00952798,0.09994415,0.08618261,0.07351028,0.05156426,0.022500642,0.00823541,0.019944074,0.015830118,0.012358612,0.007145503,0.002084673,0.000401185,0.025353678,0.017996779,0.012373932,0.005311246,0.000652793,4.47E-05,0.02108314,0.016866278,0.013295476,0.007824747,0.002198758,0.000382905,0.028042652,0.020455364,0.014456976,0.0065531,0.000899054,3.82E-05,0.021137452,0.016919533,0.013343891,0.007919816,0.002135523,0.000351467,0.027256472,0.019783944,0.013875206,0.006300844,0.000924932,6.84E-05,0.047971435,0.041095085,0.034821477,0.024084194,0.009670583,0.003183041,0.08581087,0.07115664,0.057798583,0.035833094,0.010405399,0.002028631,0.10744028,0.10148338,0.09571661,0.08460474,0.06423635,0.047030162,0.07203791,0.065327115,0.058873717,0.046784036,0.026568664,0.012484301,0.050543469,0.050906989,0.051224253,0.051816029,0.052272601,0.052984907,0.052134018,0.050506797,0.043383575,0.043720789,0.044051807,0.044694619,0.045211437,0.046017438,0.045336267,0.044187394,0.052813895,0.053130639,0.053737835,0.055205913,0.056630444,0.055277441,0.054973666,0.055163875,0.000542496,3.08E-05,0.00417424,0.000572245,0.002913505,0.000289394,0,-0.31787148,0.02152587,0.017178815,0.013492368,0.007897004,0.002139849,0.000407474,0.029093964,0.021015527,0.01469623,0.006495064,0.00085519,6.07E-05,0.045943514,0.022674154,0.03278355,0.013517581,0.004333574,0.000144379,0.6198501,0.62551886,0.06688529,0.062450726,0.05821994,0.050371043,0.037155747,0.026973302,0.019235725,0.009144533,0,-0.48927613
1,121,0,-0.082334396,0,0.96008375,0,-0.049380555,0,-0.009327035,0,0.11512998,0,-0.57325342,0,0.16640414,0,-0.20954449,0,-0.02685835,0,-0.009808256,0,0.062281813,0,-0.086932533,0.039874941,0.062185243,0.11613859,0.11007326,0.10414505,0.09267997,0.07162441,0.05351949,0.16566691,0.15368108,0.14210896,0.12028837,0.08207207,0.051572844,0.09812546,0.091895975,0.08584849,0.074327335,0.053709056,0.036504805,0.044592183,0.037834678,0.03167549,0.021324027,0.008107491,0.002372616,0.077561155,0.06328826,0.05047786,0.03001861,0.008138055,0.001276823,0.020562299,0.01637717,0.012880483,0.007634203,0.002338486,0.00054821,0.027818577,0.02032136,0.014503246,0.006832103,0.001108173,0.000133337,0.058970194,0.05253907,0.046527844,0.035739973,0.019464362,0.009566732,0.10040712,0.08660365,0.07389359,0.051926736,0.022717029,0.008348984,0.019910298,0.015803814,0.012339663,0.007125501,0.002065423,0.00040084,0.025319839,0.017986419,0.012362175,0.005308608,0.00065508,4.32E-05,0.021072116,0.016857477,0.01329012,0.007818873,0.002188203,0.000378792,0.028027324,0.020441309,0.014444613,0.006540236,0.000895276,3.68E-05,0.021094186,0.016876277,0.013316913,0.00789932,0.002112171,0.000347504,0.027240016,0.019787982,0.013874882,0.006280865,0.000917364,6.26E-05,0.04821098,0.04131505,0.03500232,0.0242246,0.009727181,0.003188076,0.08631103,0.07162415,0.05823348,0.036184587,0.010531718,0.002047725,0.12438698,0.11861058,0.112948,0.10195629,0.081581205,0.06380489,0.06874791,0.061973765,0.055447586,0.043300964,0.023270769,0.009953502,0.050602349,0.050965484,0.051283853,0.051873051,0.052334982,0.053004504,0.052179074,0.050552651,0.043746266,0.044084328,0.044415809,0.045053967,0.045573541,0.046333073,0.045670007,0.044501682,0.053180599,0.053497693,0.054161238,0.055615385,0.056950203,0.055612362,0.05531539,0.055509749,0.000541614,3.05E-05,0.004202612,0.000584994,0.002967014,0.000290692,0,-0.13899989,0.02148494,0.017149538,0.013465543,0.007877912,0.002139773,0.000406053,0.029080212,0.02100741,0.014683643,0.006479898,0.000848181,6.17E-05,0.038287856,0.016696146,0.048477143,0.025177881,0.002905973,4.39E-05,0.61794025,0.7260076,0.06671973,0.062281903,0.058040965,0.050180674,0.037007995,0.026858436,0.019148692,0.009082577,0,-0.16874939
1,122,0,-0.55698112,0,-0.80861055,0,-0.14814528,0,0.28223254,0,-0.15600166,0,2.0981027,0,-0.092746704,0,-0.14216485,0,-0.21136891,0,-0.14383647,0,0.0614655,0,0.009341698,0.041291677,0.061366,0.12527694,0.11930469,0.11347488,0.10213498,0.08118427,0.06283226,0.17351945,0.16172402,0.15032864,0.12881605,0.0906427,0.059729412,0.12775587,0.12187451,0.11614907,0.10508597,0.08457604,0.06640629,0.044307224,0.0375693,0.031439856,0.021148175,0.008024279,0.002337972,0.07674275,0.06252583,0.04978307,0.029504212,0.007935708,0.001229521,0.02053414,0.016340243,0.01283346,0.007601657,0.002287264,0.000549276,0.02774586,0.020264031,0.014454061,0.00682587,0.001118614,0.000150028,0.058481243,0.052070253,0.046068177,0.035340168,0.019222418,0.00943525,0.099282086,0.08555603,0.07292282,0.051074512,0.022214215,0.008106696,0.019957006,0.015840335,0.012365853,0.007151095,0.002087556,0.00040117,0.025378454,0.018011743,0.01238501,0.005314673,0.000652813,4.49E-05,0.021094404,0.01687431,0.013302289,0.007829933,0.002201638,0.000383901,0.028068705,0.020474328,0.014472314,0.006560676,0.000900455,3.87E-05,0.021154488,0.016933927,0.013353922,0.007925782,0.002139787,0.000353111,0.027280813,0.019799242,0.013887413,0.006309506,0.000927142,6.94E-05,0.047633342,0.040780794,0.0345381,0.023851506,0.009549223,0.003137507,0.08509921,0.07048709,0.057186797,0.03535848,0.010209675,0.001977852,0.10493208,0.09896143,0.09318756,0.08207288,0.061767813,0.044719186,0.07515483,0.06853843,0.06214981,0.05015096,0.029838143,0.015153214,0.050641433,0.051014266,0.051336979,0.051926442,0.052394783,0.053022352,0.052223186,0.050598208,0.042886271,0.04323047,0.043568087,0.044212856,0.04474632,0.045475954,0.044860216,0.043753226,0.052319302,0.052642535,0.053374035,0.054827239,0.05609005,0.054780511,0.054507655,0.05474104,0.00053432,3.04E-05,0.004124059,0.000560323,0.002863407,0.000283318,0,-0.11141557,0.021541193,0.017190559,0.013502162,0.007903425,0.002140896,0.000407898,0.029119665,0.021033717,0.014710294,0.006503016,0.000857137,6.06E-05,0.047083985,0.023617879,0.030712241,0.012157912,0.006068341,0.00037139,0.49844873,0.4872081,0.066938214,0.06250147,0.058268543,0.050426845,0.03719635,0.027004013,0.019255381,0.009159971,0,-0.41562846
1,123,0,1.4520356,0,0.68936108,0,0.10879609,0,-0.082872109,0,0.32594488,0,1.4822875,0,0.31643154,0,0.14711771,0,0.078538145,0,0.2508277,0,0.06548392,0,0.26327516,0.042483492,0.06536987,0.10650832,0.10031317,0.09426392,0.08261641,0.061348133,0.04352471,0.15920371,0.14697593,0.13513416,0.11276919,0.074199036,0.04397703,0.11461818,0.10852742,0.10259478,0.09122088,0.07043115,0.05241199,0.046545684,0.039648205,0.033333387,0.022626339,0.008775648,0.002634493,0.08183326,0.0673059,0.054111388,0.032738913,0.009207659,0.001559064,0.020547874,0.0163933,0.012887611,0.007669941,0.00238945,0.000541228,0.027632022,0.020194195,0.014437832,0.006801576,0.00106088,0.00012111,0.061112422,0.05454954,0.048418283,0.03740444,0.020576345,0.010199085,0.10504054,0.09100364,0.077985704,0.055416983,0.024769986,0.009293575,0.019840788,0.015745573,0.01231093,0.007094114,0.002036365,0.000413573,0.025157109,0.017889867,0.012301696,0.005301712,0.000655544,4.26E-05,0.021009628,0.016806424,0.013257344,0.00780012,0.002172193,0.000372645,0.027858635,0.020318516,0.01435007,0.006496137,0.000884239,3.39E-05,0.020980587,0.016770722,0.013245463,0.007846352,0.002076835,0.000349288,0.02708217,0.019684525,0.013819608,0.006215637,0.000900487,5.42E-05,0.050588176,0.04352598,0.03700051,0.025833527,0.010594505,0.003490268,0.09130852,0.07632888,0.06257407,0.039577466,0.012000668,0.002434471,0.07737146,0.07103894,0.0649078,0.05329518,0.033506166,0.018705597,0.0758687,0.06913914,0.062655404,0.05045704,0.029750926,0.014837332,0.050765735,0.051105655,0.051418989,0.051997279,0.052467092,0.053049009,0.052273139,0.050646716,0.047172233,0.047499065,0.047819328,0.048423339,0.048923401,0.049552869,0.04886205,0.047476003,0.056625088,0.056930418,0.057681037,0.059078789,0.060196697,0.058860406,0.058539467,0.058667607,0.000606435,3.40E-05,0.004547081,0.000667839,0.003348215,0.000336291,0,0.44276859,0.021365792,0.017054461,0.013384669,0.007830217,0.002137034,0.000402174,0.028902583,0.020881932,0.014590193,0.006429399,0.000833407,6.28E-05,0.028987864,0.009879164,0.008933458,0.001167079,0.005738698,0.00029147,0.6413846,0.560698,0.066260844,0.06180887,0.057582144,0.049784597,0.0367089,0.026632857,0.018907275,0.008949467,0,0.83263965
1,124,0,3.6108693,0,0.35777317,0,0.61496131,0,0.038725369,0,0.7860963,0,0.47913083,0,0.10420923,0,0.26506234,0,-0.057627736,0,0.59074955,0,0.068234086,0,0.49534582,0.046408474,0.06810904,0.08932971,0.08287879,0.07660418,0.064570926,0.04342731,0.026515732,0.14623849,0.13347718,0.1212346,0.09824655,0.05906833,0.03037094,0.10932489,0.10313739,0.09710495,0.085540324,0.06455531,0.046574708,0.047538552,0.04057524,0.034186486,0.023303548,0.009113468,0.002774243,0.0846593,0.06999732,0.056578863,0.034640376,0.009970348,0.001775347,0.020370504,0.016233247,0.012783722,0.007583431,0.002284871,0.000488499,0.027384996,0.019908458,0.014160947,0.006598426,0.000978715,0.000115785,0.06283585,0.056183778,0.04992805,0.038773015,0.02150647,0.010719025,0.10886272,0.094699666,0.08148152,0.058488,0.026591571,0.01023861,0.019761663,0.015682515,0.012225427,0.007071762,0.001998007,0.000425771,0.025031429,0.017825797,0.012281474,0.00532908,0.00065194,3.38E-05,0.02103094,0.016843725,0.013275602,0.007866997,0.002152958,0.000358945,0.02775253,0.020242136,0.01426532,0.006489867,0.000867579,2.86E-05,0.020834528,0.016701905,0.013189151,0.007782409,0.002033423,0.000355325,0.026990201,0.01964522,0.01381902,0.006167922,0.000881562,4.45E-05,0.052628297,0.045426656,0.03875154,0.02719112,0.011331014,0.003743678,0.095617086,0.08032847,0.06632381,0.04256442,0.013358147,0.002791131,0.07177906,0.06527263,0.059001375,0.047223177,0.027492197,0.013592366,0.08225126,0.0755462,0.06909202,0.0568488,0.035651196,0.019616984,0.050868211,0.051186478,0.051494024,0.052063801,0.052536435,0.053073809,0.052321894,0.050694797,0.050110332,0.050425888,0.050734872,0.051310129,0.051789127,0.052336574,0.051602602,0.050026246,0.059577408,0.059871136,0.060653336,0.062010438,0.063004746,0.06165616,0.061307329,0.061372056,0.000644758,3.57E-05,0.004842146,0.000747238,0.003723942,0.000395901,0,0.97521944,0.021211073,0.01691698,0.013273303,0.007762603,0.002130758,0.000398064,0.028762694,0.0207856,0.014517189,0.006382496,0.000811921,6.47E-05,0.014191557,0.002051133,0.00532689,0.000391081,0.009010803,0.00081002,0.8702509,0.6104167,0.06546964,0.061060324,0.056872252,0.049142223,0.036282632,0.026233967,0.018490288,0.008650324,0,1.5914809
1,125,0,-0.13347866,0,-0.90698235,0,-0.024252648,0,0.25985482,0,-0.063522834,0,0.25457579,0,-0.15445328,0,-0.14126799,0,0.19618997,0,-0.15169377,0,0.06764427,0,0.040244304,0.046964278,0.06751566,0.092183,0.08578358,0.07955147,0.067594774,0.0464152,0.029301709,0.14820577,0.13554877,0.12339541,0.10054192,0.061485432,0.032504313,0.151773,0.14606747,0.14046909,0.12959644,0.10913448,0.090512514,0.04729123,0.040343832,0.03397325,0.023129651,0.009023352,0.002736331,0.0840175,0.06938566,0.05601787,0.034205664,0.009791791,0.001722812,0.020419816,0.016291885,0.012823056,0.007600581,0.002329893,0.000508342,0.02745478,0.019969871,0.01421873,0.006651135,0.001001568,0.000122861,0.062469512,0.055840455,0.049600575,0.03848473,0.021301918,0.010602892,0.10804628,0.09391699,0.08072626,0.057831146,0.026192144,0.010033946,0.019779185,0.01570027,0.012251303,0.00707259,0.00200837,0.000429816,0.025066782,0.017848676,0.012294838,0.005329729,0.00065294,3.47E-05,0.021025302,0.01683284,0.013262698,0.007850109,0.002155761,0.000361538,0.027769675,0.020258639,0.014282616,0.006485886,0.000869809,2.97E-05,0.020863868,0.01671503,0.013193945,0.007796579,0.002041169,0.00035422,0.02701272,0.019654734,0.013818427,0.006171304,0.000886488,4.58E-05,0.052196737,0.04502419,0.0383767,0.02690067,0.01116775,0.003676402,0.09470748,0.07947573,0.06552602,0.041923136,0.013056034,0.002713811,0.069308326,0.06276123,0.05646193,0.04468872,0.025163412,0.011781288,0.08662854,0.08002614,0.07365877,0.061492946,0.04026124,0.023690298,0.050911725,0.051238024,0.051549433,0.052118818,0.052597715,0.053092953,0.05236696,0.05074099,0.049489221,0.049810404,0.050124481,0.050704125,0.051194952,0.05170914,0.0510168,0.049486052,0.058956564,0.059255314,0.060102913,0.06145668,0.062376289,0.06105222,0.060722914,0.060817157,0.000633518,3.52E-05,0.004776695,0.00072892,0.003644876,0.000382674,0,-0.16388756,0.021241711,0.01694575,0.013294085,0.007777067,0.002133341,0.000397971,0.028792959,0.020806544,0.014531841,0.006392345,0.000814358,6.44E-05,0.01649805,0.002918074,0.004221269,0.000238539,0.012132077,0.001595125,0.8598296,0.2613713,0.06563129,0.061218746,0.057013333,0.04926741,0.03637189,0.026307633,0.018558787,0.008715976,0,0.20690208
1,126,0,0.11300166,0,1.1061796,0,-0.13758635,0,-0.06933378,0,-0.012519647,0,0.22699992,0,0.48449065,0,-0.071009754,0,-0.070483304,0,0.42112079,0,0.06433214,0,0.36525805,0.045255946,0.064206146,0.09004603,0.08368583,0.077487655,0.06562391,0.044730254,0.027937409,0.14391752,0.1313559,0.11928608,0.09662968,0.058238536,0.03011381,0.13116762,0.1252737,0.11953418,0.10843962,0.0878141,0.069475606,0.044851817,0.038082108,0.031889655,0.021467865,0.008165367,0.002396425,0.07895395,0.06461484,0.051700145,0.030939372,0.008499562,0.00135943,0.020492109,0.016351638,0.012868634,0.007627471,0.00233908,0.000511035,0.027641514,0.020106172,0.014316159,0.006698513,0.001007191,0.000123616,0.06018572,0.053669658,0.047563635,0.036714848,0.020072993,0.009879724,0.10318565,0.08928137,0.07639068,0.054210216,0.024022052,0.009024358,0.019843664,0.015751276,0.01229113,0.007095321,0.00201487,0.000431181,0.025231767,0.017965851,0.012375307,0.005364423,0.000657155,3.49E-05,0.021093743,0.016887467,0.013305605,0.007875314,0.002162655,0.000362697,0.027952533,0.020391816,0.014376393,0.006528235,0.000875435,2.99E-05,0.020932188,0.016769564,0.01323686,0.007821926,0.002047762,0.000355321,0.027190812,0.019784046,0.013909102,0.00621168,0.000892266,4.61E-05,0.049726546,0.04269998,0.036227733,0.025158511,0.010177916,0.003287041,0.089474775,0.07454809,0.060976762,0.038322467,0.011400411,0.002240675,0.06579991,0.059277944,0.053025737,0.041413665,0.022454401,0.009883616,0.07760277,0.0709333,0.064492896,0.052361045,0.031647693,0.016443888,0.050908695,0.051265826,0.051589329,0.052164727,0.05265248,0.053107566,0.052409278,0.050785903,0.045970897,0.046309949,0.046642913,0.04725367,0.047782831,0.048303808,0.047721944,0.046428706,0.05542561,0.055743419,0.056684125,0.058064522,0.058947496,0.057679837,0.057410307,0.057613147,0.00054288,2.98E-05,0.00438808,0.000651031,0.003260788,0.000317668,0,-0.10986401,0.021310648,0.017000567,0.013336934,0.007801912,0.002139982,0.000399165,0.028981756,0.020942533,0.014626518,0.006433609,0.000819504,6.48E-05,0.015516272,0.002606464,0.003234529,0.000148137,0.00685889,0.000467537,0.8774682,0.30692956,0.06584558,0.06141839,0.05719917,0.04942762,0.03648972,0.026392609,0.018618561,0.00874403,0,0.08109535
1,127,0,-0.081886966,0,-0.77222002,0,-0.051565885,0,-0.22015144,0,-0.035618238,0,0.23975458,0,0.9719498,0,0.054500347,0,-0.11927769,0,-0.15786051,0,0.06054469,0,-0.038053913,0.040571679,0.060423106,0.08890975,0.0826045,0.07646004,0.06473939,0.04412839,0.027600078,0.14016643,0.12774137,0.11580597,0.0934097,0.055787373,0.028493647,0.14819376,0.14252785,0.13696964,0.12617782,0.10591111,0.08751865,0.04221181,0.03563509,0.029656004,0.019720593,0.0072843,0.002063417,0.07336421,0.059404816,0.047040448,0.027510133,0.007192548,0.001032927,0.020576768,0.016420439,0.012913634,0.007670537,0.002352174,0.000510036,0.027882965,0.020304164,0.014457636,0.006775285,0.001029188,0.000127517,0.057636384,0.05124103,0.045289796,0.03474615,0.018730985,0.009097563,0.09774034,0.08409328,0.0715592,0.05020552,0.021677086,0.007974382,0.019920893,0.015810909,0.01234133,0.007118735,0.002025211,0.000432767,0.025423223,0.018100306,0.012466141,0.005401766,0.000662726,3.52E-05,0.02116564,0.016942544,0.013347445,0.00789616,0.002171443,0.000365297,0.028158925,0.020542776,0.014485562,0.006574261,0.000882383,3.05E-05,0.021018114,0.01683329,0.013284414,0.007854117,0.002057843,0.000356102,0.02739357,0.019928124,0.014007395,0.006256993,0.000900297,4.71E-05,0.04695255,0.040107932,0.033845175,0.02324566,0.009151326,0.002896143,0.083584815,0.0690666,0.055959295,0.03441464,0.009695829,0.001789822,0.0580259,0.051489297,0.04525755,0.03387355,0.016109366,0.005646706,0.06929843,0.06258108,0.056114666,0.044069234,0.024143768,0.010702587,0.050896782,0.051290138,0.051626938,0.052209213,0.052706331,0.053121659,0.052451177,0.050830755,0.041950656,0.042311045,0.042664791,0.043310896,0.043882866,0.044417665,0.043957575,0.042934344,0.051391867,0.051730847,0.052769647,0.054182027,0.055034058,0.053831052,0.053631898,0.05396523,0.000463447,2.55E-05,0.003972417,0.000567838,0.002862339,0.000254611,0,-0.099295235,0.021397278,0.017070498,0.013391782,0.007834065,0.00214789,0.000400513,0.029199002,0.02109847,0.014735283,0.006482162,0.000826157,6.51E-05,0.015394208,0.002642033,0.001317581,1.53E-05,0.003334597,6.80E-05,0.87848544,0.11412508,0.06614384,0.061691854,0.0574557,0.049646005,0.03665074,0.02651564,0.018711863,0.008800138,0,-0.48517024
1,128,0,-0.22394874,0,-0.69856223,0,-0.060004797,0,0.077350202,0,0.23192449,0,-0.072670784,0,-0.18648464,0,-0.088022085,0,0.12614652,0,-0.11315121,0,0.061950807,0,0.26875206,0.039546433,0.06182086,0.090441346,0.08412848,0.07797214,0.06621699,0.04546001,0.028742192,0.14251411,0.13006634,0.11809819,0.09562407,0.057697505,0.029920423,0.17463507,0.1691578,0.16378652,0.15326652,0.13345283,0.1150565,0.043213647,0.036561355,0.030498855,0.020373458,0.007609026,0.002183355,0.075492345,0.06137469,0.04879894,0.028785696,0.007669055,0.001148734,0.020528492,0.016379468,0.012874145,0.007630689,0.002349013,0.000509134,0.02777559,0.0202232,0.014394685,0.006746968,0.001024982,0.000126536,0.058599167,0.05215773,0.046146277,0.035484616,0.019233217,0.009389908,0.09978773,0.08603332,0.07335961,0.05168873,0.022538442,0.008349991,0.019894412,0.015789479,0.012326188,0.007108119,0.002023474,0.000431494,0.025350941,0.018047703,0.012429199,0.005384875,0.000661253,3.52E-05,0.021132903,0.01691547,0.013325732,0.007881693,0.002168796,0.000365315,0.028077308,0.02048348,0.014444893,0.006554406,0.00088025,3.06E-05,0.020991666,0.016810095,0.013265366,0.007844262,0.002055926,0.000355325,0.027314682,0.019869631,0.013965245,0.006239245,0.000898359,4.73E-05,0.04798641,0.041074924,0.03473084,0.02396022,0.009528533,0.00304027,0.085785724,0.07111882,0.057821926,0.03585811,0.010312725,0.001953212,0.062353417,0.055830374,0.04959953,0.038102016,0.019677008,0.007971989,0.07730372,0.07069343,0.06430621,0.05227184,0.03175864,0.016668487,0.050976571,0.051360269,0.051695039,0.052272432,0.052773503,0.053145223,0.052499493,0.050878797,0.043454322,0.043810296,0.044159369,0.044790493,0.045354518,0.04582707,0.04535817,0.044239884,0.05290418,0.053238187,0.05432234,0.055708718,0.056456281,0.055254935,0.055045313,0.055348361,0.000491362,2.67E-05,0.004123388,0.000597169,0.003005213,0.00027593,0,-0.27804683,0.021370754,0.017049883,0.013375842,0.007824832,0.002145086,0.000399985,0.029116435,0.021038674,0.014693766,0.0064646,0.000824348,6.49E-05,0.016275829,0.002958514,0.002285919,7.24E-05,0.00708282,0.000525878,0.8669155,0.05008889,0.06607507,0.061626226,0.05739446,0.04959288,0.036610857,0.026490567,0.018698422,0.00879842,0,-0.48100902
1,129,0,-0.2369949,0,0.10558823,0,0.059481838,0,-0.20058453,0,0.085320165,0,0.58408184,0,-0.52507544,0,-0.24512771,0,-0.095223074,0,0.041745686,0,0.060961258,0,-0.19385735,0.041270443,0.060828965,0.086099565,0.07975384,0.07357284,0.061786886,0.041250013,0.02495153,0.13805039,0.12553443,0.11352718,0.091042966,0.053368933,0.026492106,0.1894936,0.18411182,0.17880802,0.16851991,0.14904077,0.13085246,0.04226789,0.035684112,0.029700862,0.019750401,0.007296155,0.002066931,0.073694654,0.059714295,0.047318477,0.02771225,0.007267403,0.001049685,0.020530554,0.016366696,0.01287334,0.007635265,0.002323176,0.000508597,0.027786255,0.020206146,0.014387493,0.006713712,0.001008234,0.000125227,0.057896484,0.051480856,0.045524746,0.034948066,0.018866517,0.009177456,0.09833382,0.08466078,0.0721159,0.050671224,0.021948127,0.008096308,0.019906607,0.015799735,0.012323034,0.007121591,0.002016307,0.000430325,0.025398472,0.01808577,0.012457718,0.005402449,0.000660267,3.48E-05,0.021172777,0.01695468,0.013360557,0.007912762,0.00216893,0.000362109,0.02814694,0.020531712,0.014470869,0.00657756,0.000880405,2.95E-05,0.020991374,0.016823381,0.013281901,0.007842499,0.002050855,0.000357196,0.027377024,0.019923592,0.014010785,0.006255034,0.000896104,4.57E-05,0.047261104,0.040391244,0.034106284,0.023439514,0.00925679,0.00293028,0.08424787,0.06968092,0.056523062,0.034845687,0.009865239,0.00182834,0.055537842,0.048928495,0.042649515,0.031244645,0.013779919,0.00418522,0.095034465,0.08871856,0.08256856,0.07080425,0.049901485,0.03279783,0.051014828,0.051409829,0.051749581,0.052327416,0.052835126,0.053164988,0.052545209,0.050925776,0.042411111,0.042774456,0.043130528,0.043769779,0.044349392,0.044794845,0.044377024,0.043331984,0.051859316,0.052200367,0.053354233,0.054741436,0.05541774,0.054247723,0.054065683,0.054414039,0.000463585,2.54E-05,0.004018708,0.000582887,0.002911042,0.000260164,0,-0.071074196,0.021370774,0.017046379,0.013373122,0.007821848,0.002146048,0.000400464,0.029176017,0.021083057,0.014724407,0.006474425,0.000823943,6.54E-05,0.013226477,0.001878473,0.000781378,1.31E-06,0.019803265,0.00486901,0.8658983,0.062488962,0.065993376,0.061555807,0.057325985,0.049537994,0.03657193,0.026443196,0.018646086,0.008737237,0,-0.17170456
1,130,0,-0.56010205,0,-0.86626751,0,-0.30508849,0,0.1793647,0,-0.25329023,0,0.081603703,0,-0.39003057,0,-0.14299726,0,-0.17632605,0,-0.062602053,0,0.060254198,0,-0.26555523,0.038098267,0.060118716,0.09408907,0.08783917,0.08175073,0.070109546,0.049343873,0.03243086,0.14451809,0.1321905,0.12034666,0.098051995,0.060395125,0.032400798,0.19813062,0.1928018,0.1875618,0.17741393,0.15814345,0.1400924,0.04222291,0.03564652,0.029665256,0.0197302,0.007286449,0.002063289,0.073272616,0.059313875,0.046952017,0.027442167,0.00716332,0.001027368,0.020534618,0.016400507,0.012883962,0.007650359,0.002379285,0.000533134,0.027780853,0.020271491,0.01446041,0.006812475,0.001042272,0.000129621,0.057517946,0.05113517,0.045182887,0.034646336,0.018677602,0.009059606,0.09743121,0.083790496,0.07125036,0.049932707,0.021520426,0.007901927,0.01993079,0.015815224,0.012357545,0.007114186,0.002034107,0.000426429,0.025428683,0.0180939,0.012461903,0.005389408,0.000663564,3.80E-05,0.021145994,0.016917832,0.013333387,0.007871407,0.002173581,0.000368731,0.028159164,0.020543117,0.014495069,0.006567927,0.000886076,3.18E-05,0.02105054,0.016838217,0.013285037,0.007866852,0.002067381,0.000353803,0.027391627,0.019915005,0.013990822,0.006260876,0.000905223,4.97E-05,0.04677335,0.03994899,0.033700638,0.02314881,0.009105146,0.00288853,0.08322155,0.06872319,0.05563675,0.03417228,0.009615448,0.00177774,0.053812526,0.04718522,0.040911205,0.029562602,0.01242455,0.003448872,0.09982903,0.09356773,0.08748189,0.0758259,0.054884583,0.03747692,0.051058284,0.051462104,0.051806038,0.052383779,0.052897653,0.053185385,0.05259159,0.050973016,0.041668679,0.042037874,0.042399609,0.043044318,0.043636604,0.0440508,0.043677128,0.042685187,0.051116319,0.051463042,0.052683861,0.054068574,0.05466933,0.053527609,0.053368832,0.053754063,0.000463835,2.58E-05,0.003958074,0.000558139,0.00283443,0.000253153,0,-0.35893219,0.021430105,0.017100694,0.01341684,0.00784851,0.002149021,0.000401739,0.02920899,0.021103354,0.014740959,0.006488666,0.000831597,6.46E-05,0.019469896,0.004446077,0.000551593,0,0.023804372,0.007052316,0.63489383,0.01,0.06633962,0.06188114,0.057635568,0.049794897,0.03674975,0.026621765,0.018826514,0.008886653,0,-0.3146607
1,131,0,-0.39087917,0,16.865452,0,-0.032332998,0,-0.007128244,0,-0.11240348,0,0.10945528,0,-0.50021304,0,-0.21165835,0,-0.17468965,0,-0.13992043,0,0.060629338,0,-0.11221093,0.038012877,0.06048813,0.10390177,0.097747356,0.091741234,0.08019636,0.059220474,0.0417311,0.15352404,0.14136289,0.12962863,0.10757082,0.0697392,0.040484726,0.13947588,0.13372846,0.12809864,0.1171784,0.09675568,0.07840036,0.042895082,0.036269434,0.030234355,0.020179944,0.007512909,0.00214571,0.07441514,0.060362995,0.047875658,0.028104441,0.007408179,0.001088822,0.02063658,0.016469661,0.01294401,0.007696779,0.002391818,0.000542929,0.027888479,0.020382728,0.014569638,0.006865698,0.001067807,0.000120624,0.057839524,0.051470667,0.04550653,0.03488013,0.018864611,0.009182982,0.09808305,0.084403746,0.07181464,0.05031361,0.021759659,0.007983198,0.019934596,0.015820252,0.01236894,0.007127719,0.002046105,0.000414644,0.025396585,0.0180596,0.012417223,0.005350145,0.000661525,4.30E-05,0.021108825,0.016885668,0.013319754,0.007836252,0.002182726,0.000374494,0.028124578,0.020511935,0.014486901,0.006557745,0.000892691,3.43E-05,0.021081734,0.016851565,0.013309402,0.007884118,0.002087235,0.000350851,0.027340302,0.019871656,0.013950233,0.006275434,0.000909236,5.49E-05,0.04705702,0.040234376,0.03397836,0.023389867,0.009247351,0.002968311,0.08387679,0.06933601,0.05615989,0.034579627,0.009825417,0.001844613,0.0538887,0.04724412,0.04094821,0.02956401,0.012369667,0.003396271,0.10781268,0.10163983,0.095640115,0.084070005,0.06305318,0.04516905,0.051121631,0.051524676,0.051869638,0.05244437,0.052963414,0.05320808,0.052639496,0.05102119,0.042076853,0.042446402,0.042808475,0.043447818,0.044042364,0.044409235,0.044052519,0.043037915,0.051528405,0.051875316,0.053151629,0.054521965,0.055032493,0.053905069,0.05375205,0.054139276,0.000484435,2.70E-05,0.004019261,0.000561162,0.002846747,0.000262682,0,-0.13621319,0.021468302,0.017136224,0.01344883,0.007867454,0.002146696,0.000404004,0.029177632,0.021080103,0.014728372,0.006490046,0.000841392,6.33E-05,0.027596064,0.009115342,0.000531285,0,0.03057666,0.011197178,0.36939403,0.01,0.066582695,0.06210955,0.05786248,0.050027885,0.036886957,0.026762405,0.019001942,0.008994554,0,-0.21396075
1,132,0,0.57032143,0,3.0083785,0,0.077112134,0,0.20018239,0,-0.030018349,0,0.023036924,0,-0.42235757,0,0.003764233,0,0.39864982,0,0.20512314,0,0.062246226,0,0.098722536,0.039578861,0.062095087,0.11445226,0.10836893,0.10242236,0.090934746,0.06986139,0.05181395,0.16412318,0.15210724,0.14050995,0.11863363,0.0804281,0.05003335,0.096802406,0.09053089,0.084438175,0.072851606,0.052164234,0.0349946,0.04438743,0.037642192,0.031493302,0.02117146,0.008018191,0.002334455,0.07733465,0.06307404,0.05028587,0.029868746,0.008071833,0.001257362,0.02054877,0.01637144,0.012867388,0.007619717,0.002340874,0.000541309,0.02779602,0.020303566,0.014474678,0.006812397,0.001096705,0.000129461,0.058999807,0.052568246,0.0465575,0.035767004,0.019479329,0.009572279,0.10051919,0.086708605,0.07398723,0.052018363,0.02277031,0.008376395,0.019905128,0.015799543,0.012338519,0.007121726,0.002061339,0.000401286,0.025313564,0.01798411,0.012360161,0.00530843,0.000655277,4.29E-05,0.021070633,0.016855575,0.01329066,0.007817606,0.002186513,0.00037805,0.028024178,0.020438302,0.014442927,0.006538,0.000894374,3.64E-05,0.021087099,0.016866976,0.013310654,0.00789436,0.002107282,0.000348112,0.027236756,0.019788206,0.013874737,0.006276021,0.000915284,6.15E-05,0.04825499,0.041354325,0.035032485,0.024247885,0.00973702,0.003186684,0.086433634,0.07173866,0.058340695,0.036270216,0.010564302,0.002053011,0.058087494,0.05146746,0.045144092,0.033603575,0.015619848,0.005211999,0.10977425,0.1035906,0.09757906,0.085980296,0.06485631,0.046798848,0.05121891,0.051609824,0.051952788,0.052521552,0.053045572,0.053237728,0.052698776,0.051079925,0.043806435,0.044170044,0.044527045,0.045148813,0.045734739,0.046027462,0.045662037,0.044538248,0.053267029,0.053608509,0.054939478,0.056279901,0.056667507,0.055541864,0.055376743,0.055728994,0.000530584,2.98E-05,0.004206863,0.0005877,0.002979508,0.000290533,0,-0.033554994,0.021476613,0.01714322,0.013459627,0.007874121,0.002139986,0.000405672,0.029076777,0.02100556,0.01468129,0.006477309,0.000846575,6.20E-05,0.0366938,0.0154975,0.00111988,7.87E-06,0.031978596,0.012056051,0.6316041,0.6498607,0.06668301,0.062240947,0.057999477,0.050143845,0.03697947,0.026836542,0.01912601,0.009070581,0,0.56835155
1,133,0,0.62465507,0,0.40979246,0,0.48488281,0,-0.14662068,0,-0.041385545,0,0.044431131,0,0.79871298,0,0.28637225,0,-0.13605204,0,0.55977388,0,0.065534346,0,0.16149072,0.042000826,0.06537072,0.10046604,0.09420453,0.08808609,0.07635074,0.05511427,0.037567,0.15387882,0.14150998,0.1295674,0.10701581,0.068413004,0.03878246,0.09181647,0.085378624,0.07916318,0.06735258,0.04644983,0.029476581,0.04609147,0.039224718,0.032937977,0.0222992,0.008588896,0.002557224,0.08137885,0.06688384,0.0537326,0.03245139,0.009086545,0.001519475,0.020506386,0.01638271,0.012876785,0.007669087,0.002388055,0.000535372,0.02751067,0.020092444,0.01433423,0.00675467,0.001041434,0.000124382,0.061159786,0.054590043,0.048438743,0.0374442,0.020597449,0.010195009,0.10519821,0.091161706,0.07813667,0.055586904,0.024862956,0.009360845,0.019827625,0.015730452,0.01229524,0.007079155,0.002027212,0.000422053,0.02515452,0.01789669,0.012320836,0.005321718,0.000655224,3.94E-05,0.021024222,0.016817797,0.013261491,0.007818113,0.002164691,0.000369007,0.027857782,0.020321764,0.014344114,0.006495351,0.000879552,3.22E-05,0.020953404,0.016751116,0.013222067,0.007831434,0.002062369,0.000350465,0.027092678,0.019696305,0.013835131,0.00620201,0.000897252,5.05E-05,0.050681897,0.043609716,0.037067518,0.025869858,0.010595402,0.003470306,0.09153254,0.07651836,0.06276491,0.039729267,0.012055779,0.002440853,0.059071746,0.05234628,0.045915905,0.03414132,0.01572478,0.005102068,0.10316701,0.09683038,0.090667464,0.07886176,0.05752772,0.039644834,0.051333999,0.05169842,0.05203393,0.052593147,0.053119098,0.053266152,0.052750701,0.051130261,0.047311501,0.047661234,0.048004347,0.048592414,0.049152025,0.049353913,0.048932657,0.047581207,0.05678867,0.057115705,0.058471938,0.059766451,0.060028561,0.05887916,0.058673592,0.058938259,0.000583853,3.26E-05,0.004545059,0.000671842,0.003383143,0.000341141,0,0.2470561,0.021333417,0.017025618,0.013359029,0.007815266,0.002138403,0.000400817,0.028899632,0.020879691,0.014586849,0.006422932,0.000826704,6.36E-05,0.023699606,0.006534454,0.001033844,4.67E-06,0.025464432,0.007801855,0.71635634,0.71223736,0.06608568,0.061640278,0.05741568,0.049614493,0.036607947,0.026532384,0.018786332,0.008878347,0,1.0988677
1,134,0,0.024500563,0,0.65321277,0,-0.016577176,0,0.27565107,0,-0.049093726,0,0.1163304,0,0.51845419,0,0.036795804,0,0.048569752,0,0.21283327,0,0.06387119,0,0.12807417,0.043185166,0.06370648,0.09626697,0.08998878,0.083853,0.072110064,0.051052306,0.033823915,0.14899173,0.13659875,0.12464663,0.10211808,0.06378825,0.0349182,0.087565936,0.08108103,0.0748332,0.06301992,0.04229287,0.025745815,0.04470589,0.03794391,0.031759255,0.021363901,0.008106528,0.002369787,0.07862734,0.06430053,0.0514063,0.030710353,0.008404451,0.00133465,0.020454092,0.0163333,0.012832524,0.007623119,0.002377646,0.00053049,0.027566686,0.020111725,0.014345243,0.006753468,0.001033776,0.000128066,0.05999734,0.053482957,0.04739062,0.03654982,0.01997209,0.009820262,0.10273409,0.08882257,0.0759423,0.053806275,0.023784367,0.008890852,0.019859362,0.015759058,0.012313583,0.007089362,0.00202667,0.000425327,0.02524465,0.017963452,0.012372744,0.005351388,0.000658778,3.75E-05,0.021070868,0.016858185,0.013285904,0.007844421,0.002165852,0.000367308,0.027954709,0.020394407,0.014389971,0.006520901,0.000879587,3.15E-05,0.020973504,0.016777614,0.013237185,0.007838174,0.00205957,0.000352736,0.027193133,0.019771323,0.013890095,0.006215293,0.000898592,4.93E-05,0.049447775,0.042450372,0.035993896,0.02499427,0.01009501,0.00326705,0.08891341,0.07404981,0.060497336,0.037947375,0.011246938,0.002210215,0.057633806,0.050930694,0.04453594,0.032865103,0.014776387,0.004596888,0.091122866,0.08465346,0.07839287,0.066399425,0.04527933,0.028336186,0.05136173,0.051743875,0.052086212,0.052647453,0.053180791,0.053286252,0.052797172,0.051177953,0.045551152,0.045911992,0.046265325,0.046868196,0.047450032,0.047634882,0.047281643,0.046050716,0.055024184,0.055361565,0.056794523,0.058097016,0.05829523,0.057185881,0.057017837,0.057346682,0.000536153,2.94E-05,0.004350033,0.00063609,0.003208055,0.000311423,0,0.032130456,0.021352317,0.017038705,0.013368347,0.007820419,0.002141676,0.000400335,0.028997706,0.020951282,0.014634949,0.00644235,0.00082551,6.41E-05,0.020506246,0.004862609,0.000877232,2.09E-06,0.01595684,0.002995607,0.7275052,0.78494847,0.06609437,0.061652884,0.057422996,0.049610727,0.036615595,0.026523637,0.018755779,0.008852255,0,0.28701978
1,135,0,1.0358267,0,0.49161675,0,0.40285182,0,-0.088530749,0,0.21204002,0,0.00107455,0,0.001421827,0,0.017720144,0,0.094005991,0,0.37957503,0,0.06670484,0,0.065305987,0.044523861,0.06652879,0.08802948,0.08158254,0.0753155,0.06330471,0.042283174,0.025543302,0.14398384,0.13124275,0.11902868,0.096107095,0.05721868,0.0289841,0.08213854,0.07546217,0.06901447,0.05690229,0.036100052,0.019988663,0.046091948,0.03922849,0.03294261,0.022296946,0.008578414,0.002557602,0.08204583,0.06753264,0.054335307,0.032923564,0.009276064,0.001570287,0.020403307,0.016249223,0.012793826,0.007581836,0.002272899,0.000485533,0.027446505,0.019959928,0.014191756,0.006604473,0.000974108,0.000114575,0.061831858,0.05522636,0.04902668,0.037989765,0.020960152,0.010395701,0.10676546,0.09270026,0.07960493,0.056913767,0.025638463,0.009795378,0.019787097,0.01570181,0.012239057,0.007081227,0.001999156,0.000426061,0.02510002,0.01787512,0.012316537,0.005345104,0.00065388,3.38E-05,0.02106405,0.016871218,0.013298045,0.007881871,0.002155737,0.000359457,0.027833616,0.02030033,0.014305843,0.006510193,0.000869735,2.85E-05,0.020862121,0.016724866,0.013208964,0.007791564,0.002035269,0.00035601,0.027067866,0.019702561,0.013860812,0.006185932,0.000883347,4.45E-05,0.051543757,0.044404756,0.03780418,0.026414681,0.010884397,0.003565285,0.093358725,0.07818838,0.064345874,0.040981572,0.012613673,0.002576446,0.06477499,0.058128227,0.051718324,0.039867405,0.020686429,0.008353975,0.09338652,0.08686863,0.08057515,0.06850179,0.047118768,0.029836187,0.051470121,0.051829247,0.052165579,0.052717946,0.053253891,0.053314596,0.052849182,0.051228342,0.048573695,0.048922256,0.049264073,0.049837293,0.050397419,0.05049786,0.050100177,0.04867311,0.058060677,0.058386091,0.059848519,0.061110605,0.061190948,0.060063078,0.059861834,0.060118251,0.000582689,3.22E-05,0.004669198,0.000712545,0.00355102,0.000367085,0,0.30815792,0.021238169,0.016937748,0.013290174,0.007771885,0.002133567,0.000398686,0.028844073,0.02084445,0.014558076,0.006399757,0.000813853,6.49E-05,0.013455645,0.001840751,0.002354478,6.55E-05,0.017065208,0.003381935,0.84151906,0.85796916,0.0655439,0.061127465,0.056935497,0.04919697,0.03632316,0.026262792,0.018507853,0.008653759,0,0.52564852
1,136,0,0.43000747,0,0.68050963,0,0.046119575,0,-0.060714166,0,0.36778854,0,0.076719405,0,0.42035557,0,0.087644393,0,0.33192924,0,0.094710758,0,0.0670415,0,0.2896753,0.045145568,0.066860035,0.08073431,0.07417005,0.06779012,0.05565969,0.034856416,0.018863812,0.13815865,0.1252766,0.11286945,0.08966238,0.05068462,0.023664683,0.07656633,0.069764666,0.063226566,0.050929483,0.030269172,0.015048444,0.04566546,0.038834788,0.032583553,0.022010276,0.008427522,0.002501829,0.08170009,0.06722278,0.054066885,0.032731347,0.009204916,0.001552147,0.02063969,0.01646919,0.012933943,0.00759005,0.002221954,0.000507606,0.027441429,0.0200257,0.014259593,0.006614144,0.00095248,0.000109464,0.0619741,0.05535007,0.049161915,0.0381054,0.021070495,0.010451903,0.10720623,0.09313261,0.08008673,0.057346765,0.02590298,0.009945612,0.019760128,0.015660075,0.012199023,0.00704688,0.001965794,0.000412689,0.02504367,0.017842,0.012330716,0.005360833,0.000649786,3.14E-05,0.021103363,0.016932053,0.013367096,0.007941124,0.002156911,0.000361783,0.027866175,0.02031072,0.014302595,0.006537048,0.000862028,2.87E-05,0.020821758,0.016709438,0.013217553,0.007773299,0.002031354,0.000358259,0.02707927,0.019718232,0.01390287,0.006195648,0.000874893,4.34E-05,0.051780425,0.044622175,0.03799981,0.026548594,0.010958338,0.003593191,0.09386611,0.07866393,0.06479476,0.041330684,0.012781118,0.002594809,0.07178711,0.06525444,0.058961533,0.047145326,0.027356112,0.01344756,0.08780185,0.08118452,0.07480365,0.062601514,0.04125147,0.024502775,0.051534445,0.051892651,0.052230261,0.052780045,0.053320941,0.053338736,0.052898501,0.051277642,0.048940719,0.049289433,0.049631976,0.050200412,0.050762996,0.050816472,0.050436834,0.048989515,0.058431053,0.058757043,0.060275301,0.061523718,0.061516527,0.060402475,0.060207208,0.060466851,0.000568532,3.15E-05,0.004681858,0.000743503,0.003606342,0.000381072,0,0.028435594,0.021175938,0.016874542,0.013251914,0.00774217,0.002129375,0.000400487,0.028828815,0.020838195,0.014554341,0.006387894,0.000807514,6.55E-05,0.008271909,0.000606753,0.005217975,0.000371295,0.012730431,0.001762211,0.89102703,0.90006375,0.06516768,0.06078059,0.056625523,0.04896612,0.036145844,0.026093295,0.018345924,0.008505488,0,0.42989066
1,137,0,0.021437379,0,-0.056220051,0,0.001866619,0,-0.1901201,0,-0.14045677,0,0.77095704,0,0.14404798,0,-0.20111203,0,0.27902705,0,-0.1705146,0,0.06650514,0,0.31302466,0.045121211,0.06632003,0.07513196,0.068486825,0.06204715,0.049885157,0.029362274,0.014217212,0.1331629,0.12021316,0.10772453,0.08433127,0.045516826,0.019706804,0.077840745,0.071089536,0.06458845,0.052362375,0.03170733,0.016267698,0.0446475,0.03788959,0.03172015,0.021328796,0.008079706,0.002369003,0.08009575,0.06572838,0.052729182,0.03173111,0.008812996,0.001445349,0.021003716,0.016770294,0.013161301,0.007664754,0.002293065,0.000526507,0.027546,0.020176081,0.014360168,0.006718206,0.000946438,9.05E-05,0.061528765,0.054934368,0.048769522,0.037740402,0.02083878,0.010329057,0.10641509,0.09240639,0.07943085,0.056854084,0.025608005,0.009811915,0.019803451,0.015674174,0.012227512,0.007026983,0.001947426,0.000404272,0.025099844,0.017873097,0.012368759,0.005381665,0.000637877,3.23E-05,0.02117425,0.017010441,0.013446175,0.008008149,0.002163514,0.00036434,0.027950445,0.020374,0.014331128,0.00657293,0.000856632,2.91E-05,0.020815438,0.016719062,0.013229123,0.007781521,0.002036213,0.00035887,0.027139837,0.019761467,0.013961795,0.006220085,0.000875645,4.24E-05,0.05136286,0.044230103,0.0376273,0.0262229,0.010780335,0.003515843,0.09298633,0.07784376,0.0640442,0.040715944,0.012503898,0.002488782,0.06632514,0.05971101,0.053329825,0.04150529,0.022192832,0.009472501,0.08622018,0.07958708,0.073198274,0.06099243,0.039713763,0.023169367,0.051583086,0.051949017,0.052290207,0.052839315,0.053386323,0.053361483,0.052947064,0.051326545,0.048378422,0.048732648,0.049079859,0.049652012,0.050225765,0.050245144,0.049905489,0.048499335,0.057869415,0.058200027,0.059783176,0.061027353,0.060942328,0.059853629,0.059677878,0.059966596,0.000535038,2.95E-05,0.004605756,0.000740178,0.003548455,0.000376084,0,-0.14136767,0.021138046,0.016840078,0.013226265,0.007727654,0.002125036,0.000400686,0.028859563,0.020875514,0.014580045,0.00638856,0.000803425,6.57E-05,0.005094835,0.000206774,0.002927756,0.000109498,0.011702462,0.001463069,0.90816545,0.9049472,0.06493396,0.060545124,0.05641894,0.04882569,0.036002945,0.025982969,0.01822478,0.008428598,0,-0.4934364
1,138,0,0.31430923,0,0.47845738,0,-0.006319046,0,-0.029792982,0,0.36759314,0,-0.035948093,0,0.09483219,0,0.099967639,0,0.24764635,0,0.62541887,0,0.06646681,0,-0.021077787,0.045271176,0.066276886,0.07345984,0.06677954,0.060314126,0.048150156,0.027694732,0.01287501,0.13178876,0.11879098,0.10628237,0.082835294,0.044041302,0.018594896,0.07433689,0.06749804,0.060930904,0.04861758,0.028096061,0.013328602,0.04437914,0.03764043,0.0314932,0.021151196,0.007990039,0.002335184,0.079746634,0.065406084,0.05244323,0.031518307,0.008730856,0.001423294,0.02109602,0.016830098,0.013190628,0.007651727,0.002284225,0.000508865,0.027572662,0.020210428,0.014430144,0.006767904,0.00092361,8.02E-05,0.061478473,0.05489503,0.04873235,0.037701443,0.020819329,0.010325731,0.10637866,0.092382394,0.07942227,0.056858644,0.025619866,0.009804266,0.019783791,0.015664507,0.01220039,0.00699416,0.001933286,0.000400812,0.02507991,0.017852778,0.012347781,0.005378949,0.000632766,3.15E-05,0.021196708,0.017037041,0.013474587,0.008028612,0.002171491,0.000366486,0.027975881,0.020390077,0.014337671,0.006583749,0.000854421,2.95E-05,0.020814184,0.016721511,0.013228938,0.007783758,0.002039593,0.000359823,0.027155584,0.019773256,0.013975515,0.006227617,0.000875572,4.20E-05,0.051333822,0.04420411,0.037599757,0.02619219,0.010765902,0.003510038,0.09292652,0.07779509,0.06399746,0.040673245,0.012488675,0.002475929,0.07137355,0.06485099,0.05856831,0.046777915,0.027065353,0.013251574,0.08405878,0.07738408,0.07095946,0.058724176,0.03748121,0.02120917,0.051640437,0.052010193,0.052353384,0.052900615,0.053452947,0.05338566,0.052996404,0.051376024,0.04834588,0.048703343,0.04905283,0.049623733,0.05020355,0.050181838,0.049869378,0.048469377,0.057839857,0.058172624,0.059815383,0.06104983,0.060881629,0.059811576,0.059647617,0.059950682,0.000526584,2.88E-05,0.004601095,0.000741117,0.003544691,0.000377685,0,0.15184145,0.021123543,0.016829386,0.013214839,0.007719096,0.002121614,0.0004,0.028862907,0.020884022,0.014585599,0.006387604,0.000801369,6.56E-05,0.004255513,0.000139388,0.005110797,0.000359743,0.010192665,0.001070497,0.9356432,0.9412211,0.06485419,0.060468953,0.056342117,0.048763093,0.0359431,0.02593499,0.018176725,0.008411543,0,1.5235298
1,139,0,-0.31676419,0,-0.41243075,0,-0.32604715,0,-0.06607367,0,-0.1315182,0,-0.21939789,0,0.37236935,0,-0.20124786,0,-0.26876314,0,-0.045651821,0,0.064519756,0,0.34973911,0.04411316,0.06432932,0.08344169,0.076974526,0.070692495,0.05870514,0.038004488,0.021814361,0.13852163,0.12576196,0.11354475,0.09065799,0.052238803,0.025207413,0.08412915,0.077555254,0.071214974,0.059282452,0.03859771,0.02234149,0.044282235,0.037551086,0.03140321,0.021076966,0.00795426,0.002315625,0.07846813,0.06417242,0.05131418,0.03065289,0.008385612,0.001326328,0.020516701,0.016324643,0.012823391,0.00759169,0.002223516,0.000490809,0.027553909,0.020050522,0.014233952,0.006605176,0.000956213,0.000120463,0.060310327,0.053779166,0.04767396,0.036813844,0.020157455,0.009916416,0.10359824,0.08967916,0.07682141,0.05458374,0.024256395,0.009166725,0.019824902,0.015722452,0.012248421,0.007092309,0.001991115,0.000423419,0.025196973,0.017950093,0.012383276,0.005377825,0.000656443,3.39E-05,0.021125466,0.016928967,0.013352867,0.007921372,0.002159782,0.000360315,0.027971298,0.020393865,0.01436852,0.00654987,0.000870987,2.84E-05,0.020891258,0.016757103,0.013243231,0.007795901,0.002034036,0.000357749,0.027194317,0.019798728,0.013939016,0.006216488,0.000882495,4.42E-05,0.049929712,0.042883698,0.036401216,0.02525567,0.010244231,0.003307648,0.08995115,0.07497678,0.06140038,0.038645305,0.01153066,0.00226492,0.07612908,0.069746986,0.06357878,0.051906474,0.03209444,0.017463762,0.07930989,0.07261216,0.06615041,0.053949524,0.0330115,0.017476017,0.051666343,0.052054466,0.052405847,0.052955666,0.053515413,0.053406568,0.053043929,0.051424463,0.04628625,0.046654446,0.04701597,0.047604379,0.048208931,0.048174663,0.047937187,0.046677295,0.05577311,0.056118052,0.057840622,0.059085534,0.05885439,0.057829417,0.057707939,0.058083931,0.000521249,2.82E-05,0.004410161,0.000671943,0.00331509,0.000328491,0,-0.32032443,0.021262128,0.016950106,0.013304499,0.007776365,0.002136884,0.000400435,0.028968673,0.02093578,0.014621193,0.006423567,0.000815043,6.55E-05,0.010597409,0.001110606,0.008011955,0.00091264,0.007535374,0.00056399,0.90688246,0.90603054,0.06554455,0.06113101,0.05693638,0.04920584,0.036331903,0.026255589,0.018486774,0.008612359,0,-0.43669052
1,140,0,-0.23366215,0,0.45004127,0,0.036741799,0,-0.045677544,0,-0.02698079,0,-0.10268198,0,0.029782654,0,0.13554264,0,-0.058666268,0,-0.086917846,0,0.06548411,0,-0.23544052,0.044561901,0.06528657,0.09712333,0.09082959,0.084674425,0.072888166,0.05171172,0.034353796,0.1509365,0.13851008,0.12651135,0.10388777,0.065267846,0.036017533,0.082291454,0.07565372,0.06924614,0.057212774,0.03651434,0.020426849,0.04587364,0.03902431,0.03275267,0.022149328,0.008508403,0.002526294,0.08112174,0.066645704,0.053520955,0.03229512,0.009024783,0.001501198,0.02042168,0.016309109,0.012812551,0.007608426,0.002370739,0.000527788,0.027474402,0.02004258,0.014293708,0.006721836,0.001027643,0.00012762,0.061138783,0.054566715,0.048412334,0.03743403,0.020580284,0.010180992,0.10518783,0.0911615,0.07813858,0.055619832,0.024869224,0.009382763,0.01982681,0.015733553,0.012293397,0.007078143,0.002023117,0.000424898,0.025161145,0.017904352,0.012332283,0.005334203,0.000656575,3.72E-05,0.021037096,0.016831497,0.013264517,0.007832469,0.002162356,0.000366637,0.027861929,0.020326972,0.014342187,0.006499628,0.00087659,3.14E-05,0.020938199,0.01675012,0.013215419,0.007824984,0.002055858,0.000352291,0.027103245,0.019706387,0.013844595,0.006194504,0.000895531,4.90E-05,0.050684124,0.043607682,0.037065104,0.025860352,0.010580728,0.003454082,0.091558106,0.07652946,0.06278557,0.03974466,0.012057607,0.002435835,0.07917813,0.07281637,0.06665665,0.054970104,0.03492883,0.019802228,0.08542009,0.07880553,0.07242866,0.060256567,0.039082456,0.022676935,0.051742818,0.052125168,0.052475775,0.053021215,0.053585512,0.053433073,0.053094967,0.051474968,0.047319717,0.047685683,0.048044608,0.048621856,0.049222989,0.049132061,0.048896787,0.047572512,0.056813299,0.057155423,0.058926931,0.060151743,0.059825959,0.05880597,0.058680194,0.059039541,0.000575559,3.20E-05,0.004538696,0.000674368,0.003394583,0.000341618,0,-0.20359758,0.021316681,0.017010259,0.01334607,0.007807492,0.002138339,0.000399664,0.028901856,0.02088233,0.014586838,0.0064213,0.000822652,6.40E-05,0.02089573,0.005013764,0.009675575,0.00134575,0.011358584,0.001384463,0.86049616,0.9385644,0.065981045,0.06154715,0.057324503,0.04952542,0.036553543,0.026477955,0.018722251,0.00883548,0,-0.42593371
1,141,0,-0.62566296,0,0.072571767,0,-0.11073296,0,0.099861519,0,0.15869302,0,0.24351831,0,0.34838074,0,-0.15222838,0,-0.31618642,0,-0.21840122,0,0.06486521,0,-0.11137195,0.043738357,0.06466427,0.10455093,0.098337434,0.09227521,0.08061262,0.05937047,0.041656245,0.15707268,0.14481725,0.1329493,0.11056171,0.0720655,0.042102743,0.08543858,0.07887759,0.07255186,0.060633425,0.039876845,0.02347841,0.045823276,0.038974807,0.03270808,0.022118947,0.00849766,0.002520709,0.080736786,0.06627399,0.053174317,0.03202632,0.008917409,0.001473961,0.02055435,0.016409667,0.012905479,0.007690613,0.002386916,0.0005393,0.02762252,0.020198844,0.014428435,0.006800308,0.001057548,0.00012115,0.060780585,0.054235872,0.048115432,0.037148647,0.020398807,0.010085806,0.10439629,0.090389855,0.077411875,0.05494922,0.024487453,0.00917503,0.01984874,0.015750285,0.012315109,0.007093146,0.002034767,0.000416848,0.025181618,0.017909564,0.012318946,0.00531259,0.000655558,4.17E-05,0.021022748,0.016816879,0.013265492,0.007807433,0.002171155,0.0003719,0.027884865,0.020338668,0.014361575,0.006501908,0.00088407,3.35E-05,0.02098314,0.01677191,0.013245332,0.0078459,0.002073494,0.000349447,0.02711021,0.01970551,0.013837213,0.006217918,0.000900478,5.31E-05,0.050241176,0.04320181,0.036693946,0.02557969,0.010446172,0.00342596,0.09062757,0.07568173,0.061982498,0.039114658,0.01178771,0.002371203,0.074292354,0.06787266,0.06167171,0.049974278,0.030233204,0.015900962,0.085756674,0.07916936,0.07280888,0.060673628,0.039545417,0.023124944,0.051791415,0.05218206,0.052536463,0.053081529,0.053651748,0.053456882,0.053144575,0.051524634,0.046670831,0.047042536,0.047406645,0.047988455,0.048601299,0.048477817,0.048284411,0.047006715,0.056164581,0.056511858,0.05834926,0.059570397,0.059166802,0.058174074,0.058069684,0.058461458,0.000574872,3.21E-05,0.004489603,0.000657265,0.003306079,0.000329692,0,-0.096529662,0.021368098,0.01705519,0.01338444,0.007830191,0.002138754,0.000402063,0.028928954,0.020900821,0.014602975,0.006433488,0.000832431,6.31E-05,0.027332138,0.008786791,0.006910082,0.00067955,0.011731791,0.001500302,0.6781756,0.9522864,0.06624874,0.061792165,0.05756602,0.049765144,0.03669861,0.026620872,0.018882299,0.008934387,0,-0.68052006
1,142,0,0.98335402,0,-0.74992745,0,0.076694554,0,0.054329696,0,0.34664407,0,-0.19694827,0,-0.4971204,0,0.042899051,0,0.1196393,0,0.089855382,0,0.0694435,0,0.49514217,0.044170191,0.06922788,0.10134326,0.095033884,0.0888607,0.07700416,0.055522013,0.037731446,0.15747066,0.14501333,0.13295501,0.11017744,0.07086956,0.040522587,0.11594271,0.10978267,0.10375138,0.09218413,0.071052216,0.052744668,0.048882615,0.0418214,0.035336617,0.024226772,0.009594145,0.002958152,0.0873526,0.07253441,0.05889039,0.036397487,0.010674123,0.001979301,0.020350853,0.016247807,0.012771954,0.007595044,0.002361398,0.000527789,0.02725024,0.019884316,0.014174103,0.006670903,0.00102667,0.000125059,0.06391861,0.057211712,0.0509073,0.039595794,0.022104854,0.01109316,0.11109782,0.096794985,0.08344168,0.060055867,0.027572319,0.010629453,0.019748911,0.015669808,0.012245571,0.007050186,0.00201818,0.000422267,0.02495962,0.01776007,0.012230231,0.005287387,0.00065191,3.84E-05,0.02094832,0.016758807,0.013211452,0.007794852,0.002155148,0.0003665,0.027640345,0.020164652,0.014230593,0.006446485,0.000871277,3.15E-05,0.020864733,0.016684983,0.013166156,0.007798388,0.002051518,0.000350051,0.026883926,0.019545829,0.013731084,0.006149244,0.000889576,4.94E-05,0.053675476,0.046427473,0.039693262,0.028010203,0.011822,0.003959974,0.09788975,0.08252752,0.068343095,0.04419754,0.014139881,0.003057152,0.09187721,0.0855966,0.07949253,0.067837454,0.047083754,0.030435966,0.10017074,0.09371291,0.08744781,0.075402066,0.05379081,0.03588351,0.051932743,0.052284695,0.052628062,0.053160349,0.053731354,0.05349035,0.053200385,0.051577717,0.051546669,0.05189706,0.052241184,0.052776323,0.053350521,0.053114938,0.052833934,0.051237112,0.061061398,0.061388044,0.063235864,0.064399538,0.063865985,0.062827713,0.062661219,0.062927981,0.000696929,3.86E-05,0.005025285,0.000775878,0.003871853,0.000417055,0,-0.078119174,0.02124265,0.01695247,0.013301403,0.007781836,0.002130503,0.000398867,0.028674098,0.020717682,0.014473139,0.006372542,0.000818532,6.33E-05,0.023660174,0.006379053,0.0179389,0.004358009,0.022022428,0.005707899,0.8629592,0.746998,0.06577884,0.06135627,0.057148937,0.0493781,0.03644022,0.02640427,0.01868362,0.008825585,0,0.93069646
1,143,0,-0.61045682,0,0.53077028,0,-0.33926821,0,0.3640108,0,-0.1929208,0,0.81198241,0,1.0060277,0,-0.10961812,0,-0.2283191,0,-0.09921942,0,0.06913114,0,-0.25372301,0.049702972,0.06891145,0.11030003,0.10409229,0.09801689,0.08630337,0.06480958,0.046626918,0.1651465,0.15289547,0.14100897,0.1184916,0.07932707,0.048269607,0.1106638,0.1044389,0.09836816,0.086717226,0.06555457,0.04740728,0.049102936,0.042024635,0.035527103,0.024381835,0.009683512,0.002992559,0.08750111,0.07266553,0.059006326,0.036475733,0.010705929,0.001990245,0.020474417,0.016342033,0.012844551,0.00763259,0.00236078,0.000536737,0.027419439,0.02004276,0.014319341,0.006741413,0.001053807,0.000121481,0.06378235,0.057066426,0.050802898,0.03948375,0.022023635,0.011079647,0.11074843,0.09645462,0.08311933,0.059739783,0.027388422,0.010506373,0.019767791,0.015689356,0.01226605,0.007070052,0.002031061,0.000409343,0.024964472,0.017751932,0.012204089,0.005256378,0.000650262,4.23E-05,0.020929502,0.016742736,0.013207245,0.007769323,0.002165859,0.000371876,0.027645182,0.020162202,0.014241941,0.006447048,0.000878281,3.40E-05,0.020907776,0.016713163,0.013200681,0.007820248,0.002072187,0.000347912,0.026872607,0.019531665,0.013710732,0.006171547,0.00089471,5.47E-05,0.053462993,0.046215158,0.039514054,0.0279002,0.011778109,0.003976121,0.09743811,0.082128026,0.06796868,0.043880925,0.014001592,0.003045688,0.080655165,0.0742198,0.068003096,0.05617888,0.035763603,0.020312093,0.09052238,0.08389624,0.07750095,0.06526401,0.04369924,0.026576446,0.05198743,0.052344987,0.05269137,0.053222353,0.053799127,0.053515362,0.053250883,0.051627987,0.051222628,0.051577387,0.051925222,0.052461735,0.053044866,0.052771845,0.052525121,0.050953421,0.060738942,0.061069214,0.06297936,0.064136404,0.063522522,0.062506426,0.062355641,0.062644152,0.000706818,3.93E-05,0.00500726,0.000766798,0.003812227,0.000405888,0,-0.21994691,0.0212927,0.016996993,0.013340515,0.0078047,0.002129103,0.000401074,0.028682632,0.020723471,0.014480341,0.006382681,0.000828533,6.22E-05,0.03163004,0.011538262,0.009932621,0.001358785,0.014297684,0.002242616,0.5851835,0.8896862,0.06604697,0.061612263,0.057400674,0.04963261,0.036595084,0.026553696,0.018863311,0.008932689,0,-0.470838
1,144,0,0.42885311,0,-0.019804622,0,0.015399501,0,0.27791595,0,0.20370471,0,1.0294117,0,0.11881686,0,0.27293151,0,-0.002806249,0,0.31010565,0,0.07177311,0,-0.048698685,0.049793995,0.07154336,0.10347804,0.0971473,0.09096244,0.07906578,0.057426177,0.039406925,0.16099866,0.14853014,0.1364359,0.11357202,0.07387131,0.04296005,0.11263678,0.106389,0.10029362,0.08858337,0.06727865,0.0489546,0.050666727,0.04348969,0.036879268,0.025479402,0.010268907,0.003231515,0.09104653,0.0760511,0.0621493,0.038910594,0.011741918,0.002297043,0.020338846,0.016237898,0.012762258,0.007595273,0.002354083,0.000525086,0.027149506,0.019822145,0.014130445,0.006646179,0.001023826,0.000122986,0.06557684,0.058787018,0.052399393,0.040900804,0.023029348,0.01165434,0.1146054,0.10016106,0.08662746,0.06277076,0.029244436,0.011440277,0.019703671,0.015633494,0.012217891,0.007034458,0.00201424,0.000420518,0.024842417,0.017676074,0.012171223,0.005260241,0.000648231,3.85E-05,0.020897783,0.016717877,0.013180768,0.007774492,0.002150782,0.000366167,0.027511198,0.020070262,0.014165138,0.006416054,0.00086789,3.16E-05,0.020819588,0.016647017,0.013137606,0.007781598,0.002048046,0.000348951,0.026757106,0.019453425,0.013665774,0.006122638,0.00088581,4.94E-05,0.055470895,0.04811842,0.041275952,0.029314617,0.012592649,0.004296893,0.10166225,0.08612292,0.07171388,0.04695734,0.015477945,0.003475817,0.0701055,0.06340379,0.056923646,0.044824045,0.024716182,0.011083135,0.093782194,0.08714245,0.08072445,0.06844942,0.046651755,0.029104393,0.052094564,0.052431372,0.052772114,0.053294925,0.053874444,0.053545786,0.053304994,0.051680198,0.054041166,0.054385027,0.054722106,0.05523081,0.05579414,0.055438004,0.055152003,0.053396737,0.063571006,0.063890195,0.065831128,0.066951462,0.066229582,0.0651949,0.065014018,0.065239333,0.00077739,4.29E-05,0.005331472,0.000843128,0.004193625,0.000466912,0,0.017323448,0.021197453,0.016916899,0.013273849,0.007765911,0.002125865,0.00039825,0.028541187,0.02062176,0.01440672,0.006343872,0.000815666,6.30E-05,0.02502688,0.007097279,0.003665794,0.000154802,0.016236452,0.002908031,0.6633753,0.64494914,0.06564869,0.061233766,0.05703595,0.04928333,0.036368556,0.026354963,0.01865386,0.008813727,0,0.061919312
1,145,0,-0.27541801,0,-0.29691624,0,-0.088154107,0,0.28911263,0,0.24899665,0,-0.029061503,0,0.89223714,0,-0.27527492,0,-0.082062065,0,0.13859308,0,0.06988004,0,-0.19451095,0.050044135,0.069649026,0.10184448,0.095533825,0.08936019,0.077498786,0.05598766,0.038149465,0.15824434,0.1457879,0.13372412,0.11093295,0.071551435,0.04108308,0.12327469,0.11718284,0.11122564,0.09977962,0.07870353,0.060220882,0.049234293,0.042149212,0.035639968,0.024472423,0.009724527,0.003010821,0.08809026,0.07323583,0.059536938,0.036893897,0.010881233,0.002039634,0.02034811,0.016247427,0.012771884,0.007595915,0.002362182,0.000530944,0.027231451,0.01987517,0.014166983,0.006670426,0.001025886,0.000125196,0.06424472,0.05752238,0.05119984,0.039851185,0.022286031,0.011202342,0.11179594,0.097462155,0.08407284,0.060589295,0.027900256,0.010786122,0.019739887,0.015662432,0.012240006,0.007047024,0.00201758,0.000421861,0.024935996,0.017742956,0.012218055,0.005281583,0.000651126,3.85E-05,0.020937834,0.016750244,0.013205292,0.007790302,0.00215438,0.00036652,0.027614377,0.020145612,0.014217572,0.006440268,0.000870695,3.16E-05,0.02085632,0.016677482,0.013160698,0.007795277,0.002051031,0.000349779,0.026858259,0.019527057,0.013717736,0.006144254,0.000888881,4.94E-05,0.05402703,0.04675887,0.04000368,0.028265543,0.011972329,0.004024518,0.098638795,0.083239526,0.0690091,0.04474122,0.014399717,0.003137855,0.06763566,0.060945556,0.054480083,0.042462315,0.022726784,0.009670295,0.08371272,0.07691664,0.07038199,0.05798414,0.03641875,0.020058254,0.052122608,0.05247848,0.052817907,0.053351952,0.053938897,0.053568542,0.053354141,0.051730026,0.052035932,0.052391589,0.052731152,0.053265839,0.053853504,0.05348437,0.053271964,0.051653644,0.061560235,0.061976452,0.063915812,0.065044516,0.064255998,0.063264448,0.063123263,0.063414819,0.000712216,3.93E-05,0.005084618,0.000788598,0.00393306,0.000426874,0,-0.07233419,0.021234296,0.016945962,0.013296426,0.00777897,0.002129595,0.000398784,0.028647456,0.02069841,0.014459849,0.00636685,0.000818087,6.32E-05,0.024007726,0.006566923,0.002950003,0.000101136,0.009206244,0.000805316,0.6132768,0.5866349,0.065756805,0.061335236,0.0571297,0.04936235,0.03642808,0.026396342,0.018679857,0.008824678,0,-0.15521132
1,146,0,-0.52147461,0,0.051551976,0,-0.20174847,0,-0.15908761,0,0.074340065,0,-0.013618509,0,0.51529039,0,-0.051586376,0,0.053482262,0,-0.11650578,0,0.067903444,0,-0.16687638,0.046813381,0.067670636,0.10977137,0.10357614,0.09751471,0.08583004,0.06440415,0.046308156,0.16385597,0.15162738,0.13976745,0.11731987,0.07833969,0.04749087,0.12483438,0.11878388,0.11287681,0.1015253,0.08057083,0.062138896,0.048222523,0.041203197,0.034766994,0.02376979,0.009359559,0.002861271,0.08567005,0.0709251,0.057410534,0.035250682,0.010201647,0.001845122,0.020499965,0.016360156,0.012856557,0.007646427,0.002368175,0.000541061,0.027490346,0.020092255,0.014355514,0.006755367,0.001057743,0.000122511,0.06294262,0.056274973,0.05005611,0.038828857,0.021565074,0.010803468,0.10898293,0.09476457,0.08152327,0.058386143,0.026565654,0.010113158,0.019790892,0.01570784,0.012280159,0.007078367,0.002033902,0.000409222,0.025023285,0.017793084,0.012231778,0.005267415,0.0006517,4.24E-05,0.02095383,0.016762191,0.013222486,0.007777883,0.002168614,0.000372405,0.027710274,0.020209374,0.014275632,0.00646215,0.000880417,3.42E-05,0.020933554,0.01673383,0.013217056,0.007829938,0.0020752,0.000348251,0.026935603,0.019577112,0.013742183,0.006186632,0.00089697,5.50E-05,0.0525548,0.045363892,0.0387196,0.027249303,0.011400935,0.003821625,0.095537476,0.08032616,0.06628469,0.042526126,0.013363838,0.002847315,0.069930516,0.063337974,0.05697824,0.045106176,0.025369858,0.011828912,0.083248764,0.07651003,0.07002633,0.057720542,0.03635464,0.020131953,0.052161795,0.052537973,0.052873618,0.053421826,0.054017114,0.053596832,0.053413678,0.051790248,0.049945807,0.050313883,0.050653761,0.051217935,0.051831636,0.05144273,0.051310837,0.049835666,0.059464397,0.060007036,0.061930507,0.063065922,0.062193974,0.061251164,0.061154274,0.061519451,0.000668521,3.74E-05,0.004862058,0.000734407,0.003660788,0.000383135,0,0.10952817,0.021318847,0.017017871,0.013356989,0.007814239,0.00213138,0.000401553,0.028749947,0.020771896,0.014514183,0.006397675,0.000830645,6.23E-05,0.03139154,0.011425844,0.004199685,0.000225525,0.009335701,0.000858055,0.43669778,0.58601063,0.06613111,0.061691172,0.057474177,0.049696676,0.03664179,0.026588017,0.018890163,0.008945908,0,-0.15836416
1,147,0,0.3853681,0,3.3546773,0,0.12656905,0,0.064752385,0,0.051137625,0,-0.25345613,0,-0.30887258,0,-0.047308606,0,0.047889299,0,0.12257626,0,0.06831067,0,-0.079887533,0.048361679,0.06807243,0.10490645,0.09865035,0.09253403,0.08077561,0.059335403,0.041434277,0.15984862,0.14750037,0.13554215,0.11291498,0.07385673,0.043342926,0.09922915,0.09285261,0.086656004,0.07484162,0.053690866,0.036066517,0.048293367,0.04127124,0.0348292,0.023816574,0.009380696,0.002871288,0.08598747,0.07123145,0.05769407,0.03547315,0.010293784,0.001870291,0.020435387,0.016312,0.012817884,0.007621155,0.002364265,0.000535963,0.027373377,0.02000112,0.01427815,0.006720563,0.001042303,0.000123049,0.06319624,0.056521155,0.050266825,0.039030015,0.021705795,0.010867151,0.1095519,0.0953083,0.08203368,0.05884502,0.026838582,0.010259066,0.019777365,0.015690763,0.01226901,0.007064561,0.002024427,0.000417869,0.025008531,0.017788814,0.012240319,0.005281517,0.00065058,4.04E-05,0.020955024,0.016762901,0.01322212,0.007785769,0.002161722,0.000369526,0.027693521,0.02020063,0.014261925,0.006457402,0.000876866,3.27E-05,0.020904228,0.016708117,0.013193049,0.007815252,0.002062098,0.000348414,0.02692753,0.019573906,0.01374726,0.006171766,0.000893424,5.17E-05,0.052859824,0.045652393,0.038982503,0.027441751,0.011501368,0.00384235,0.09618257,0.080925964,0.06684764,0.042981498,0.013571816,0.002894911,0.076879315,0.07040806,0.06416056,0.052324876,0.032155044,0.01729894,0.091369465,0.084784284,0.07842013,0.06624066,0.04473878,0.02756691,0.052231419,0.052606162,0.052933049,0.053487803,0.054087943,0.053624421,0.053466158,0.051841923,0.050388236,0.050756064,0.051086493,0.051654481,0.052269944,0.051832625,0.051716945,0.050216055,0.059910461,0.0605485,0.062436412,0.063556477,0.062596262,0.061664754,0.06157181,0.061937054,0.000671507,3.74E-05,0.004899382,0.000744961,0.003723773,0.000393717,0,0.14672433,0.021286678,0.01698953,0.013332026,0.007799811,0.002132257,0.00040044,0.028730664,0.020757865,0.014503095,0.006388452,0.000825058,6.29E-05,0.026984481,0.008435062,0.007765589,0.000810931,0.015139699,0.002568052,0.48520195,0.80125976,0.06597369,0.061533295,0.057322133,0.049548432,0.036547963,0.026503388,0.018784393,0.008883946,0,0.22864349
1,148,0,1.4119229,0,-0.33452594,0,0.27405676,0,0.59642827,0,0.19168817,0,0.053455486,0,0.66914847,0,0.43406572,0,0.18039517,0,0.24118201,0,0.06900494,0,-0.058140956,0.048609164,0.06876026,0.0939982,0.08759261,0.081353575,0.06936906,0.04804138,0.030721338,0.15086973,0.13820136,0.12602969,0.10311282,0.06376949,0.034305096,0.10391355,0.09758508,0.09143517,0.07968078,0.058499653,0.04058792,0.048163127,0.041152533,0.034715503,0.023724478,0.009323699,0.00285251,0.08619415,0.07144373,0.057896465,0.035641953,0.01036604,0.001889825,0.020421613,0.016296472,0.012823097,0.007605205,0.002331014,0.000509194,0.027394658,0.019934667,0.014196443,0.006648854,0.001008625,0.000124993,0.06356604,0.056880668,0.05058283,0.039333858,0.021903818,0.01095983,0.11043496,0.096189395,0.08287828,0.059630666,0.027294174,0.010541295,0.019751426,0.01567748,0.012236265,0.007060592,0.002007446,0.000429478,0.02498852,0.017792376,0.012255297,0.005311684,0.000651245,3.46E-05,0.02098946,0.016802626,0.013237958,0.007833425,0.002153102,0.000361835,0.02767888,0.02019308,0.014238329,0.006463884,0.000867437,2.98E-05,0.020836739,0.016690344,0.013172876,0.007786934,0.002039784,0.000353458,0.02692543,0.01958959,0.013771147,0.006151075,0.000884564,4.61E-05,0.053370666,0.046135448,0.03941107,0.027745664,0.011662507,0.003876606,0.09726693,0.081909284,0.067779295,0.04374277,0.013919306,0.002967517,0.076172516,0.069672726,0.06339426,0.05152201,0.031322837,0.016563749,0.09158903,0.08498752,0.07860943,0.06640301,0.044842124,0.027617095,0.052305141,0.052676523,0.052993692,0.053554903,0.054159728,0.053652663,0.053519148,0.051893807,0.051133943,0.051500929,0.051820392,0.052390023,0.053004567,0.052514228,0.052407745,0.050860792,0.060661818,0.061393716,0.063243746,0.064345661,0.063294896,0.062370407,0.062276698,0.062633295,0.000665454,3.68E-05,0.004970414,0.000767729,0.003843946,0.000415869,0,0.32461228,0.021214407,0.0169248,0.013277871,0.007768008,0.002130563,0.000397446,0.02870194,0.020740725,0.014486191,0.006373229,0.000812286,6.42E-05,0.017614499,0.003345776,0.007230054,0.00069727,0.01514961,0.002555272,0.66698426,0.75226945,0.0655639,0.061153498,0.05695446,0.049214583,0.03633373,0.026284335,0.018546559,0.008717963,0,0.2989741
1,149,0,-0.5015652,0,2.008561,0,0.14518819,0,0.20386816,0,-0.11131075,0,-0.22939156,0,1.4078299,0,-0.21211092,0,-0.092129971,0,0.10566145,0,0.07184049,0,-0.21601614,0.050752078,0.07158556,0.09233783,0.08585828,0.079543374,0.06742212,0.04592254,0.028580204,0.15161127,0.13879283,0.12644283,0.10324933,0.063327484,0.03356799,0.09287421,0.08625821,0.079862565,0.06774791,0.04632461,0.02897524,0.050020397,0.04288657,0.0363184,0.025019735,0.010008716,0.003131602,0.09026113,0.0753159,0.06147994,0.038403813,0.011527082,0.002234468,0.020267544,0.016147837,0.012715914,0.007547854,0.002284352,0.000492065,0.027159002,0.019738086,0.01405439,0.006546514,0.000974994,0.000116237,0.065527,0.058739644,0.052342508,0.040871084,0.022997843,0.011601191,0.11461313,0.10019383,0.08669301,0.06290207,0.029316533,0.011539782,0.01969016,0.01562681,0.012183993,0.007046155,0.001992547,0.000424698,0.02484301,0.017692216,0.012188497,0.005288257,0.000646874,3.37E-05,0.020950105,0.016778339,0.013223565,0.007835072,0.002145489,0.000357884,0.027539155,0.020087646,0.014157048,0.006439168,0.000861343,2.85E-05,0.020759284,0.016640557,0.013139672,0.007755329,0.002027044,0.000353919,0.026783416,0.019494202,0.013711981,0.006120918,0.000875553,4.44E-05,0.05552765,0.048178945,0.041309725,0.029301666,0.012563612,0.004261698,0.10181132,0.08625362,0.071810536,0.047049083,0.015537583,0.003438161,0.08355813,0.07709741,0.070852675,0.058963206,0.03820414,0.02227223,0.078506604,0.07153024,0.06482441,0.052173123,0.030568039,0.014913878,0.052417161,0.052766322,0.053067443,0.053629929,0.054237219,0.053685027,0.053574845,0.051947278,0.054156104,0.054511654,0.054809382,0.055359397,0.055952243,0.055375167,0.055224805,0.053480708,0.063698736,0.064513653,0.066303433,0.06736574,0.066207395,0.065258405,0.065129697,0.065415286,0.00074717,4.07E-05,0.005321835,0.000847813,0.004236981,0.000482204,0,-0.19062644,0.021135971,0.0168582,0.013226919,0.007736317,0.002123561,0.000396701,0.028544953,0.020628726,0.014408119,0.006335607,0.00080631,6.42E-05,0.015692353,0.002501354,0.011328962,0.001720213,0.005520391,0.00020474,0.48259363,0.8897188,0.06524535,0.06085329,0.056678273,0.04897574,0.036160536,0.026146522,0.018431593,0.008627473,0,-0.4910827
1,150,0,0.46051089,0,-0.20702849,0,0.12296043,0,-0.050154045,0,0.14300235,0,-0.17695261,0,-0.25106704,0,-0.049371548,0,-0.25049748,0,0.21640205,0,0.0743041,0,0.22615613,0.05265269,0.07404008,0.08683992,0.08023552,0.073778294,0.061439697,0.039838642,0.02285798,0.14893591,0.13592383,0.12335855,0.09972054,0.059199113,0.029648274,0.093319945,0.086651266,0.08018581,0.067953885,0.046322145,0.028825112,0.05122978,0.044020746,0.037370745,0.025870025,0.010468143,0.003325952,0.0932818,0.078200124,0.06419375,0.040528364,0.01245698,0.002522562,0.020384239,0.016234355,0.012736182,0.007491251,0.002180126,0.000494509,0.027005823,0.019677585,0.013997698,0.006492239,0.000927028,0.000113108,0.067182615,0.06031076,0.05384177,0.042185817,0.023949718,0.012174659,0.11823424,0.1036938,0.09003992,0.06587249,0.031147191,0.012486788,0.019623041,0.015554017,0.012114929,0.007007289,0.001958939,0.00041181,0.024691492,0.01759034,0.012151791,0.005282791,0.000641762,3.26E-05,0.020940807,0.016795883,0.013257155,0.007871284,0.002141209,0.000358762,0.027450744,0.020010296,0.014093659,0.0064372,0.000851128,2.82E-05,0.020676147,0.016591148,0.013120842,0.00771832,0.002015834,0.000355503,0.02668004,0.01942748,0.013691176,0.006103379,0.000862721,4.30E-05,0.057431284,0.04995975,0.04297729,0.030679548,0.013345516,0.004606348,0.10574146,0.09005009,0.07534421,0.049987428,0.017038167,0.003878015,0.09258699,0.08620809,0.080017544,0.06819398,0.04706024,0.030136723,0.089687295,0.0828877,0.07631963,0.063841365,0.0417915,0.02453738,0.052524253,0.05285341,0.053139553,0.05370399,0.054314023,0.053716959,0.053630435,0.0520007,0.056785729,0.057130428,0.057408247,0.057941995,0.058516588,0.057858289,0.057673307,0.05575774,0.066340358,0.067240159,0.068973701,0.070000324,0.068738962,0.067771106,0.067614212,0.067842433,0.00080564,4.52E-05,0.005622524,0.000928105,0.004597967,0.000552027,0,0.21408656,0.02103571,0.01676488,0.013164315,0.007691717,0.002115246,0.000397611,0.028411718,0.020536609,0.014344327,0.006298872,0.000797398,6.46E-05,0.010984058,0.001059926,0.017499965,0.004011702,0.012440128,0.001532996,0.5918831,0.8926977,0.064763375,0.06040903,0.05626999,0.048652414,0.035922647,0.025934791,0.018242663,0.0084712,0,0.22191372
1,151,0,0.058955479,0,0.47946968,0,0.045280326,0,-0.31292571,0,-0.14431839,0,0.10639696,0,0.40058213,0,0.018143539,0,0.1346557,0,0.18110518,0,0.072354764,0,0.11156939,0.052787712,0.072089344,0.09153344,0.085032746,0.078692645,0.0665374,0.045011133,0.027702805,0.15135282,0.1384942,0.12609603,0.1028292,0.06278829,0.033024527,0.08640489,0.079652674,0.073119536,0.06077954,0.039362982,0.022536673,0.050326336,0.043172568,0.036584157,0.0252341,0.010123788,0.003179696,0.090973504,0.07599503,0.06211444,0.038898256,0.011740744,0.002300238,0.020289922,0.016154487,0.012716329,0.007539407,0.002255948,0.000487361,0.027135605,0.019728927,0.014022985,0.006518832,0.000963458,0.000111709,0.0658883,0.059081025,0.05266965,0.04115816,0.023203079,0.011719383,0.11539462,0.10094769,0.08741439,0.06352982,0.029702758,0.0117378,0.01967462,0.015612255,0.012169097,0.007041709,0.001987569,0.000423611,0.024812575,0.017671296,0.012177178,0.005285077,0.000646531,3.34E-05,0.020946292,0.016777493,0.013224709,0.007839248,0.002143733,0.000357537,0.0275164,0.020069044,0.014143025,0.0064372,0.000859893,2.81E-05,0.020743083,0.016629998,0.013134852,0.007746937,0.002023566,0.000354146,0.02675854,0.019478118,0.01370397,0.006115895,0.000873116,4.39E-05,0.05593519,0.048561614,0.04166682,0.02959642,0.012732971,0.004336103,0.10266416,0.08707486,0.07257068,0.047681686,0.015853917,0.003528254,0.09510455,0.08880507,0.08268519,0.07097404,0.04996879,0.032939136,0.08495063,0.07810025,0.07150744,0.059005756,0.037178565,0.020551847,0.052552383,0.052902146,0.053185896,0.053762603,0.054380101,0.053741433,0.053681055,0.052051696,0.054720001,0.055077746,0.05535731,0.055918438,0.056517945,0.055848068,0.055737713,0.053963058,0.064269794,0.065276284,0.066999229,0.068034363,0.066704185,0.06578093,0.065664465,0.065958966,0.00076153,4.17E-05,0.005386629,0.000863705,0.004313745,0.000496035,0,-0.073117589,0.02111788,0.016841833,0.013215448,0.007728421,0.002122028,0.000396663,0.028516078,0.020608258,0.014393623,0.00632796,0.000804859,6.43E-05,0.01495004,0.002222111,0.01993008,0.005226332,0.009472369,0.000824664,0.58653307,0.9282868,0.06516698,0.06077581,0.05660816,0.048914652,0.036116026,0.026113352,0.018401733,0.008602614,0,-0.49816124
1,152,0,-0.59874723,0,0.11072843,0,-0.27769805,0,-0.34195595,0,-0.38957727,0,-0.23457793,0,-0.14707543,0,-0.18632369,0,-0.17483686,0,-0.077524314,0,0.066875085,0,-0.21073552,0.049190695,0.066615716,0.11280149,0.10665041,0.10062646,0.0890061,0.06765031,0.04946934,0.16590615,0.15375915,0.14198461,0.11969822,0.08087171,0.04993758,0.08053399,0.07382647,0.06735017,0.055176035,0.03439797,0.01851214,0.04765564,0.04067504,0.034279194,0.023379361,0.009157256,0.002779258,0.08440176,0.06972287,0.056307007,0.03440414,0.009858563,0.001747144,0.02049393,0.016346728,0.012846168,0.007613192,0.0023461,0.000536975,0.027513022,0.020098472,0.01434716,0.006766197,0.001083749,0.000129354,0.06228449,0.055654388,0.049482025,0.038313087,0.021209659,0.010602054,0.10758632,0.093433745,0.08027919,0.05731307,0.025909241,0.009802111,0.019807277,0.01572288,0.012286072,0.007085012,0.002042923,0.000402798,0.025071006,0.017818509,0.012246605,0.00526556,0.000650905,4.21E-05,0.020971417,0.016776433,0.013232018,0.007780642,0.002173961,0.000374583,0.02775919,0.020244973,0.014304829,0.006474051,0.000883525,3.51E-05,0.020968333,0.016766539,0.01323822,0.0078454,0.002085777,0.000347693,0.026979592,0.019606808,0.0137559,0.006206919,0.000901795,5.78E-05,0.05182701,0.044682972,0.038090333,0.026742978,0.011121259,0.003720275,0.094024956,0.07890167,0.06495494,0.04145574,0.012875895,0.002706952,0.09029955,0.08405502,0.077976644,0.06639079,0.045853898,0.02944305,0.08533934,0.07867452,0.07226243,0.060025074,0.03872177,0.022268359,0.052520227,0.052919887,0.053212082,0.05380928,0.054437585,0.053759986,0.053727919,0.052100946,0.04890913,0.049295535,0.049594772,0.050217791,0.050875952,0.050250328,0.050301231,0.04891573,0.05843721,0.059568561,0.061316984,0.062395811,0.061022533,0.060199592,0.060183752,0.060655486,0.000645084,3.62E-05,0.004752155,0.000709713,0.003531795,0.00036169,0,-0.41711986,0.021355942,0.01704776,0.013382254,0.007828768,0.002131762,0.000402772,0.028802048,0.020808779,0.014541588,0.006412393,0.000835268,6.20E-05,0.034334417,0.013559194,0.017211584,0.004099269,0.010985468,0.001259602,0.29855657,0.9608969,0.066278115,0.061842036,0.057619598,0.049821284,0.03673606,0.02666066,0.018972563,0.008991952,0,-0.64587666
1,153,0,-0.61723341,0,-0.082504047,0,-0.12833318,0,-0.020778858,0,-0.075557347,0,-0.3893452,0,0.16025244,0,-0.21929327,0,-0.089893465,0,-0.09780679,0,0.065642454,0,-0.30568579,0.045495782,0.06538088,0.11482066,0.10869934,0.10270754,0.091148265,0.06987468,0.05166499,0.16689189,0.15481389,0.14310758,0.12098134,0.08231406,0.051413015,0.08413147,0.07752105,0.071143664,0.059143502,0.03836746,0.022058068,0.046865758,0.0399403,0.033601478,0.022837497,0.008875134,0.002667351,0.08268468,0.06810053,0.054824986,0.03326891,0.009405288,0.001616984,0.020483036,0.016331038,0.012845549,0.007612214,0.002347328,0.000539267,0.027595306,0.020161968,0.014378533,0.006769353,0.001088838,0.000128855,0.061453167,0.054873936,0.048745047,0.037662204,0.020765275,0.010342225,0.10580753,0.09173926,0.07869834,0.05596158,0.02509819,0.009419713,0.01983318,0.015742784,0.012297383,0.007094845,0.002050653,0.000400657,0.025131281,0.017857108,0.012273149,0.005272608,0.000650978,4.22E-05,0.020996405,0.016795987,0.013245544,0.007789759,0.002177988,0.000376218,0.02782404,0.020292444,0.014339676,0.006490612,0.000887127,3.58E-05,0.021005873,0.0167995,0.013258965,0.007862126,0.002095426,0.000347493,0.027042264,0.019649014,0.013779988,0.006227363,0.000906792,5.98E-05,0.05091465,0.04383101,0.037306074,0.026105518,0.010766199,0.003585533,0.09210435,0.077095866,0.06327192,0.040115956,0.012266009,0.002528868,0.09815515,0.09201211,0.086039655,0.074634336,0.054049198,0.037112784,0.083603285,0.07694586,0.07053337,0.058325954,0.03716402,0.020979257,0.052561825,0.052975374,0.053263153,0.053871411,0.054505931,0.053786249,0.053779895,0.052152816,0.047610441,0.048005601,0.048303063,0.048946573,0.049621963,0.048973747,0.049080945,0.04778482,0.057136035,0.058370584,0.060100984,0.061180711,0.059731394,0.058945569,0.058961842,0.059485618,0.00061473,3.46E-05,0.004611633,0.000677061,0.003377071,0.000339977,0,-0.33795587,0.021393722,0.01707752,0.013407097,0.007843429,0.002133375,0.000403957,0.028869491,0.02085697,0.014576647,0.006430003,0.000839391,6.18E-05,0.03641997,0.015136711,0.023758782,0.007548021,0.010049312,0.001048014,0.03982533,0.96474504,0.066414066,0.06198247,0.057755366,0.049933776,0.036823902,0.026724152,0.019036718,0.009025684,0,-0.54769201
1,154,0,-0.85740768,0,0.060809479,0,-0.32185425,0,-0.059861487,0,-0.26158704,0,0.74132821,0,0.037343559,0,-0.3895159,0,-0.30231296,0,-0.12595743,0,0.065495506,0,-0.1321186,0.044909619,0.06522937,0.16210075,0.15640773,0.15080255,0.13987821,0.11925419,0.10040526,0.21050434,0.19936281,0.18848796,0.16757905,0.12926589,0.096644,0.09447842,0.08808873,0.081896685,0.0701102,0.04916266,0.0319755,0.048021164,0.0410266,0.0346152,0.023686172,0.00934235,0.002844632,0.08435602,0.06964619,0.05619795,0.034296885,0.009796732,0.001741238,0.020418052,0.016248785,0.012740076,0.007534864,0.002199577,0.000548982,0.027322046,0.019931456,0.014222023,0.006802677,0.001132125,0.000158915,0.061509714,0.05495989,0.04879353,0.037674572,0.020879632,0.010449322,0.10566976,0.09169769,0.078647286,0.055854604,0.024974462,0.009305404,0.01991652,0.015811954,0.012340852,0.007164012,0.002092394,0.000400779,0.025153793,0.017837288,0.012258481,0.005210896,0.000614084,4.74E-05,0.021045255,0.01685703,0.013301097,0.007870919,0.002236838,0.000408462,0.027838292,0.020299722,0.014388405,0.006551194,0.000902852,5.03E-05,0.02120338,0.017016124,0.013418664,0.007943863,0.002216665,0.000381464,0.02704303,0.01960931,0.013774266,0.006278857,0.000955449,8.91E-05,0.050888192,0.043832317,0.037362315,0.02617037,0.010924417,0.003740001,0.09202812,0.07701084,0.06319079,0.039961666,0.012302277,0.002629228,0.09095956,0.084753945,0.07870403,0.06717768,0.046726655,0.03031606,0.08978306,0.083244435,0.076921396,0.06482933,0.043570653,0.026678812,0.052623572,0.053040412,0.053321184,0.053937307,0.054577609,0.053814649,0.053833424,0.052205508,0.047464047,0.047861856,0.048152722,0.048805579,0.049488447,0.048800141,0.04893712,0.047654031,0.056991003,0.058323796,0.060024525,0.061094821,0.059560773,0.058795084,0.058824751,0.059365891,0.000671456,3.72E-05,0.004656068,0.000660976,0.003251503,0.000346269,0,-0.11050879,0.02156657,0.017222602,0.013525795,0.007925057,0.00213928,0.000414484,0.02884257,0.020837277,0.014601235,0.006487349,0.000876812,5.59E-05,0.08335791,0.054853316,0.017985307,0.004494231,0.01453173,0.002403,0.01,0.96727353,0.067055516,0.062663496,0.058458332,0.050717928,0.03759068,0.027232569,0.019374613,0.009326259,0,-0.67803863
1,155,0,2.7571418,0,-0.024754162,0,0.014681457,0,-0.020220635,0,0.3516019,0,-0.093171358,0,0.71374871,0,0.030750733,0,0.072181792,0,0.15359097,0,0.06293091,0,0.2336516,0.043510356,0.06266563,0.15094644,0.14518267,0.13950828,0.12847315,0.1077527,0.08901585,0.19848657,0.18716532,0.17613225,0.15509158,0.11684442,0.08473718,0.10596517,0.0997904,0.09377263,0.082268395,0.061472706,0.043739334,0.045956608,0.039099645,0.032846577,0.022270009,0.008593366,0.002550661,0.08014431,0.065696225,0.05260782,0.031587556,0.00872442,0.001446878,0.020437928,0.016269552,0.012745802,0.007538735,0.002211372,0.000552641,0.027508687,0.020061092,0.014329834,0.006823484,0.001134143,0.000160024,0.059760723,0.05329363,0.047226023,0.03630648,0.019949526,0.009885307,0.10199107,0.08817057,0.07535308,0.053064488,0.023347514,0.008559505,0.01996351,0.015846357,0.012368627,0.00717697,0.002098447,0.00040232,0.025287205,0.017931627,0.012332738,0.005260817,0.000627026,4.68E-05,0.021084951,0.016876383,0.013317533,0.007867347,0.002229891,0.000399301,0.027972361,0.02040036,0.014451738,0.006572221,0.000903851,4.71E-05,0.021225065,0.017017046,0.013416639,0.007948794,0.002195814,0.000374215,0.027180044,0.019704018,0.013835243,0.006306244,0.000949519,8.37E-05,0.0489794,0.04205495,0.035720646,0.024814134,0.010146216,0.003412129,0.088021524,0.073230706,0.059693355,0.03725179,0.011073981,0.002265678,0.0952386,0.089108594,0.083160214,0.07179764,0.05142106,0.034795426,0.08258102,0.075992666,0.06962915,0.057532053,0.03663593,0.020687457,0.052643062,0.053085069,0.05336516,0.05399512,0.054643254,0.053839379,0.053884403,0.052256996,0.044755376,0.04516803,0.045463499,0.046149421,0.046862487,0.046172891,0.046398244,0.045297444,0.054273707,0.055716209,0.057411972,0.058496797,0.056895314,0.056189811,0.056276526,0.056916195,0.000590253,3.36E-05,0.00435387,0.000597238,0.002987665,0.000311835,0,-0.096169278,0.021590743,0.01723737,0.013535583,0.00792995,0.002141792,0.000413316,0.028995972,0.020945137,0.014669057,0.006508797,0.000873675,5.74E-05,0.07223277,0.044942617,0.021861967,0.006574442,0.009929583,0.001059202,0.01,0.98145705,0.06712506,0.062716044,0.058500625,0.050746184,0.037535567,0.027213078,0.019365579,0.00930563,0,0.59629436
1,156,0,1.3312381,0,0.2015179,0,0.27136929,0,-0.02851397,0,0.1404977,0,0.039934336,0,-0.16627229,0,0.084398939,0,0.0770441,0,0.11857715,0,0.059702568,0,0.083983152,0.041020287,0.05943996,0.14004594,0.13423958,0.12851416,0.11739079,0.096645735,0.078105,0.18631299,0.17483333,0.16373008,0.14257292,0.1045742,0.07314032,0.10488067,0.09874742,0.09277159,0.08136838,0.06077482,0.0432174,0.043447465,0.03677253,0.030716863,0.020592503,0.007735213,0.002224215,0.07499529,0.060895387,0.048309386,0.028422497,0.007511296,0.001130016,0.02051549,0.016327683,0.012805169,0.007578953,0.002235497,0.000550663,0.027711347,0.020228608,0.014445811,0.006853447,0.001136116,0.000161036,0.0575761,0.05122548,0.045267597,0.03462684,0.018791972,0.009184618,0.09738291,0.08377266,0.071251996,0.04965665,0.021382986,0.007715295,0.020015843,0.015887165,0.012398361,0.007186668,0.002104865,0.000403744,0.025450295,0.01805313,0.012418706,0.005312015,0.000640705,4.65E-05,0.021143023,0.016912274,0.013342596,0.007871448,0.00222711,0.000394198,0.028148338,0.020528652,0.014533406,0.006602541,0.000907207,4.37E-05,0.021257563,0.017029688,0.013423111,0.007960976,0.002178559,0.000367444,0.027353251,0.019832818,0.013919952,0.006343299,0.000946343,7.90E-05,0.046622396,0.039861474,0.03371352,0.02317623,0.009226053,0.003027007,0.08303585,0.06855771,0.05542163,0.033984076,0.009669045,0.00185814,0.09404717,0.0879631,0.08206298,0.070794314,0.050639607,0.034232255,0.08255859,0.076074064,0.06976934,0.057823207,0.037205867,0.021386862,0.052651379,0.053123809,0.053405622,0.054051122,0.054707693,0.053862862,0.053934938,0.052308287,0.04134682,0.041776782,0.042080642,0.042806019,0.043555421,0.042874539,0.0432044,0.042331527,0.050852952,0.052408998,0.054106469,0.055212547,0.05354691,0.052915392,0.053073836,0.053840269,0.000505445,2.92E-05,0.003994183,0.000523523,0.002680296,0.000267957,0,0.060345311,0.021627676,0.017263308,0.013557771,0.007940828,0.002146546,0.000412653,0.02918843,0.021082232,0.01475751,0.006539996,0.000871884,5.88E-05,0.061742626,0.035891898,0.021495173,0.006480339,0.0105664,0.001265237,0.60117507,0.6355212,0.06723164,0.06280823,0.058572978,0.050790325,0.037516423,0.027203294,0.019383445,0.00928208,0,-0.08449626
1,157,0,1.9126759,0,0.12391167,0,0.074511199,0,-0.26808935,0,0.67254999,0,-0.12592792,0,0.15178527,0,0.27810864,0,0.15038153,0,0.13437704,0,0.05780038,0,0.29184923,0.037576249,0.057544414,0.11028387,0.1042226,0.09829946,0.08687612,0.06604219,0.048346274,0.15758903,0.1456175,0.1340823,0.11241795,0.07481833,0.0453096,0.10851785,0.10244586,0.09653963,0.085250154,0.064757496,0.047122214,0.04133728,0.034830526,0.02893713,0.019183442,0.007020023,0.001966098,0.071048185,0.057264227,0.045115825,0.026117772,0.006666767,0.000915579,0.020632414,0.016446264,0.012940059,0.007665723,0.002362474,0.000542475,0.028011689,0.020460812,0.014589936,0.006872096,0.001107509,0.000130498,0.05619761,0.049935956,0.044052225,0.0336138,0.018048942,0.008720173,0.09458118,0.08111041,0.0687372,0.04776515,0.02030344,0.007338007,0.019985199,0.015862899,0.012390547,0.007148778,0.002066638,0.000403375,0.025521684,0.018133534,0.012462728,0.005353319,0.000660851,4.29E-05,0.02115747,0.016924558,0.013346332,0.007848915,0.002194359,0.000379096,0.028256515,0.020607213,0.014561837,0.00659084,0.0009008,3.64E-05,0.02116851,0.016929617,0.013361186,0.007922793,0.002111929,0.000349938,0.0274628,0.019953754,0.013992643,0.006324203,0.000921012,6.10E-05,0.045251455,0.03856089,0.03248417,0.022191014,0.008635911,0.002757792,0.08011708,0.0658213,0.05297218,0.03212638,0.008848417,0.001610676,0.091904856,0.0858313,0.07994868,0.068713106,0.048726846,0.032551516,0.079338886,0.07285463,0.06655426,0.054665,0.034314245,0.019000696,0.052683018,0.053160986,0.053454461,0.054111912,0.05471029,0.053889093,0.053987218,0.052360599,0.03938444,0.039812296,0.040131507,0.04088267,0.041590857,0.040962077,0.041362865,0.040622321,0.049023661,0.050554683,0.052237104,0.053237064,0.051598806,0.051021252,0.051228314,0.052077561,0.000441779,2.55E-05,0.003770828,0.000496039,0.002597348,0.000241585,0,-0.006264212,0.021558441,0.017208455,0.013509743,0.007902949,0.002148913,0.00040688,0.029316727,0.021178978,0.014801188,0.006528386,0.000852161,6.26E-05,0.03367201,0.013465357,0.020133445,0.005804497,0.008845192,0.000884568,0.7401359,0.6410494,0.066927835,0.062463094,0.058203176,0.05031989,0.037107848,0.026929174,0.019184044,0.009095229,0,0.42294749
1,158,0,0.9803792,0,0.086918758,0,0.2665147,0,0.28801366,0,0.35528085,0,1.6104206,0,-0.014718931,0,0.61874876,0,0.19493829,0,0.20126027,0,0.057284366,0,0.15403454,0.03601191,0.057031825,0.08529193,0.07899657,0.07287035,0.06122112,0.04093784,0.0248608,0.13493699,0.12254576,0.11066961,0.08844889,0.051462498,0.025319174,0.09719765,0.09102052,0.085020214,0.07359492,0.053178903,0.036171008,0.03987921,0.033481937,0.027713344,0.018212786,0.006545707,0.001793434,0.06878807,0.055223774,0.04332704,0.024861531,0.006212567,0.000809048,0.020614391,0.016439388,0.012937991,0.007668198,0.002344496,0.000513177,0.027996823,0.02035519,0.014486074,0.006777459,0.00102331,0.000125023,0.05570034,0.04940902,0.04358264,0.03327262,0.017741438,0.008527085,0.09368166,0.08025563,0.06802618,0.047322396,0.020032024,0.007271852,0.019973503,0.015854416,0.012369766,0.007141956,0.002026686,0.000433594,0.025566299,0.018204223,0.012539574,0.005435681,0.00066549,3.53E-05,0.02123512,0.017001523,0.013395772,0.007929514,0.002176532,0.000364552,0.028325675,0.020663247,0.014566325,0.00661546,0.000886681,3.01E-05,0.021068225,0.01688011,0.013324705,0.007872261,0.00206018,0.000357744,0.02755336,0.020048391,0.014095431,0.006294217,0.00090352,4.65E-05,0.044881683,0.038181677,0.032089103,0.021827588,0.008423616,0.002618003,0.07923461,0.06504132,0.052323584,0.03162303,0.008561518,0.001483048,0.07332602,0.06707883,0.061039276,0.049650263,0.030555364,0.016581867,0.08181168,0.07537154,0.069107026,0.057257716,0.036857914,0.021222077,0.052740352,0.053209899,0.053511504,0.054177769,0.054711725,0.053918234,0.054041326,0.052413963,0.038892966,0.039310497,0.039638777,0.040402482,0.041051604,0.040458051,0.040895908,0.040190979,0.048682139,0.05016977,0.051823005,0.052693679,0.051081355,0.050533482,0.050762511,0.051644039,0.000403889,2.26E-05,0.003685116,0.000519261,0.002605558,0.000217489,0,0.35073333,0.02144833,0.017109694,0.013422241,0.007851228,0.002153441,0.000401622,0.029365478,0.0212192,0.014819114,0.006517191,0.000829765,6.57E-05,0.013283719,0.001956852,0.007613511,0.000902374,0.010517976,0.001288442,0.86237055,0.6672674,0.06626369,0.061808717,0.05756128,0.0497411,0.036719915,0.026556361,0.018731836,0.008792459,0,0.1849952
1,159,0,-0.73364631,0,-0.74721279,0,-0.24076422,0,-0.21550233,0,-0.18064169,0,-0.30520489,0,0.032172302,0,-0.19372457,0,-0.25515687,0,-0.060893652,0,0.05603081,0,-0.35852818,0.035243127,0.05578388,0.11553989,0.10955011,0.10369956,0.092352964,0.07161609,0.05377012,0.1612805,0.1494327,0.13806275,0.11663075,0.07916202,0.04944453,0.1128647,0.10686731,0.10102775,0.0898499,0.06943987,0.05172472,0.04039127,0.033960845,0.028157169,0.018589081,0.006734808,0.001864706,0.06887058,0.055273622,0.043362528,0.02486875,0.006214553,0.000814673,0.02064955,0.01644194,0.012927958,0.007675938,0.002342719,0.000553621,0.028077703,0.020518629,0.014635592,0.006909614,0.001122327,0.000137131,0.055139568,0.048928145,0.04309735,0.032792747,0.017531745,0.008422021,0.09222886,0.07891756,0.06668278,0.046072967,0.019351715,0.006916618,0.020033473,0.015901253,0.012414228,0.007172291,0.002084317,0.000402718,0.025616286,0.018193807,0.012504898,0.005370013,0.000661514,4.42E-05,0.021192994,0.016955271,0.013364848,0.007864537,0.002203649,0.000382304,0.028346736,0.020676311,0.014608922,0.006617969,0.000906396,3.77E-05,0.021226356,0.016987273,0.013401648,0.00795235,0.002132288,0.000350152,0.027551623,0.020008428,0.014030088,0.006358446,0.000930587,6.52E-05,0.044080634,0.037486136,0.03152851,0.021420801,0.008261099,0.00262599,0.077600345,0.063478075,0.050859254,0.03053108,0.008243375,0.001463381,0.08191387,0.0757765,0.06984037,0.058531422,0.03906333,0.023890808,0.0808421,0.07441655,0.06816812,0.056365184,0.036095332,0.020632759,0.05278488,0.05325287,0.053565037,0.054241786,0.054711284,0.053946137,0.054095008,0.052466987,0.037621698,0.038032724,0.038373981,0.039157197,0.039753608,0.039206857,0.039699847,0.039081434,0.047557365,0.049005675,0.050637129,0.05138466,0.049804149,0.049300066,0.049566061,0.050508333,0.000418369,2.47E-05,0.003614401,0.000460132,0.002430463,0.000228286,0,-0.23176717,0.021620188,0.01725618,0.013550338,0.007928235,0.002151018,0.000408794,0.02941155,0.021245362,0.014851619,0.006556828,0.000860019,6.20E-05,0.038737983,0.01730113,0.013111247,0.002647984,0.010107947,0.001202346,0.6689462,0.43401366,0.067154884,0.06269399,0.058434594,0.050524928,0.03726514,0.027046056,0.019290462,0.009153491,0,-0.53296296
1,160,0,-0.26537791,0,2.4735249,0,-0.069626224,0,0.029709557,0,-0.19816575,0,-0.49325806,0,-0.26630064,0,0.02774544,0,0.016240062,0,0.043010582,0,0.049949504,0,0.1788482,0.030788514,0.04972083,0.12120241,0.11534689,0.10958364,0.09845734,0.078024626,0.0602052,0.16264342,0.15110236,0.13999239,0.11901886,0.08223902,0.05281081,0.09040119,0.08428805,0.0783771,0.067147516,0.047302164,0.031070078,0.03659591,0.030492198,0.025067788,0.016242513,0.005629823,0.00148987,0.06064905,0.047870617,0.03694122,0.020411821,0.004657901,0.000524156,0.020749347,0.016512716,0.012961042,0.007668429,0.00228928,0.000548188,0.028332153,0.02070005,0.014771896,0.006975507,0.001136995,0.000155922,0.051292665,0.04527227,0.03968915,0.02987502,0.015673522,0.007355257,0.08390802,0.07113754,0.059498835,0.04038308,0.016222106,0.005635561,0.020181196,0.016018445,0.012503505,0.007233622,0.002113694,0.000405931,0.025941502,0.01840762,0.012656984,0.005429654,0.000665773,4.62E-05,0.021329073,0.017059276,0.013449049,0.007918157,0.002228904,0.000389734,0.028690653,0.020926524,0.014795534,0.00670838,0.000920818,4.03E-05,0.02139991,0.017131573,0.013506106,0.008015017,0.002169127,0.000359305,0.027883511,0.020233171,0.014193413,0.006453222,0.000950391,7.27E-05,0.039952848,0.033730567,0.028119199,0.018723069,0.006949605,0.002153891,0.068732835,0.055345003,0.043610543,0.025250671,0.006289511,0.000980296,0.087727174,0.08176439,0.07598642,0.064977504,0.045605093,0.030042619,0.08286333,0.07658428,0.07049137,0.058991566,0.03907673,0.023552781,0.052756538,0.053263209,0.053601931,0.05430223,0.054699719,0.053971943,0.054154169,0.052528226,0.031259485,0.031684811,0.032064075,0.032914388,0.033492709,0.033072978,0.033741058,0.033542951,0.041347479,0.042772127,0.04442437,0.045067563,0.04356289,0.043200586,0.043609227,0.044813673,0.000330271,2.18E-05,0.003091309,0.000370168,0.00191826,0.000172895,0,-0.19074449,0.021785734,0.017384667,0.01365507,0.007993455,0.002163685,0.000412555,0.02976068,0.021495018,0.015034554,0.006648488,0.000877555,6.15E-05,0.044976886,0.022455897,0.018290047,0.005077213,0.012578759,0.002026062,0.60855085,0.6834192,0.067706086,0.063221656,0.058942627,0.05103349,0.037642922,0.027325429,0.019482115,0.009275486,0,-0.44956931
1,161,0,-0.75152556,0,2.0686263,0,-0.3551933,0,-0.11439249,0,-0.007735105,0,1.8416612,0,1.5651278,0,-0.22922245,0,-0.24670092,0,-0.21053751,0,0.0506786,0,-0.10650542,0.029712603,0.050450206,0.15100423,0.14534457,0.13978276,0.12898332,0.10869589,0.09037276,0.19133347,0.18024328,0.16947418,0.14881322,0.11170427,0.080759555,0.07665169,0.07035034,0.064297214,0.052953232,0.03353519,0.018761091,0.037745036,0.031546194,0.026003845,0.016983878,0.005974994,0.001607185,0.062664375,0.049638733,0.038459186,0.021441935,0.005009818,0.000591654,0.020690624,0.016472245,0.01291757,0.007632214,0.002234395,0.000558102,0.028160257,0.02054407,0.014665164,0.007012606,0.001164267,0.000162311,0.05187095,0.045821656,0.0401933,0.030262405,0.015973026,0.007575131,0.08500755,0.07218054,0.06044911,0.041098315,0.016610434,0.005697673,0.020203143,0.016038269,0.01251726,0.007265142,0.002122777,0.000406946,0.025896817,0.018363424,0.012622237,0.005369974,0.000633912,4.86E-05,0.021344991,0.017093072,0.01348792,0.007976723,0.002264861,0.000411216,0.02865683,0.020897038,0.014808253,0.006739226,0.000927181,5.08E-05,0.021501191,0.017250484,0.013602264,0.008052969,0.002240914,0.000384558,0.027840728,0.020185292,0.014176516,0.006461175,0.00098034,9.01E-05,0.04056444,0.034298483,0.028642125,0.01914767,0.007219094,0.002244415,0.06991795,0.056394827,0.0444809,0.02591816,0.006597832,0.00108751,0.07484661,0.06875138,0.06285944,0.05173351,0.03300685,0.018951494,0.07908447,0.0727392,0.06659262,0.05502121,0.035226118,0.02018391,0.052837005,0.053324228,0.053667449,0.054373892,0.054705305,0.054003992,0.054210716,0.052582921,0.032083893,0.03249295,0.032875238,0.033726427,0.034233762,0.033829374,0.034504816,0.034255857,0.042326913,0.043701882,0.045312438,0.04581239,0.04432488,0.043969828,0.044374878,0.045561979,0.000359438,2.32E-05,0.00317528,0.000389424,0.001894013,0.000176518,0,0.048446972,0.021869525,0.017462388,0.013712713,0.008033077,0.002167952,0.000419357,0.029693434,0.021449275,0.015026525,0.006672637,0.000899634,5.78E-05,0.073908865,0.047006845,0.009510187,0.001516668,0.009931597,0.001234527,0.41532156,0.87562776,0.0679964,0.063537315,0.059271023,0.05141867,0.038087454,0.027595626,0.019631997,0.009443535,0,-0.41106626
1,162,0,-0.97786796,0,0.62476502,0,-0.26273051,0,-0.36076707,0,-0.019644156,0,-0.52215979,0,-0.46899907,0,-0.35998731,0,-0.34061589,0,-0.3488728,0,0.052103154,0,-0.30852593,0.02908208,0.05187275,0.21106108,0.2057897,0.20060587,0.19048516,0.17113708,0.15299065,0.24960104,0.23927891,0.22919765,0.20968565,0.17359245,0.14141941,0.07673963,0.07039507,0.064303935,0.052889634,0.033370007,0.018534802,0.039618634,0.033265546,0.027545495,0.018203618,0.006559006,0.001810988,0.06605904,0.0526781,0.04109731,0.023265468,0.005649784,0.000739119,0.020711148,0.016523464,0.013011437,0.007659009,0.00219148,0.000549601,0.027975647,0.020357486,0.014532172,0.006961613,0.001273969,0.000189081,0.052738443,0.046623435,0.0409133,0.030887833,0.016511105,0.007914985,0.086871356,0.07398439,0.06225068,0.042471975,0.017365254,0.005957059,0.020251637,0.016094424,0.012570107,0.007296438,0.0020847,0.00039221,0.025825739,0.018341446,0.012567571,0.005287945,0.00060375,4.76E-05,0.021441232,0.017219622,0.01358151,0.008110088,0.00233441,0.000458602,0.028601674,0.020914417,0.014838476,0.006796083,0.000960682,6.70E-05,0.021639135,0.01741093,0.013754893,0.008146635,0.002347373,0.000423063,0.027793253,0.020167839,0.014209752,0.00649282,0.001031632,0.000116563,0.041693263,0.035336554,0.029584635,0.019924559,0.007676366,0.002397656,0.0721125,0.058362417,0.046237223,0.027221179,0.007109352,0.001259457,0.08107781,0.0750058,0.06913176,0.057977427,0.038789343,0.023841461,0.082704835,0.07638369,0.0702395,0.058626316,0.038569823,0.022993388,0.052915571,0.053380727,0.053725033,0.054434111,0.054711819,0.054031483,0.054257075,0.052627301,0.033631599,0.034024488,0.034405105,0.035248764,0.035691,0.035286365,0.035947443,0.035599628,0.044004208,0.045335176,0.046903549,0.047281372,0.04580075,0.045434647,0.045818644,0.046957042,0.00040869,2.58E-05,0.00342028,0.000455342,0.001935247,0.000187788,0,-0.32708429,0.022000326,0.017606977,0.013835873,0.008118378,0.00218792,0.000430693,0.029557811,0.021398988,0.015017199,0.006713698,0.000936343,5.55E-05,0.13599648,0.1055813,0.013192598,0.002758187,0.012061635,0.001818568,0.16334379,0.9066461,0.068343855,0.063882776,0.059625264,0.051799122,0.038673293,0.027994141,0.019881615,0.00965092,0,-0.72973562
1,163,0,1.3955017,0,-0.21212238,0,0.2029712,0,0.06806798,0,0.032924201,0,-0.17677667,0,-0.23107034,0,0.21328903,0,0.030469805,0,0.045129342,0,0.05308539,0,0.084120013,0.030976725,0.052855108,0.1619967,0.15640847,0.15090814,0.1401893,0.11995441,0.10150657,0.20331879,0.19234066,0.18165076,0.16103837,0.12378993,0.09228955,0.081350654,0.07505744,0.06898562,0.057561286,0.03776804,0.022270508,0.039608985,0.033252873,0.027532855,0.018162264,0.00653202,0.001800072,0.066462755,0.053046692,0.04141925,0.023493525,0.00572664,0.000730133,0.020635879,0.016422193,0.012886986,0.007609253,0.002215754,0.000555768,0.027966876,0.02040984,0.01457105,0.006983543,0.001175108,0.000167959,0.053488832,0.047342423,0.04161432,0.03144355,0.016776135,0.008048194,0.088418186,0.07534994,0.06342777,0.043411363,0.017865345,0.006172136,0.02015948,0.016005581,0.012489255,0.007251583,0.002114066,0.000403271,0.025765106,0.018270832,0.012552059,0.005321181,0.000623622,4.91E-05,0.021308452,0.017073656,0.013469822,0.00798018,0.002271624,0.000419797,0.02852343,0.020798435,0.014745898,0.00671961,0.000928763,5.36E-05,0.021480659,0.017245173,0.013603904,0.008047435,0.00226161,0.000391194,0.027704818,0.020088142,0.014114464,0.006433632,0.000984668,9.50E-05,0.042295486,0.03588746,0.03009374,0.02028504,0.007804147,0.002463134,0.073570095,0.059739895,0.047447566,0.028077433,0.007391537,0.001294341,0.08848781,0.08247021,0.07663751,0.06551781,0.045919765,0.030180676,0.091683626,0.085437946,0.07936324,0.06781723,0.047377914,0.03082665,0.05301576,0.053455524,0.053805409,0.054520952,0.054719182,0.054070823,0.054325557,0.052693439,0.034735964,0.035107844,0.035492111,0.036335107,0.036690765,0.036303285,0.036970519,0.03655406,0.045294998,0.046566367,0.048083003,0.04828875,0.046827451,0.04646746,0.046844905,0.047958751,0.000404113,2.52E-05,0.003399116,0.000427061,0.00206014,0.000200372,0,0.10328523,0.021842357,0.017445065,0.013702706,0.008028713,0.002166064,0.000420474,0.02953802,0.021341154,0.014957725,0.006650012,0.00090273,5.64E-05,0.084768355,0.056696787,0.018292097,0.00498774,0.018386383,0.004346848,0.13277146,0.8961012,0.06791464,0.063469075,0.05921729,0.05138106,0.03813304,0.027609045,0.019636592,0.009462981,0,0.64449542
1,164,0,5.2441186,0,0.60279663,0,0.24888812,0,-0.045927095,0,0.51213745,0,-0.41485418,0,1.13313,0,0.15586005,0,0.004380334,0,0.13424996,0,0.05469493,0,0.24097145,0.031909855,0.05446274,0.15954992,0.15392034,0.148386,0.1376137,0.11728977,0.098799154,0.20192778,0.19088724,0.18014297,0.15946165,0.12201477,0.09044149,0.079214975,0.07283157,0.06669781,0.055174246,0.035355344,0.020063449,0.040686756,0.034243565,0.028420657,0.01884235,0.006863125,0.001914138,0.06876009,0.055133473,0.043238103,0.024778478,0.006183134,0.000826837,0.020615675,0.01640345,0.012859288,0.007598417,0.002214605,0.000552516,0.02787727,0.020344164,0.014515337,0.006951273,0.001158668,0.000162382,0.054573506,0.04836727,0.042587373,0.032266524,0.017307116,0.008350413,0.09073441,0.077499166,0.065430276,0.0449871,0.018742142,0.006541442,0.020121932,0.015974596,0.012466171,0.007237124,0.002111499,0.000403452,0.025680589,0.018209852,0.012511042,0.005310847,0.000623989,4.88E-05,0.021266975,0.017037844,0.013442411,0.007959249,0.002263575,0.000415932,0.028426351,0.02072726,0.014693339,0.006692297,0.000923587,5.24E-05,0.021432858,0.017203769,0.013568418,0.008029256,0.00224869,0.000387898,0.027612463,0.02002152,0.014065569,0.00641121,0.000978529,9.29E-05,0.043434143,0.036934976,0.031050395,0.021031674,0.008174388,0.002610136,0.07601048,0.061999574,0.049465638,0.029552469,0.007937564,0.001432903,0.099550426,0.093613654,0.0878537,0.076796435,0.056781974,0.04020562,0.07948127,0.07306016,0.06682234,0.055060036,0.034926586,0.01969074,0.053111467,0.053525212,0.053876794,0.0545966,0.05472759,0.054105179,0.054383875,0.052749196,0.036491035,0.036843332,0.03722605,0.038061851,0.038337133,0.037951708,0.038605326,0.038076679,0.047212055,0.048428965,0.049895244,0.049950887,0.04849855,0.048128051,0.048483304,0.049545069,0.000431732,2.64E-05,0.003547892,0.000450373,0.002199167,0.000218111,0,0.021225774,0.02179719,0.017407428,0.013671732,0.008010508,0.002161452,0.000419146,0.029444108,0.021272006,0.014907246,0.006624999,0.00089726,5.66E-05,0.08204912,0.054142836,0.026825836,0.009783189,0.009436012,0.001053582,0.34766752,0.93668073,0.06777292,0.06333605,0.05908778,0.051266104,0.038023327,0.027536072,0.019586978,0.009432859,0,0.84421837
1,165,0,-0.26170459,0,-0.14161057,0,-0.002406627,0,0.093213474,0,-0.19987991,0,0.88717179,0,0.27079772,0,0.081057923,0,-0.074118813,0,-0.09548651,0,0.055756196,0,-0.075479699,0.034067785,0.055523653,0.15609194,0.15042475,0.14484952,0.1340142,0.11360753,0.09508913,0.1992489,0.18814626,0.1773395,0.15659516,0.11898929,0.087417886,0.082668886,0.076323085,0.070199296,0.058662146,0.038625296,0.022865204,0.041382797,0.034880597,0.028995996,0.01928104,0.007080289,0.001989599,0.07025385,0.05650355,0.04443671,0.02562949,0.006487979,0.000892668,0.02060048,0.016394239,0.012850896,0.007595392,0.002216082,0.000553471,0.027841153,0.0203116,0.014492795,0.006925822,0.001152284,0.000161692,0.05530462,0.049061738,0.043243825,0.032832645,0.017668271,0.008552384,0.0922947,0.07896026,0.06678734,0.046060476,0.019344872,0.00680498,0.02009806,0.015955538,0.012452703,0.007228251,0.002111264,0.000404393,0.02562553,0.018171184,0.012488002,0.005309124,0.000625824,4.82E-05,0.02123657,0.017009107,0.01342106,0.007940363,0.002255896,0.000411334,0.028360033,0.02067967,0.014656555,0.006672136,0.000919007,5.10E-05,0.021395164,0.017168706,0.013538409,0.008014595,0.002234638,0.000384232,0.027550517,0.01997629,0.014031204,0.006395361,0.000972424,9.04E-05,0.04420015,0.037640538,0.03169133,0.021539962,0.008423165,0.00271037,0.07764892,0.06352308,0.050838735,0.030564746,0.008317067,0.001529016,0.087019816,0.08092267,0.075032495,0.06378655,0.044079985,0.028373413,0.078503266,0.07204597,0.06577233,0.053952973,0.033772364,0.01863515,0.053199204,0.053589863,0.053945474,0.054670312,0.054734973,0.054138899,0.054441617,0.052804859,0.037668104,0.038001784,0.038386487,0.03921973,0.039420211,0.03904531,0.039698205,0.039095407,0.048546776,0.049712882,0.051133887,0.051044959,0.049605947,0.049235411,0.049580298,0.050612716,0.000449229,2.71E-05,0.003652609,0.000466972,0.002303909,0.00022964,0,0.040197655,0.021761414,0.017377349,0.013646683,0.00799513,0.002157752,0.000417813,0.02938298,0.021226324,0.014872419,0.006606286,0.000892132,5.70E-05,0.07836968,0.050761476,0.01670607,0.00415534,0.008629429,0.000859274,0.25720716,0.94432056,0.067660764,0.06322754,0.058983583,0.051171627,0.037920304,0.027471364,0.019543713,0.009405311,0,0.004977955
1,166,0,-0.29775974,0,0.014860923,0,0.049109564,0,0.027948725,0,0.11635127,0,-0.55591198,0,-0.43972165,0,-0.036608194,0,0.13020618,0,0.014119706,0,0.055900525,0,-0.1890664,0.035589752,0.055669945,0.15484391,0.14916408,0.14357878,0.13272157,0.11229258,0.0937711,0.1981593,0.18703023,0.17620687,0.15544167,0.11780484,0.08624959,0.08230554,0.07594609,0.06981336,0.058263976,0.038226705,0.022497144,0.041493565,0.034981813,0.029087897,0.019350206,0.007114507,0.002001493,0.070484854,0.056716643,0.04462412,0.025763242,0.006536034,0.000902894,0.020581508,0.016382596,0.012845182,0.007588517,0.00222006,0.000554337,0.027843216,0.020311851,0.014491944,0.006929707,0.001150988,0.000160536,0.055433147,0.049184628,0.043359865,0.0329347,0.01773249,0.008587566,0.09255694,0.0792084,0.06701643,0.046240345,0.019446895,0.006851336,0.020094136,0.01595206,0.012450228,0.007226611,0.002111358,0.000404707,0.025617253,0.018165566,0.01248586,0.005310984,0.000626676,4.81E-05,0.021230359,0.017002407,0.013416325,0.007935482,0.002253731,0.000409779,0.02834822,0.020672046,0.014649683,0.006667965,0.000917754,5.05E-05,0.021386653,0.017159777,0.013531082,0.008010904,0.002230701,0.000383089,0.02754029,0.019968191,0.014024749,0.006392324,0.000970616,8.96E-05,0.044334576,0.037763633,0.031802613,0.021629484,0.008464945,0.002727211,0.07792269,0.0637781,0.051070362,0.030735184,0.008382175,0.001544071,0.10049825,0.094541654,0.08877029,0.07768497,0.05758342,0.040899955,0.08698869,0.08064654,0.07446704,0.06271163,0.042219087,0.026010187,0.053270877,0.053647556,0.054009344,0.054741248,0.054740215,0.054171479,0.0544988,0.052860147,0.037875739,0.038196113,0.038586656,0.039425914,0.03956045,0.039210566,0.039884657,0.039271,0.048907805,0.050027196,0.051412085,0.051186267,0.049768687,0.049415954,0.049769508,0.05080888,0.000451971,2.72E-05,0.003671405,0.000469998,0.002323926,0.000231436,0,-0.058756203,0.021753225,0.017370166,0.013640693,0.007991385,0.002156898,0.000417416,0.029373253,0.021218818,0.014866084,0.006602469,0.000890753,5.71E-05,0.07707042,0.04958476,0.027396541,0.010095844,0.014324675,0.002521162,0.13932769,0.9731682,0.06763506,0.06320141,0.058958363,0.05114838,0.037893172,0.027454259,0.019532017,0.009397071,0,-0.18894425
1,167,0,0.84734407,0,-0.18240602,0,-0.008635399,0,-0.023242525,0,0.029687234,0,0.52281492,0,1.175118,0,0.090150702,0,0.41481344,0,0.17706675,0,0.055877715,0,-0.031023216,0.034669203,0.055649508,0.12215763,0.11622152,0.11041433,0.09913802,0.07840585,0.060325243,0.16744028,0.15571858,0.14444225,0.12313572,0.085550204,0.05537261,0.08700587,0.080725946,0.07463786,0.06313166,0.042949747,0.0267538,0.040768195,0.034309592,0.028471425,0.018839229,0.006855483,0.001908625,0.06939682,0.055748556,0.04377918,0.025162628,0.006320159,0.000840598,0.020634897,0.016421998,0.012899828,0.007642305,0.002304134,0.00055284,0.028023213,0.020468153,0.014599821,0.006896636,0.001131209,0.000152393,0.055356823,0.049120385,0.043283172,0.032944147,0.017641542,0.00849476,0.09252049,0.07919194,0.066936776,0.046234,0.019456668,0.00693411,0.02004898,0.015913218,0.012422722,0.007183522,0.002096686,0.000402957,0.025619492,0.018182913,0.012502364,0.005364933,0.000659,4.53E-05,0.021192212,0.016952606,0.013363795,0.007865722,0.002211315,0.000385483,0.028335921,0.020668974,0.014609282,0.006622368,0.000908756,3.90E-05,0.021251641,0.017011419,0.01341512,0.007961974,0.002148935,0.000354427,0.027540807,0.019988086,0.014019336,0.006368712,0.000935582,6.99E-05,0.044282883,0.03768201,0.031721238,0.021566762,0.008353084,0.002668576,0.07788218,0.06373642,0.051082388,0.030701242,0.008329336,0.001492429,0.09424901,0.088227674,0.08238917,0.07123538,0.051267516,0.03497265,0.078794934,0.072337106,0.06606153,0.05423352,0.034021482,0.01883384,0.053339317,0.053703471,0.054072444,0.054811776,0.054745578,0.054203794,0.054555931,0.052915586,0.037905967,0.038213793,0.038611522,0.039458339,0.039529015,0.039206231,0.039905639,0.039292829,0.049090449,0.05016449,0.051514891,0.051153893,0.049758824,0.04942726,0.049792939,0.050845909,0.000428317,2.54E-05,0.003645909,0.000462416,0.00242297,0.000231993,0,0.01811698,0.021640167,0.017269403,0.013563822,0.007939138,0.002150524,0.000409639,0.029396344,0.021233138,0.014849101,0.006563597,0.000864804,6.12E-05,0.04487266,0.022076696,0.022239748,0.007005426,0.008767109,0.000885442,0.05197373,0.9892217,0.06724496,0.06278741,0.058534626,0.050654165,0.03736357,0.027124593,0.019341407,0.009199412,0,-0.026696964
1,168,0,-0.44330012,0,0.60256832,0,-0.024902372,0,0.068648568,0,-0.35274071,0,-0.14975492,0,-0.62332278,0,-0.15316895,0,-0.25277664,0,-0.05929836,0,0.054052103,0,0.053956475,0.033799179,0.053830277,0.1256614,0.11978711,0.11401431,0.10282339,0.08218898,0.0640809,0.16955489,0.1579416,0.14676844,0.12563442,0.08823097,0.05805185,0.0717258,0.065223336,0.0589836,0.047377136,0.027997192,0.014004133,0.039670542,0.033304874,0.027570007,0.018154824,0.00652709,0.001792852,0.06698962,0.053550508,0.041855942,0.023805521,0.005838608,0.000736025,0.020656759,0.016439198,0.012897631,0.007624946,0.002270733,0.000545565,0.028068192,0.02050782,0.014635296,0.006912675,0.001131365,0.000157706,0.054218624,0.048035003,0.04227078,0.032066133,0.017082747,0.008172629,0.090040356,0.07687675,0.06477547,0.044500154,0.018486623,0.006522138,0.020095056,0.015950328,0.012449791,0.00720484,0.002107324,0.000405189,0.02571359,0.01824549,0.012545893,0.005382139,0.000659247,4.58E-05,0.021236,0.016983679,0.013390603,0.007885473,0.002221674,0.000389237,0.028438227,0.020741995,0.014667905,0.006652032,0.000913291,4.04E-05,0.021312969,0.017063053,0.013450736,0.00798176,0.002163644,0.000359177,0.027636318,0.02005296,0.014068202,0.006399261,0.000944225,7.32E-05,0.043051757,0.036559165,0.03070307,0.02074877,0.007950978,0.002521008,0.07523157,0.06128033,0.04886849,0.029063564,0.007710981,0.001338342,0.098870136,0.09293513,0.08717493,0.076124266,0.056146327,0.039626867,0.09477661,0.08854341,0.08248118,0.070923544,0.050334614,0.033474572,0.05337609,0.053743848,0.054124962,0.054876343,0.054746401,0.054233213,0.054611105,0.052970094,0.036029864,0.036334219,0.036747346,0.037619217,0.037644029,0.037376282,0.038143765,0.037656812,0.047355705,0.04839303,0.049727643,0.049245131,0.047889611,0.047615416,0.048031852,0.049170778,0.000401331,2.43E-05,0.003484821,0.000433212,0.002255414,0.000214381,0,-0.26433029,0.021694733,0.017312286,0.013598732,0.007961413,0.002154771,0.00041134,0.029497629,0.021305295,0.014903852,0.006593193,0.0008714,6.08E-05,0.048483245,0.02505872,0.026330676,0.009489431,0.020564485,0.005418724,0.60922974,0.6753447,0.06742883,0.062964916,0.05870539,0.050842922,0.037506647,0.027222624,0.019409306,0.009246751,0,-0.039978672
1,169,0,2.3368842,0,0.071354306,0,0.53461709,0,0.11605105,0,-0.004909802,0,-0.22659889,0,-0.76288497,0,0.34320164,0,0.13904603,0,0.33761423,0,0.054023653,0,0.45554391,0.033490804,0.05380414,0.10282318,0.0967429,0.09080645,0.07941584,0.058808573,0.041603535,0.14854571,0.13654791,0.12498476,0.1034366,0.066470034,0.03818632,0.072496794,0.06600444,0.059781495,0.04818367,0.028756551,0.014607704,0.038970023,0.032646026,0.026982537,0.017669287,0.006296173,0.001709309,0.065994784,0.052673128,0.041090474,0.023280755,0.005650164,0.00069314,0.020775286,0.016575282,0.013030723,0.007739232,0.002399406,0.000548222,0.028237585,0.020637853,0.01474193,0.0069439,0.001100782,0.00013021,0.054083627,0.047932293,0.04216911,0.03200993,0.016985359,0.008099962,0.089900665,0.07671206,0.06468022,0.04453351,0.01847868,0.006596556,0.02004615,0.015911033,0.012436565,0.007169308,0.002062144,0.000411376,0.02568984,0.018263038,0.01255233,0.00540057,0.000668095,4.33E-05,0.021224786,0.01697901,0.013392676,0.007876063,0.00219733,0.000377554,0.02844798,0.02074594,0.014656001,0.006633068,0.000903849,3.54E-05,0.021211766,0.016957166,0.013392247,0.007933706,0.002104466,0.000352236,0.027651764,0.020095771,0.014103335,0.006353737,0.000921344,5.74E-05,0.043017223,0.03647824,0.030581217,0.020683547,0.0078653,0.002454837,0.07515622,0.06122863,0.048881464,0.029057002,0.007632931,0.001287266,0.09664642,0.090685636,0.08490261,0.0738338,0.053903785,0.037523355,0.1266741,0.12074765,0.11496286,0.10377706,0.08303524,0.06467425,0.053417689,0.053800903,0.054188584,0.054947458,0.054752089,0.054266242,0.054668725,0.053025848,0.036027181,0.036346593,0.036766315,0.037645842,0.037606728,0.037366495,0.038159169,0.037673311,0.047532717,0.04852415,0.049824377,0.04920602,0.047873752,0.04762097,0.048049844,0.049202657,0.000383664,2.26E-05,0.003471032,0.000444788,0.002329127,0.000202703,0,0.084591263,0.021600885,0.017242458,0.013533346,0.007916345,0.002157308,0.000406582,0.02951318,0.021321254,0.01489754,0.006566098,0.000853113,6.37E-05,0.027732583,0.009412236,0.024491541,0.008371584,0.048879027,0.024948893,0.7630225,0.68693393,0.06702092,0.062523626,0.058249958,0.05036727,0.03713351,0.026946498,0.019155612,0.00907323,0,1.0962176
1,170,0,-0.57588501,0,-0.29032991,0,-0.096702209,0,-0.23184409,0,-0.48275157,0,1.6893814,0,-0.72636123,0,-0.15259063,0,-0.25588197,0,-0.19127046,0,0.05588043,0,-0.3147551,0.03410089,0.055658836,0.10948665,0.10343412,0.09752433,0.08612574,0.06536679,0.047757395,0.15587707,0.14393482,0.13242662,0.11085205,0.0734581,0.04421536,0.08347667,0.077137515,0.07101427,0.059469882,0.0393809,0.02352357,0.040448938,0.03401094,0.02820139,0.018616261,0.006746564,0.001868072,0.06901264,0.055406664,0.04347986,0.024953607,0.006244842,0.000819379,0.02065878,0.016467256,0.01295656,0.007675466,0.002365457,0.000543153,0.02808997,0.020517921,0.014630595,0.006891186,0.001110551,0.00013085,0.055348296,0.04913449,0.04329184,0.03296335,0.017625313,0.008470736,0.09260549,0.079260245,0.067014895,0.046380483,0.019514997,0.007010343,0.020010488,0.015882922,0.012406141,0.007157705,0.002069182,0.000403858,0.025592707,0.018183894,0.012497261,0.005368078,0.00066265,4.30E-05,0.02118431,0.01694598,0.013363184,0.007858771,0.002197075,0.000379557,0.028335245,0.020664528,0.01460226,0.006609058,0.000903253,3.65E-05,0.021195378,0.016951054,0.013378072,0.007932753,0.002114538,0.000350365,0.027539372,0.020009296,0.014031519,0.006341705,0.000923537,6.11E-05,0.044340454,0.037716307,0.031716857,0.021579757,0.008323269,0.002638543,0.0780222,0.06387072,0.051220473,0.03080335,0.00832769,0.001475407,0.07688347,0.070691526,0.06470808,0.053336956,0.034114167,0.019593129,0.13709459,0.1312298,0.12550431,0.11440135,0.0936297,0.07501427,0.053490327,0.053874399,0.054263529,0.055025809,0.054762771,0.054302638,0.054728773,0.053082955,0.038015623,0.038342947,0.038760626,0.039630332,0.03950738,0.039265621,0.040038925,0.039423459,0.049715488,0.050651847,0.051898916,0.051130305,0.049802921,0.049533176,0.049933843,0.051024393,0.000419313,2.45E-05,0.003645614,0.000471244,0.002474963,0.000227283,0,-0.20501966,0.021585662,0.017230103,0.01352667,0.007912762,0.002151527,0.000407353,0.029398123,0.021237602,0.01484203,0.006546235,0.000854442,6.28E-05,0.033188447,0.013163957,0.009811184,0.001521978,0.05868803,0.032919873,0.66906023,0.6061059,0.06701236,0.06254189,0.058276508,0.050383158,0.037154306,0.026962727,0.01920781,0.009106342,0,-0.3749391
1,171,0,1.0818199,0,0.61286464,0,0.30123446,0,-0.074279735,0,-0.078698201,0,0.54618688,0,0.038196478,0,0.20202642,0,0.18169208,0,0.11874769,0,0.056776557,0,-0.003323657,0.033927831,0.056555126,0.09073035,0.08448783,0.07841282,0.066820905,0.046323832,0.029771058,0.13968657,0.12738769,0.11559668,0.09344227,0.056345366,0.029261637,0.07569445,0.06917161,0.06291414,0.05119572,0.031385273,0.016565273,0.04025905,0.033831816,0.028029073,0.01846325,0.006666864,0.001836713,0.069234535,0.055625316,0.043678466,0.02510352,0.006299901,0.000827763,0.0206081,0.016466595,0.012939677,0.007683107,0.002394149,0.00053191,0.027931808,0.020365987,0.014510325,0.006809062,0.001033814,0.000128037,0.055820532,0.049535267,0.04368477,0.033357937,0.017808892,0.008558813,0.09376296,0.080329746,0.06806289,0.04733666,0.02003536,0.007270663,0.01997761,0.015854726,0.012385048,0.007132706,0.002035642,0.00042894,0.025560789,0.018190421,0.012527992,0.005420734,0.000666588,3.67E-05,0.021205718,0.016968345,0.013369212,0.007898284,0.002178392,0.000368733,0.028306702,0.02065139,0.014568357,0.006603655,0.000889241,3.16E-05,0.021094473,0.016880149,0.013317171,0.007882039,0.002068922,0.00035554,0.027538145,0.020024614,0.014068779,0.006291166,0.00090856,4.92E-05,0.044967536,0.03826363,0.032167967,0.021914365,0.008467118,0.002645848,0.079307884,0.0650955,0.052363195,0.031663753,0.008595772,0.001505797,0.06469222,0.058321156,0.05220626,0.040863667,0.022426227,0.010159517,0.13383713,0.1279369,0.12217142,0.11100743,0.090186685,0.07158332,0.053547148,0.053940016,0.054333144,0.055100786,0.054771405,0.054337732,0.054788012,0.053139639,0.038989348,0.039328638,0.039748581,0.040617283,0.040420668,0.04019213,0.040968829,0.040290137,0.050877049,0.051762892,0.052966302,0.052055457,0.05074187,0.050474529,0.050867728,0.051935174,0.000413119,2.33E-05,0.003703554,0.000510924,0.002600444,0.000217412,0,0.24644126,0.02147453,0.017134706,0.013443154,0.007863696,0.002154054,0.000402141,0.029359948,0.02121269,0.014816157,0.006520529,0.000833781,6.51E-05,0.017310917,0.003495298,0.003508826,0.000194973,0.055370525,0.030099727,0.79808396,0.7155443,0.06645081,0.061983183,0.057729494,0.04987434,0.036813237,0.02665819,0.018837834,0.008882857,0,-0.11806145
1,172,0,-0.76945251,0,-0.53687473,0,-0.3864288,0,0.085420294,0,-0.55027039,0,0.4530345,0,0.028658998,0,-0.17851766,0,-0.20813103,0,-0.25890105,0,0.05485274,0,-0.39802454,0.035859611,0.054637834,0.1125189,0.10650952,0.10064063,0.0892826,0.06857799,0.05087261,0.15804707,0.14618003,0.13476394,0.11331803,0.07599005,0.046595868,0.08996004,0.083725564,0.07769337,0.066245705,0.046062842,0.029651824,0.0398977,0.033504993,0.027748866,0.018272033,0.006583251,0.001810472,0.06780947,0.054309886,0.042516656,0.02427567,0.006003789,0.000767597,0.02069752,0.016486965,0.012971555,0.007685255,0.002346244,0.000549244,0.028177302,0.02058279,0.014691348,0.006926914,0.001124537,0.000134567,0.054729264,0.048544917,0.04273644,0.032487698,0.017326491,0.008299334,0.09129467,0.07804193,0.06587422,0.045444407,0.018991992,0.006779201,0.020036936,0.015904134,0.012417473,0.007170686,0.00207901,0.000403057,0.025644531,0.018216299,0.012519882,0.005376031,0.000663185,4.38E-05,0.021205368,0.016963974,0.013373516,0.007867998,0.002202038,0.000381263,0.028386174,0.0207029,0.014628906,0.006623746,0.000906646,3.73E-05,0.02122878,0.016984569,0.013401901,0.007949892,0.002126272,0.00034962,0.027589137,0.020040575,0.014051727,0.006361618,0.000929317,6.36E-05,0.04365544,0.03709037,0.031160725,0.021132365,0.008107098,0.002562425,0.07661759,0.06256686,0.05005168,0.029928,0.00800136,0.001397356,0.06022075,0.05382552,0.04774208,0.036525745,0.0187498,0.007586903,0.11949842,0.11349443,0.10764333,0.09634485,0.07554876,0.057346933,0.053553966,0.053980385,0.054386372,0.055165972,0.054773334,0.054368129,0.054844069,0.053194914,0.036979914,0.037344853,0.037781083,0.038675434,0.03843479,0.038262487,0.039109338,0.038563365,0.049035961,0.049886049,0.051074317,0.050041462,0.048769358,0.048561999,0.049008184,0.050165139,0.000406361,2.40E-05,0.00355533,0.000450992,0.00238398,0.00022018,0,-0.095509,0.021621725,0.017258313,0.01355087,0.007927569,0.002152748,0.00040852,0.029451543,0.02127484,0.014870244,0.00656192,0.000858957,6.24E-05,0.036079112,0.015329148,0.002200433,7.63E-05,0.041951533,0.019502517,0.55799955,0.5226829,0.06714655,0.06268114,0.05841361,0.050502915,0.037244864,0.027029837,0.019271726,0.009140576,0,-0.66494467
1,173,0,-0.60701688,0,0.32057111,0,-0.076373291,0,-0.35225067,0,-0.17762274,0,-0.41236173,0,1.287243,0,-0.20904881,0,-0.12020199,0,-0.070780981,0,0.05303645,0,-0.17593185,0.033776844,0.052828252,0.14058061,0.13480568,0.12914515,0.11814699,0.09764723,0.07932186,0.18309443,0.17176813,0.16081508,0.13993576,0.10253146,0.07169507,0.0823918,0.07610831,0.07003725,0.058606952,0.038749497,0.023123719,0.039426666,0.033086743,0.027376765,0.018023659,0.006466197,0.001774119,0.06636254,0.05296983,0.041349817,0.023446813,0.005711944,0.000717104,0.020640649,0.016426874,0.012879013,0.007625279,0.002247064,0.000556328,0.02802766,0.020452479,0.014615008,0.006962578,0.001158839,0.000164286,0.053692047,0.04754604,0.04181433,0.031653594,0.01684707,0.008057064,0.088962756,0.07584925,0.06384009,0.04373602,0.01805887,0.006310416,0.02013778,0.015983183,0.012474701,0.007233509,0.002117106,0.000405711,0.025754252,0.018264603,0.012564049,0.005367442,0.000644219,4.73E-05,0.021270597,0.017018013,0.013426715,0.007925689,0.002244294,0.000398868,0.028487025,0.020775216,0.014712073,0.006686954,0.000919088,4.59E-05,0.021398602,0.017148199,0.013516868,0.008013766,0.002201147,0.000373361,0.027682047,0.020066934,0.014086834,0.006420658,0.000961563,8.20E-05,0.042475324,0.036044993,0.0302373,0.020377161,0.007804143,0.00246804,0.07406539,0.06020556,0.047875885,0.028372206,0.007475633,0.001292282,0.07034458,0.06413991,0.05815383,0.046925582,0.028296044,0.014927666,0.087213196,0.08091934,0.07479691,0.06317244,0.042844467,0.026711686,0.053571625,0.054034199,0.054453423,0.055246726,0.054776942,0.054405809,0.054912189,0.053261721,0.035090922,0.03548431,0.035937019,0.036857898,0.036558789,0.036446546,0.037365633,0.036944419,0.047351836,0.048155865,0.04932146,0.048137223,0.046911242,0.046766922,0.047267203,0.048514263,0.000397456,2.45E-05,0.003422149,0.000425835,0.002141861,0.000205499,0,-0.091349094,0.021768332,0.017376618,0.013645302,0.007992716,0.00215936,0.000415783,0.029534465,0.02133194,0.014935046,0.006621297,0.000885221,5.90E-05,0.06309853,0.03735421,0.006572291,0.000722573,0.014987828,0.002831368,0.38020027,0.5898435,0.0676705,0.06322416,0.058966406,0.051138658,0.037794873,0.027402434,0.019513564,0.009359724,0,-0.40253496
1,174,0,1.4547081,0,-0.48220144,0,0.33172591,0,-0.15215643,0,-0.23044861,0,-0.57066737,0,-0.021569328,0,0.18319221,0,0.43266531,0,0.13208716,0,0.055044923,0,0.3665206,0.032728016,0.054834083,0.11709145,0.11111882,0.10528219,0.09396232,0.07324502,0.05535787,0.16244881,0.1506421,0.13930775,0.11793573,0.08048934,0.050702482,0.09656555,0.09040928,0.08443368,0.07305527,0.0527476,0.035847493,0.04019893,0.033784878,0.027999481,0.01847011,0.006677989,0.001844647,0.0684003,0.054843724,0.042984467,0.024602814,0.006119709,0.00079419,0.020659523,0.016449308,0.012927164,0.007665733,0.002334775,0.000550799,0.02809729,0.020524837,0.014626708,0.006905339,0.001135461,0.00014211,0.054914415,0.04871242,0.04289633,0.032619823,0.017423015,0.008360287,0.091707185,0.07843306,0.06622916,0.04569945,0.01914636,0.006823555,0.020047145,0.015912162,0.012422745,0.007178948,0.002089237,0.000402788,0.025640158,0.018207695,0.012515023,0.005373598,0.000661409,4.45E-05,0.021201009,0.016962206,0.013369575,0.007867875,0.002206371,0.000383259,0.028367272,0.020691957,0.014620068,0.006624586,0.000907742,3.80E-05,0.021241711,0.017000724,0.013411122,0.00795889,0.002138169,0.000351134,0.027572153,0.020019786,0.014038618,0.006366783,0.000932671,6.66E-05,0.043830626,0.03726001,0.03132792,0.021257684,0.00818359,0.002598976,0.07704122,0.06295771,0.050391328,0.030180756,0.008114247,0.001432654,0.08243244,0.07630513,0.070380196,0.059092928,0.039622337,0.024401234,0.08419817,0.07782478,0.07162092,0.059861638,0.03950925,0.0236321,0.05364064,0.05409877,0.054517585,0.055311819,0.05478797,0.054436813,0.054961739,0.053308308,0.037234856,0.037631643,0.038080167,0.038987743,0.038616413,0.038494975,0.039386333,0.038825045,0.049655687,0.050412894,0.051530109,0.050223628,0.048995026,0.048825006,0.049290348,0.050464467,0.000413806,2.45E-05,0.003582101,0.000453537,0.00239189,0.000225288,0,0.29899679,0.02163503,0.017267158,0.013559856,0.007934369,0.002151582,0.0004092,0.029432492,0.0212601,0.014863444,0.006564111,0.000862003,6.18E-05,0.040229626,0.018457811,0.013525852,0.00281257,0.012448028,0.001880321,0.4657853,0.45046437,0.067209534,0.062747225,0.05849053,0.050580285,0.037307415,0.0270781,0.019314202,0.009170829,0,0.80580577
1,175,0,3.7416188,0,-0.80889912,0,0.28429415,0,0.16327181,0,0.81558622,0,0.96487239,0,0.31538213,0,0.31149436,0,0.63892092,0,0.37014983,0,0.055165593,0,0.30047989,0.035062261,0.05495709,0.08878355,0.08254573,0.07647805,0.06492135,0.044593014,0.028260829,0.13698775,0.12470858,0.11294875,0.09087948,0.05410428,0.027570643,0.1451145,0.13944983,0.13389361,0.12311462,0.1029131,0.084632955,0.039179042,0.03283605,0.027142867,0.017777516,0.006341501,0.001722569,0.0670765,0.05366802,0.041959412,0.023902547,0.005865208,0.000736065,0.02062647,0.016473629,0.012944113,0.007674391,0.002373474,0.000524642,0.028031955,0.02041609,0.014534843,0.006813681,0.001031898,0.000126132,0.054813955,0.048584852,0.042802453,0.032597672,0.017301204,0.008269906,0.09171645,0.07840755,0.06629314,0.04591228,0.019234974,0.006930925,0.020006526,0.015877394,0.012400558,0.007143389,0.002036678,0.000430994,0.025635742,0.01824455,0.012563813,0.00543875,0.000668882,3.62E-05,0.021242056,0.016999397,0.013392175,0.007914879,0.002181497,0.000368737,0.028390935,0.020712579,0.014609848,0.006624186,0.000891102,3.14E-05,0.021120915,0.016905714,0.01333758,0.007892045,0.00207038,0.000356402,0.027620567,0.020087,0.014113916,0.006309285,0.000910277,4.88E-05,0.043895725,0.03726894,0.03126315,0.0211912,0.008102059,0.002508384,0.07713057,0.06308821,0.050562743,0.030302174,0.008062788,0.001362184,0.07493803,0.068735175,0.062747486,0.05139965,0.032327194,0.018126816,0.08418716,0.07780987,0.0716029,0.0598368,0.039473657,0.023592237,0.053692724,0.05417037,0.054597055,0.05540003,0.054797018,0.054478522,0.055032821,0.053376708,0.037393052,0.037809394,0.038265525,0.039181005,0.038730722,0.03863996,0.039557917,0.03898699,0.050033386,0.050735124,0.051809634,0.050338518,0.049136115,0.048988336,0.049465022,0.050649098,0.000387761,2.22E-05,0.0035588,0.000486802,0.002475945,0.000199945,0,0.32130945,0.021501562,0.017155524,0.013459216,0.007873037,0.002156956,0.000402497,0.029445313,0.02127451,0.014858823,0.006538342,0.00083511,6.54E-05,0.016104706,0.003018513,0.008755531,0.001222224,0.012411423,0.001865812,0.8377571,0.16862725,0.066518925,0.062043812,0.057784326,0.04992389,0.03685148,0.02668007,0.018844943,0.008881053,0,1.4909775
1,176,0,-0.044256963,0,-0.082020473,0,0.009119222,0,0.086267155,0,0.075649699,0,-0.073327397,0,0.32559137,0,-0.031028859,0,0.16388248,0,0.14848486,0,0.054624915,0,0.097137176,0.034578099,0.054419756,0.09435832,0.08818683,0.082184464,0.070697844,0.0502084,0.033477828,0.14161052,0.12944283,0.11775403,0.09586949,0.05901536,0.031698618,0.15176696,0.14615425,0.14065509,0.12996165,0.10987276,0.09157667,0.039125677,0.03278707,0.027103906,0.017753728,0.006332483,0.001720315,0.06675818,0.053373534,0.041700657,0.023715505,0.005800612,0.000722546,0.020719627,0.016548427,0.013004575,0.007745857,0.002406256,0.000539991,0.028074415,0.020510219,0.014631276,0.006889464,0.001060982,0.000125569,0.054529265,0.048323467,0.04255419,0.03236869,0.017171219,0.008202918,0.09107081,0.07780343,0.06570523,0.04540993,0.018954778,0.006801901,0.020021867,0.015883954,0.012415695,0.007148233,0.002046946,0.00042583,0.025651244,0.018249039,0.012562276,0.005424641,0.000667662,4.03E-05,0.02122859,0.01698074,0.013390386,0.007892536,0.002185728,0.000372637,0.028408142,0.020722395,0.014626697,0.006622605,0.000896831,3.29E-05,0.02115972,0.016914958,0.01335195,0.007908121,0.00208269,0.000353613,0.027627908,0.020084467,0.014107068,0.006324523,0.000914861,5.16E-05,0.04354712,0.03694759,0.030992923,0.020992333,0.008007967,0.002489636,0.07642918,0.062423076,0.04996102,0.029857371,0.00790895,0.001336199,0.07922036,0.07307422,0.06713149,0.0558237,0.036546096,0.02172931,0.083565146,0.07719047,0.07098754,0.05923874,0.038934175,0.02314801,0.053725811,0.054224902,0.05466,0.055471423,0.054803469,0.054512389,0.055091571,0.053433642,0.036847407,0.037282774,0.037748155,0.038675918,0.038167106,0.038111368,0.039066628,0.038532204,0.049665393,0.050323987,0.051369103,0.049765079,0.048591189,0.048475616,0.048975814,0.050194539,0.000386883,2.23E-05,0.0035296,0.000470984,0.002419523,0.000199549,0,-0.16145705,0.021542083,0.01719174,0.013488986,0.007890638,0.002158363,0.000404499,0.02946845,0.021289371,0.014872308,0.006547659,0.000842724,6.47E-05,0.02056562,0.005140472,0.011462877,0.002067987,0.012078349,0.001770209,0.8251681,0.14657025,0.06673754,0.062247507,0.057981547,0.05010312,0.036966015,0.026792249,0.018971574,0.008965778,0,-0.22341957
1,177,0,0.023944211,0,3.865484,0,0.10162886,0,0.087263496,0,0.06112209,0,-0.28889514,0,0.63710415,0,-0.031731502,0,-0.046960797,0,0.13842633,0,0.053566594,0,0.091729068,0.033478018,0.05336595,0.08860541,0.08238843,0.076347105,0.06484517,0.04462338,0.028370375,0.13578469,0.12355847,0.11184479,0.0899115,0.05342749,0.027170058,0.11681264,0.11088612,0.10512148,0.09403563,0.07371481,0.055956364,0.03817805,0.03191565,0.02632865,0.017153112,0.006048435,0.001624487,0.06495925,0.051758423,0.04029699,0.022744037,0.005457027,0.000653475,0.020656887,0.016505284,0.012970395,0.007701124,0.002397855,0.000531326,0.028096318,0.020481091,0.014593023,0.006845527,0.00103935,0.000128071,0.053803977,0.047634177,0.04192124,0.031836305,0.016800473,0.007988075,0.08958965,0.07641615,0.06446246,0.044438537,0.018413723,0.006587673,0.020038048,0.015902631,0.012422068,0.007154169,0.002041434,0.000430415,0.0257125,0.018298391,0.012601964,0.005453003,0.000670537,3.68E-05,0.021270813,0.017020585,0.013410032,0.007922853,0.002184876,0.000369726,0.028475001,0.02077402,0.014654404,0.006642818,0.000894315,3.17E-05,0.021157712,0.016931418,0.013357542,0.007905518,0.002074804,0.000356643,0.027702149,0.020144075,0.014152697,0.006328158,0.000913738,4.94E-05,0.042809956,0.036265146,0.030358398,0.020476993,0.007747043,0.00238204,0.07487612,0.061005656,0.048699833,0.028911052,0.007535207,0.001227085,0.07864363,0.072511815,0.06658452,0.05531775,0.03613906,0.021431167,0.07492294,0.06844904,0.062188517,0.05042533,0.030575614,0.016071338,0.053749376,0.054274596,0.054719637,0.055541146,0.054808833,0.054545618,0.055149985,0.053490393,0.035754084,0.036210921,0.036688112,0.037633376,0.037071764,0.037058869,0.038063613,0.037601393,0.048745481,0.049363637,0.05038495,0.048650931,0.047511497,0.047439617,0.047975091,0.049250283,0.000364834,2.16E-05,0.003421798,0.000461987,0.002344058,0.000184452,0,-0.021315449,0.021538462,0.017185453,0.013482793,0.007886683,0.002160281,0.000403218,0.029533615,0.021337843,0.014903233,0.006558379,0.000838378,6.55E-05,0.016258128,0.003115012,0.011268846,0.002020137,0.006846231,0.000548778,0.86749107,0.27506387,0.066646636,0.062165394,0.057898853,0.0500205,0.036920935,0.026735032,0.018890418,0.00890672,0,-0.07785783
1,178,0,1.3862324,0,0.3104181,0,0.077788547,0,-0.022728932,0,0.45635732,0,0.47105606,0,0.51858629,0,0.12423969,0,0.12111818,0,0.024975539,0,0.052649688,0,0.34610823,0.033653259,0.052453276,0.07158533,0.065195315,0.059012737,0.04753244,0.0282164,0.014085195,0.12052594,0.10798951,0.096013896,0.07387596,0.03832918,0.015768329,0.10796496,0.10196539,0.096125685,0.08497132,0.06472173,0.047280557,0.036442235,0.030337183,0.024919571,0.016075743,0.005552332,0.001457284,0.062232748,0.04935394,0.038219187,0.021331564,0.004969731,0.000562671,0.020922927,0.016702568,0.013121061,0.007698688,0.00226018,0.0005186,0.02818277,0.020568816,0.014649774,0.006792666,0.000979773,0.000111615,0.05302667,0.0469128,0.04126178,0.031237772,0.016416067,0.007812557,0.088256896,0.075275205,0.06347314,0.04371494,0.017997537,0.00642217,0.020020947,0.01586601,0.012359529,0.007138695,0.001990873,0.000417699,0.025712837,0.018318107,0.012660089,0.005503294,0.000666585,3.21E-05,0.021383833,0.017157437,0.013544901,0.008046763,0.002184937,0.000366443,0.028613454,0.020854339,0.014684423,0.006711489,0.00088452,2.95E-05,0.021097561,0.016930658,0.013392514,0.007875646,0.002057924,0.000362871,0.02780569,0.020246478,0.014275414,0.006360928,0.000897972,4.45E-05,0.042126387,0.03563795,0.02975148,0.019913219,0.007486338,0.002254648,0.07345888,0.05976117,0.047528595,0.028058944,0.007149899,0.001100481,0.06838934,0.062172048,0.05617427,0.044979066,0.026511505,0.013521536,0.07253903,0.06604677,0.059789672,0.048052296,0.028423604,0.014373192,0.053776509,0.054326042,0.05478062,0.05561191,0.054815057,0.054579437,0.055208771,0.053547337,0.034811206,0.035288277,0.035776529,0.036738033,0.036122133,0.036149724,0.0372004,0.036800478,0.047976309,0.048553257,0.049549387,0.047684047,0.046577816,0.046546897,0.047114901,0.048441313,0.00032734,1.99E-05,0.003309706,0.000472546,0.002283194,0.000165121,0,0.34170487,0.02145259,0.017094005,0.01342378,0.007841654,0.002156179,0.000405371,0.029596776,0.021391682,0.01493974,0.006555139,0.000828129,6.72E-05,0.005373791,0.000297499,0.005641417,0.000542478,0.005711472,0.00036601,0.992991,0.25743803,0.06602055,0.061575007,0.05736567,0.049605835,0.036615647,0.026430853,0.018581215,0.008613237,0,2.5134695
1,179,0,0.29307249,0,-0.55256164,0,-0.022080727,0,0.049220282,0,0.20942447,0,1.3016824,0,-0.20577652,0,-0.016700087,0,0.56138764,0,0.23001533,0,0.054435663,0,0.089115832,0.033017895,0.054237414,0.07031422,0.06386415,0.057633154,0.046049573,0.026691966,0.012751807,0.12087244,0.10820986,0.09612594,0.073782995,0.03783184,0.015255322,0.11092399,0.1049215,0.09907869,0.08790263,0.06754203,0.049920894,0.037387863,0.03120162,0.025684647,0.016651826,0.005814327,0.001543367,0.06449369,0.05137442,0.03997001,0.022545781,0.005390469,0.000642196,0.020952895,0.016716478,0.013112013,0.007677893,0.002264103,0.000525326,0.028002746,0.02047172,0.014584384,0.006781674,0.000963699,0.000102418,0.05417249,0.04799646,0.042259704,0.03210343,0.01700751,0.008128605,0.09079824,0.07766231,0.06568772,0.04550789,0.019014392,0.006841516,0.02000004,0.01583971,0.012354583,0.00712416,0.001981078,0.000415739,0.025630688,0.018254923,0.012630279,0.005490278,0.000661859,3.31E-05,0.021372551,0.017157316,0.013553594,0.008059306,0.002181366,0.000366831,0.028533017,0.020797407,0.014636639,0.006700613,0.000878678,2.96E-05,0.021049954,0.016898492,0.013371226,0.007862851,0.002055074,0.000362646,0.027717443,0.02018252,0.014244821,0.006345437,0.000893985,4.39E-05,0.043386906,0.03679073,0.03079917,0.0207228,0.007900843,0.002404133,0.07615286,0.062227238,0.049753815,0.029694606,0.007759946,0.001246832,0.055554025,0.049096283,0.042979524,0.03183647,0.014729667,0.004958065,0.08434723,0.07798737,0.07179596,0.060059913,0.039736688,0.023859823,0.053850843,0.054401988,0.054857683,0.055692548,0.054828225,0.054618125,0.055270934,0.05360612,0.03672433,0.037209917,0.037696033,0.03864859,0.037948864,0.03797624,0.039009488,0.03848473,0.050086393,0.05060811,0.051551813,0.049539416,0.048435954,0.048386657,0.048925994,0.050189644,0.000349036,2.04E-05,0.003464329,0.000509629,0.002437327,0.000186484,0,0.23811678,0.02139205,0.017042702,0.013386497,0.007820814,0.002151199,0.000404905,0.02949001,0.021320589,0.014889113,0.006528731,0.000823217,6.70E-05,0.004481976,0.000194521,0.00110766,1.03E-05,0.012644263,0.001953305,0.9973423,0.01,0.06577313,0.061342727,0.05715401,0.04943944,0.03647343,0.026331227,0.018488266,0.008562631,0,0.43443157
1,180,0,-0.34178391,0,-0.79018542,0,-0.17998565,0,-0.28596923,0,-0.50040348,0,0.10466554,0,0.76472567,0,-0.22668546,0,-0.19296194,0,0.26404336,0,0.053368565,0,-0.17485756,0.034118952,0.053174775,0.074579984,0.06821075,0.062045425,0.05050903,0.030959165,0.01630124,0.12363657,0.11114344,0.09918049,0.07702772,0.041110516,0.017695488,0.1264553,0.12064626,0.11496821,0.10401373,0.08371206,0.065740034,0.03717266,0.031001592,0.025509007,0.016521322,0.005753264,0.001524386,0.06364163,0.050606273,0.0393005,0.022072194,0.005224475,0.000608314,0.020743167,0.01649842,0.012946478,0.007613114,0.002224693,0.000499414,0.02805617,0.020425094,0.014520516,0.006746644,0.000973982,0.000122749,0.05355763,0.04741166,0.041725814,0.03165655,0.016674064,0.007954819,0.08936491,0.076302886,0.06440196,0.044452213,0.018405223,0.006594256,0.020017881,0.015870864,0.012361181,0.007152455,0.002002548,0.000422116,0.025696198,0.018304698,0.012639501,0.005492513,0.000668514,3.46E-05,0.021348009,0.01711639,0.013506918,0.008015977,0.002181994,0.000365026,0.028547052,0.020809755,0.014657765,0.006689614,0.000886017,2.92E-05,0.02109081,0.01692176,0.013378525,0.007871152,0.002054354,0.000361897,0.027749961,0.02020457,0.014232559,0.006344892,0.00089761,4.48E-05,0.04267325,0.036143567,0.03020932,0.020295205,0.00767247,0.002320957,0.07464989,0.060851615,0.048520416,0.028787348,0.007437676,0.001170859,0.054503076,0.048068196,0.041982565,0.030918289,0.014053279,0.004594578,0.076805174,0.07036649,0.06412349,0.052379664,0.03243856,0.017622836,0.053874876,0.054452611,0.054918771,0.055762993,0.0548341,0.054652145,0.055329989,0.053663429,0.035621897,0.03612929,0.036627685,0.037597087,0.036844672,0.036915188,0.037997862,0.0375459,0.049157144,0.049638896,0.050558193,0.04841485,0.047346819,0.047341805,0.047916925,0.049237785,0.000343174,2.05E-05,0.003385105,0.000482077,0.0023495,0.000174856,0,-0.20991578,0.021456705,0.017100899,0.01342542,0.007843595,0.002155947,0.000404529,0.029548395,0.021354545,0.014913622,0.006547854,0.000828868,6.69E-05,0.006858528,0.000482341,0.000985945,7.00E-06,0.007954179,0.000748161,0.67218214,0.6039759,0.066093564,0.061649304,0.05741898,0.049636744,0.03665026,0.026463425,0.018619964,0.00865696,0,-0.32874951
1,181,0,-0.15019627,0,4.4921687,0,0.056283087,0,0.048721364,0,-0.41146742,0,0.31225893,0,0.26525686,0,-0.18028862,0,-0.17738282,0,-0.39909531,0,0.05277382,0,0.14850465,0.03266544,0.05258352,0.079888105,0.07360203,0.06748929,0.05597413,0.03616518,0.020822017,0.12773898,0.11538996,0.10355615,0.08158103,0.045512766,0.021024296,0.09662034,0.09050305,0.0845673,0.073263034,0.05308663,0.03626621,0.037240367,0.031060064,0.025565445,0.016566435,0.00577475,0.001532615,0.06342836,0.050406788,0.03912642,0.021943603,0.005178055,0.000599343,0.020647082,0.016447987,0.012953302,0.007689993,0.002318252,0.000496003,0.028160073,0.020476727,0.014559999,0.006779467,0.001004605,0.000118939,0.053272266,0.047139574,0.041470274,0.031452805,0.01653556,0.007854487,0.08865125,0.075588524,0.06372207,0.043880444,0.018095756,0.006477613,0.02003933,0.015902128,0.012395775,0.007170213,0.002025129,0.000431462,0.025741983,0.018330809,0.012629008,0.005479448,0.000670161,3.47E-05,0.021328622,0.017082052,0.013463254,0.007978197,0.002182661,0.000363773,0.028542416,0.020816976,0.014669582,0.006673669,0.000891689,2.93E-05,0.021128366,0.016937409,0.013375259,0.007891093,0.002061329,0.000360221,0.027758854,0.020204086,0.014211871,0.006342498,0.00090607,4.57E-05,0.042316504,0.03581622,0.029923877,0.020100603,0.007565056,0.002293819,0.073894925,0.060139943,0.0479003,0.028330749,0.007288488,0.001144865,0.052602522,0.046167877,0.04008901,0.029097036,0.012599434,0.003774616,0.07569713,0.06925385,0.06301438,0.051287547,0.031450983,0.016831817,0.053937637,0.054522745,0.054991958,0.055745392,0.054846058,0.054690259,0.055352084,0.053722097,0.035048122,0.03556038,0.036062921,0.036947464,0.036230134,0.036335088,0.037416004,0.037042011,0.048585331,0.049069981,0.049821677,0.047724955,0.046702101,0.046742477,0.04734847,0.048711951,0.000343496,2.07E-05,0.003344317,0.000463876,0.002307458,0.000174054,0,0.059616518,0.021507293,0.0171522,0.013457407,0.007869164,0.002159467,0.000403279,0.029576868,0.021372281,0.014925606,0.006560218,0.000833935,6.65E-05,0.010213234,0.001162834,0.000706126,7.65E-07,0.007402724,0.000653072,0.6310519,0.80984485,0.066384606,0.06191233,0.057665404,0.04982649,0.03678576,0.02659626,0.018743737,0.008766423,0,-0.26662976
1,182,0,-0.054775979,0,3.180986,0,-0.11639943,0,0.14052226,0,0.16815887,0,-0.074468332,0,0.046105963,0,0.30292474,0,-0.016021043,0,-0.039357064,0,0.05920345,0,0.060345311,0.034179157,0.059003063,0.08870142,0.082393624,0.07624699,0.064523205,0.04392035,0.027409505,0.1400455,0.12761493,0.11567487,0.0932736,0.05564619,0.028372904,0.08626972,0.07987254,0.073693104,0.062016744,0.041576046,0.025289224,0.041945424,0.03538694,0.029429162,0.01953957,0.007187648,0.002026924,0.07320858,0.059261225,0.046911437,0.027414205,0.007153338,0.001022206,0.020581773,0.016423352,0.012926974,0.007673475,0.002349699,0.000511262,0.0278718,0.020288447,0.014446312,0.006768026,0.001026854,0.000126968,0.057620004,0.051224772,0.04527567,0.034733955,0.018722393,0.009092861,0.097858965,0.0842057,0.07166582,0.050293878,0.021728467,0.007996545,0.019921193,0.015811434,0.012341304,0.007119458,0.002024927,0.000432946,0.025419373,0.018097939,0.012464867,0.00540159,0.000662477,3.51E-05,0.021167463,0.016944326,0.013349022,0.007897717,0.002171429,0.00036514,0.028155208,0.020540047,0.01448325,0.006573755,0.00088219,3.04E-05,0.021017674,0.01683373,0.013285075,0.007854023,0.002057593,0.000356218,0.027389705,0.01992585,0.014006298,0.006256158,0.000899963,4.70E-05,0.046936575,0.040092897,0.033831377,0.023233602,0.009145261,0.002893385,0.08371377,0.06918653,0.05606835,0.03449834,0.009730225,0.001798503,0.060468774,0.05392805,0.047684792,0.03621338,0.018048154,0.006865756,0.081809714,0.07529499,0.06897319,0.056992743,0.036350165,0.02060792,0.05412537,0.054655391,0.055107479,0.055750364,0.054876013,0.054741056,0.055381641,0.053785145,0.04190412,0.042387602,0.042861537,0.043590857,0.0428343,0.042868278,0.043781051,0.042998805,0.055498425,0.055952424,0.056462544,0.054377943,0.053318975,0.053250209,0.053730146,0.054847431,0.000454309,2.51E-05,0.003970286,0.000567752,0.002870681,0.000255709,0,-0.13329285,0.021396952,0.017070135,0.013391495,0.007833933,0.002148008,0.000400559,0.02919458,0.021095412,0.01473315,0.006481102,0.000825899,6.52E-05,0.015238561,0.002581972,0.001797637,3.90E-05,0.009958769,0.001105201,0.62153745,0.88948214,0.0661379,0.061687246,0.05745144,0.04964245,0.036648408,0.026512966,0.018708982,0.008796962,0,0.50324104
1,183,0,0.39603517,0,-0.19685154,0,0.011089424,0,0.28461775,0,0.13330369,0,-0.26056289,0,-0.46183781,0,0.022106502,0,0.13194828,0,0.12539089,0,0.0630546,0,-0.19861877,0.041742131,0.062850274,0.08335297,0.07689011,0.070614815,0.058641102,0.03796622,0.02180011,0.13840643,0.125655,0.11344487,0.09057453,0.052190665,0.025187159,0.09226709,0.08586993,0.079682626,0.06791614,0.047082663,0.030117722,0.04412703,0.03740686,0.03127123,0.020973032,0.007901788,0.002295233,0.078274995,0.063990705,0.051151313,0.030530695,0.008338271,0.001313903,0.020518282,0.016325127,0.012826254,0.007591561,0.00222907,0.000492282,0.02757016,0.020061182,0.014236599,0.006598993,0.000957641,0.000120594,0.060163666,0.053640462,0.047543045,0.036701024,0.020079305,0.00987141,0.10340694,0.08949646,0.0766507,0.054440126,0.024171215,0.009126985,0.019829145,0.01572638,0.012251294,0.007093999,0.001991912,0.000423653,0.025203364,0.017954567,0.012385853,0.005378707,0.000656631,3.38E-05,0.021129386,0.016931675,0.013354562,0.007922173,0.002160211,0.000360364,0.027978007,0.020398963,0.014372258,0.006551189,0.000871306,2.84E-05,0.020896235,0.016760768,0.013245883,0.007797835,0.002034542,0.000357813,0.027201116,0.019803561,0.013941971,0.006217927,0.000882881,4.42E-05,0.04977016,0.042733893,0.036263194,0.025143687,0.01018323,0.003283471,0.08974412,0.074783295,0.06122187,0.038504984,0.011467523,0.002247608,0.06802878,0.06150491,0.055237222,0.043546315,0.024269724,0.011189827,0.09076229,0.08427186,0.07799348,0.065973595,0.044812962,0.027879708,0.054267326,0.054765366,0.055208178,0.055746471,0.05489964,0.054787425,0.055408515,0.053846875,0.046038739,0.046505515,0.04696319,0.047560574,0.046792995,0.04679453,0.047599341,0.046586487,0.059668136,0.060104752,0.060399955,0.058340915,0.057275893,0.057157121,0.05757239,0.058559659,0.000516352,2.79E-05,0.004386342,0.000666883,0.003300241,0.000325974,0,0.29800569,0.021267438,0.016954603,0.013307777,0.007778427,0.002137367,0.000400477,0.028976254,0.020941176,0.014624909,0.006425326,0.00081534,6.55E-05,0.010598367,0.001115099,0.003925954,0.000212671,0.015562411,0.00282439,0.7017872,0.8897426,0.06556382,0.061148647,0.056952897,0.049219593,0.036341734,0.02626384,0.0184931,0.008616219,0,-0.25048636
1,184,0,-0.59269238,0,0.77182048,0,-0.32440649,0,-0.079874753,0,-0.3010243,0,0.11895041,0,-0.31311389,0,-0.048135663,0,-0.059347073,0,0.10135924,0,0.062907465,0,-0.17516592,0.042067597,0.062705785,0.099940866,0.09369206,0.08759236,0.07589568,0.054754388,0.037304156,0.15264371,0.14030352,0.12839289,0.10592047,0.067528635,0.038139705,0.07766165,0.07098747,0.06454797,0.052470732,0.032036696,0.016691808,0.0451321,0.038336623,0.032120213,0.02165113,0.008253939,0.002426301,0.079566486,0.06517854,0.052188877,0.031292424,0.008630144,0.001395207,0.020543927,0.016405797,0.012892827,0.007678422,0.002386408,0.00053729,0.027597697,0.020163866,0.01438413,0.006778539,0.001046764,0.000124293,0.060287006,0.053763255,0.047661148,0.036769286,0.02013265,0.009917329,0.1034818,0.08952147,0.07659917,0.05431284,0.024093516,0.009017312,0.019853583,0.015750712,0.01231202,0.007088998,0.002030225,0.00042236,0.025213307,0.017938076,0.012348558,0.005332592,0.000656448,3.97E-05,0.021049263,0.016837537,0.0132779,0.007826242,0.00216777,0.000369678,0.027922519,0.020368751,0.014377682,0.006510249,0.000881904,3.24E-05,0.020981349,0.016772421,0.013239833,0.007842059,0.002065629,0.000350723,0.027155075,0.019741252,0.013866412,0.006217253,0.000899495,5.07E-05,0.04973726,0.042725846,0.036246937,0.025206838,0.010223929,0.003326995,0.08967924,0.07477923,0.061160833,0.03846954,0.01148787,0.002281901,0.07039076,0.063925646,0.057688806,0.046009827,0.02656015,0.012987725,0.10167803,0.09534348,0.0891838,0.07738499,0.05612206,0.03837556,0.054338683,0.054840356,0.055285683,0.055728808,0.054913386,0.054827085,0.055430689,0.053906467,0.045937855,0.046407632,0.046868105,0.0473723,0.046637509,0.04666713,0.047458412,0.046494158,0.059568984,0.060008349,0.060127932,0.058116343,0.057090501,0.057005929,0.057440883,0.058450049,0.000550681,3.05E-05,0.004401238,0.000642848,0.003252778,0.000319899,0,-0.13119233,0.021361865,0.017048478,0.013376994,0.007825736,0.002140954,0.000401386,0.028966682,0.020927945,0.01462063,0.006437917,0.000828988,6.37E-05,0.023530878,0.006484586,0.005010779,0.000361618,0.024397584,0.007220639,0.48601848,0.94237113,0.06617912,0.061727107,0.057497486,0.04968583,0.036659196,0.026571183,0.018816385,0.008893459,0,-0.36053134
1,185,0,-0.21688483,0,0.2768062,0,-0.051314793,0,0.22949225,0,-0.17118911,0,-0.098806641,0,0.38346644,0,0.013570443,0,-0.16837512,0,0.092820031,0,0.057954114,0,-0.12629779,0.041180018,0.057763178,0.09391813,0.08767925,0.081604645,0.0699923,0.049287155,0.03242711,0.14388224,0.1315798,0.11976025,0.097527504,0.060014516,0.03216188,0.0750042,0.06842577,0.06209082,0.050267022,0.030364843,0.015619131,0.041525558,0.035001706,0.029079966,0.019276809,0.007059344,0.001980354,0.072068244,0.05820771,0.04596745,0.026731312,0.006898586,0.000963346,0.02054663,0.016417788,0.012902102,0.007664071,0.002378626,0.000529868,0.02782104,0.02028999,0.014472716,0.00681856,0.001048452,0.000128391,0.05695929,0.050609857,0.044689063,0.03422023,0.018390637,0.008893166,0.09638904,0.08280376,0.07033641,0.04918079,0.021082886,0.007716454,0.019947115,0.015827533,0.012367704,0.007119767,0.002036415,0.000426508,0.025465094,0.018119453,0.01247861,0.005395941,0.000664596,3.84E-05,0.02116206,0.016930213,0.013344191,0.007876205,0.002175668,0.000369363,0.028199835,0.020572498,0.014516409,0.006576893,0.000887687,3.19E-05,0.021070251,0.016852304,0.013296509,0.007874352,0.002069976,0.00035385,0.027430346,0.019942751,0.014010109,0.006270669,0.000906781,5.00E-05,0.046169546,0.03938689,0.03319025,0.022739578,0.008892268,0.002809988,0.082106076,0.06768136,0.054696094,0.03344582,0.009317291,0.001701686,0.07224722,0.06594691,0.05985605,0.048399143,0.029223593,0.015393591,0.08849683,0.08210916,0.075894065,0.06404185,0.043310948,0.026830323,0.054340273,0.054888066,0.055350422,0.055690912,0.054918345,0.054866565,0.05545213,0.053975294,0.040757916,0.04125365,0.041740144,0.042180481,0.04153741,0.04167221,0.042560726,0.041986891,0.054350211,0.054816763,0.054771331,0.052845729,0.051922901,0.051982871,0.052544151,0.053764798,0.00044446,2.49E-05,0.003874171,0.000541182,0.002764218,0.000242751,0,-0.096234215,0.021450037,0.017116832,0.013429593,0.007855983,0.002150819,0.00040222,0.029251315,0.021133726,0.014762329,0.006498226,0.000833294,6.46E-05,0.019504394,0.004488859,0.006736118,0.00070235,0.0148928,0.002676809,0.36552322,0.9676869,0.06640821,0.06194425,0.057694934,0.04984718,0.036786832,0.026650922,0.018850006,0.008899856,0,-0.14003739
1,186,0,0.69007904,0,-0.3108307,0,0.032900855,0,-0.14110712,0,0.0275025,0,0.57066867,0,-0.18152989,0,-0.11359043,0,0.089064619,0,0.11553711,0,0.05952079,0,0.31945699,0.037700324,0.059329163,0.094635434,0.08838159,0.08228544,0.07062691,0.04980128,0.032819625,0.1456475,0.13330637,0.12144149,0.09909531,0.061282635,0.03307295,0.08524572,0.078805946,0.07259572,0.06088059,0.040431153,0.024219004,0.042631913,0.036023475,0.030007863,0.019992504,0.00741321,0.002109167,0.07443262,0.060385793,0.047906917,0.028130399,0.00741955,0.001087566,0.020518169,0.016390236,0.012877899,0.007646778,0.002380471,0.00053317,0.02773083,0.020235496,0.014434975,0.006805006,0.001043768,0.000129282,0.058037292,0.051625025,0.045643967,0.035042048,0.018945556,0.009215869,0.09869153,0.084982485,0.0723561,0.050844878,0.022050517,0.008129695,0.019915761,0.015803182,0.012348251,0.007108819,0.002032759,0.000426041,0.025384359,0.018062383,0.012440058,0.005379901,0.000662465,3.80E-05,0.021129789,0.016904788,0.013323366,0.007865215,0.002172059,0.000368548,0.028110148,0.020507393,0.014470061,0.006556522,0.000884642,3.18E-05,0.021035131,0.0168256,0.013275163,0.007861225,0.002066067,0.000353508,0.027343685,0.019880129,0.013966355,0.006250219,0.000903738,4.97E-05,0.04733073,0.04047046,0.034175906,0.02353029,0.009306387,0.00296409,0.08456917,0.06998336,0.056777045,0.035054836,0.009990142,0.001874589,0.066031314,0.05957248,0.05338181,0.0418692,0.023042481,0.010443341,0.09898882,0.09268513,0.08655682,0.074829325,0.053801823,0.036374766,0.054428538,0.054963849,0.055422541,0.055682991,0.054934135,0.054901749,0.055472301,0.054024323,0.042461118,0.042950755,0.043430852,0.043780172,0.043145236,0.043277124,0.044114941,0.04346275,0.056068629,0.05652828,0.056325892,0.054428885,0.053517825,0.053568641,0.054109112,0.055280872,0.000474016,2.62E-05,0.004037833,0.000573982,0.00291904,0.000266388,0,0.54073658,0.02141461,0.017088465,0.013407324,0.007843041,0.002147547,0.000401519,0.02915843,0.021066938,0.01471566,0.006477704,0.000830327,6.44E-05,0.019772608,0.004578061,0.003590312,0.000190416,0.022798328,0.006429848,0.47291696,0.9386667,0.066292986,0.06183755,0.057595123,0.049760364,0.03672412,0.026603878,0.018814541,0.008881643,0,-0.16578635
1,187,0,0.78117632,0,-0.40005176,0,0.055906177,0,-0.042663638,0,0.6760952,0,-0.16606715,0,0.99206572,0,0.11092181,0,0.25355207,0,0.29859029,0,0.055596765,0,-0.15157149,0.038840604,0.055414055,0.085134484,0.07884575,0.07272702,0.06109622,0.04085029,0.024808751,0.13455388,0.12217662,0.11031557,0.0881248,0.051222485,0.025170095,0.09138929,0.0851448,0.07909928,0.067614555,0.047316883,0.030736612,0.03955738,0.033185117,0.027449463,0.018009009,0.006449501,0.001759348,0.06820967,0.05469889,0.04286393,0.024539163,0.006095156,0.000783739,0.02061977,0.016447803,0.012944501,0.007671156,0.002346476,0.000513842,0.0280221,0.020373255,0.014498818,0.006788627,0.001023292,0.000125115,0.05537863,0.049106088,0.04329975,0.033027884,0.017579662,0.008434075,0.09310376,0.07971409,0.06752381,0.046914924,0.019801492,0.007174322,0.019983606,0.015862342,0.01237649,0.007145306,0.002028071,0.000433898,0.025587544,0.018219093,0.012549744,0.005439901,0.000666078,3.53E-05,0.021244708,0.017008798,0.013401313,0.007932396,0.002177633,0.000364893,0.028348403,0.020679923,0.014578448,0.006620457,0.000887462,3.02E-05,0.02107941,0.016888432,0.013330993,0.00787646,0.002061505,0.000357853,0.027575767,0.020064304,0.014106332,0.006299156,0.000904417,4.66E-05,0.044534873,0.037859954,0.031795792,0.021594416,0.008305715,0.002574103,0.07861798,0.064471334,0.051809646,0.031232081,0.008410411,0.001442924,0.067046195,0.060724087,0.054646514,0.043316178,0.024697382,0.011923162,0.08387511,0.077472836,0.07124158,0.05943173,0.03900751,0.023130361,0.054435167,0.05500661,0.05547878,0.0556528,0.054939216,0.05493546,0.055490875,0.054082123,0.03836465,0.038874297,0.039374753,0.039669277,0.039107826,0.039323911,0.040237768,0.039895399,0.051940898,0.052421955,0.052078747,0.050253944,0.049428524,0.04959854,0.050243326,0.051590801,0.000396368,2.22E-05,0.00363808,0.000510677,0.002569891,0.000212528,0,-0.072978156,0.021459503,0.017118711,0.013429297,0.007855385,0.002154486,0.000401801,0.02938946,0.02123641,0.014831121,0.006522563,0.000830495,6.57E-05,0.01325946,0.001957602,0.004545054,0.000340054,0.012015352,0.0017248,0.6210227,0.9223514,0.06630148,0.061843716,0.05759424,0.049769185,0.036740605,0.026572138,0.018743401,0.008799532,0,0.25022006
1,188,0,1.0780787,0,0.21018333,0,0.32741415,0,-0.10080709,0,0.29810343,0,0.012028154,0,-0.43305668,0,0.41129896,0,0.30465586,0,0.37272255,0,0.059158895,0,0.094871626,0.037191153,0.058972422,0.07351137,0.06698802,0.06066686,0.048802033,0.028871704,0.014192251,0.12747829,0.11470805,0.10242017,0.07961497,0.042214338,0.017892275,0.09232275,0.086024374,0.079906225,0.068295814,0.04772917,0.030921666,0.04085521,0.034377474,0.028521663,0.01882738,0.006841645,0.001903135,0.0719581,0.058143284,0.04593202,0.026726604,0.006906281,0.000961855,0.020879637,0.016664566,0.013072286,0.00764926,0.002263156,0.000520607,0.027749429,0.020300359,0.014462537,0.006727866,0.000955023,0.000100869,0.057594825,0.05121813,0.045275427,0.034724284,0.018757679,0.009126376,0.09813512,0.08455897,0.072074525,0.05072573,0.02200657,0.008139446,0.019900171,0.015759643,0.012294746,0.007087621,0.001971629,0.000413639,0.025368785,0.018068314,0.01250123,0.005434747,0.000654337,3.29E-05,0.021266863,0.017073581,0.013488358,0.008021788,0.002170607,0.000365147,0.028241534,0.020585451,0.01448682,0.00663342,0.00086945,2.93E-05,0.02094145,0.016812464,0.013303353,0.007823063,0.00204493,0.000360845,0.02743298,0.019975627,0.014100573,0.006281233,0.000884915,4.34E-05,0.04708098,0.040219616,0.03393477,0.023226662,0.009182828,0.002881039,0.08404859,0.06949852,0.05639014,0.034715142,0.009789388,0.001770535,0.07090818,0.0645501,0.058415834,0.046901308,0.027701274,0.014094279,0.09632371,0.09000285,0.08385141,0.07208026,0.05110601,0.03387162,0.054572627,0.055115089,0.055579038,0.055649289,0.054963416,0.054982593,0.055518447,0.054144644,0.042188616,0.0426837,0.043169699,0.043334162,0.042765432,0.042953978,0.043766724,0.043215406,0.055798183,0.056263614,0.055709476,0.053909555,0.053078646,0.053200648,0.053782538,0.055001792,0.000428573,2.35E-05,0.003963544,0.000612923,0.00291871,0.00026381,0,0.38709957,0.021281477,0.01695465,0.013317679,0.007781007,0.002140498,0.000402998,0.029187486,0.021103235,0.014737895,0.006462533,0.000814818,6.64E-05,0.005248836,0.00024991,0.00582331,0.000517693,0.020679511,0.005297802,0.87136686,0.94561243,0.0654247,0.061018106,0.056851175,0.049181487,0.036282018,0.02619256,0.01838941,0.008515484,0,1.148483
1,189,0,0.51049997,0,0.3431161,0,0.19877169,0,0.20587607,0,0.33623965,0,0.25705051,0,0.39215954,0,0.20940873,0,0.08625657,0,0.35170729,0,0.05748044,0,-0.16879443,0.038001825,0.057299487,0.066705,0.060116507,0.05378423,0.0419873,0.022585236,0.009380006,0.12069493,0.1078511,0.09552255,0.07271187,0.03600014,0.013613147,0.09459347,0.08834707,0.082290575,0.07077226,0.0502895,0.0333889,0.03897008,0.032649532,0.026977392,0.017634826,0.006274504,0.001701982,0.06863142,0.055123758,0.043259308,0.024840724,0.006211992,0.000811437,0.021298392,0.01698114,0.013285713,0.007682234,0.002299863,0.000511057,0.027951254,0.020491337,0.014647094,0.006884152,0.000923575,7.64E-05,0.05643736,0.05013654,0.044265915,0.03382115,0.018180557,0.008790019,0.095883384,0.08247155,0.07013767,0.04915165,0.021125305,0.007733327,0.019912569,0.015775213,0.012272199,0.007023231,0.001933424,0.000397936,0.025417691,0.01808251,0.012499792,0.005445959,0.000631914,3.02E-05,0.02137389,0.017188763,0.013600655,0.008106373,0.002196313,0.000372815,0.028411072,0.020702036,0.014554489,0.006689775,0.000863985,3.05E-05,0.020966249,0.016842991,0.013325498,0.007841755,0.002057539,0.000363156,0.027567955,0.020072587,0.014192525,0.006327168,0.000887708,4.22E-05,0.045897968,0.039106295,0.032904446,0.022368347,0.008750024,0.002711824,0.08153262,0.06719878,0.05426354,0.033062056,0.00910522,0.001568641,0.06863148,0.06228039,0.056164306,0.04473296,0.0258258,0.012697686,0.097523145,0.091239646,0.08512711,0.07344652,0.052552987,0.03531203,0.054634348,0.05519393,0.055664472,0.055624294,0.054977764,0.055029158,0.055544745,0.054216274,0.040478967,0.040984188,0.041479777,0.0415487,0.041035423,0.04127983,0.042111913,0.041722379,0.054077324,0.054552731,0.053800939,0.052069225,0.051304766,0.051502177,0.052141668,0.053448422,0.000385417,2.10E-05,0.003805244,0.000579001,0.002772632,0.000246296,0,0.1474608,0.021260059,0.016936643,0.013296301,0.007766536,0.002133024,0.000401654,0.029286934,0.021195088,0.01480036,0.006477838,0.000810495,6.63E-05,0.002547742,4.52E-05,0.004971791,0.000391984,0.021961492,0.006033857,0.9695035,0.97494376,0.06525281,0.06083783,0.056676667,0.04905087,0.036144856,0.02607388,0.018253876,0.008452474,0,0.12416848
1,190,0,0.000499389,0,-0.14541465,0,0.0297916,0,0.071739361,0,0.16168888,0,-0.71578807,0,0.082385401,0,-0.032986926,0,-0.35778523,0,-0.062696422,0,0.060024444,0,-0.22066651,0.037611745,0.05984187,0.07150711,0.064924024,0.05857004,0.046637908,0.02673323,0.012416328,0.12659593,0.11376704,0.10139547,0.078413755,0.040833093,0.016761884,0.10262915,0.096442565,0.09041354,0.0789152,0.05821044,0.040693607,0.04119468,0.03469176,0.028806472,0.019049486,0.006950221,0.001943791,0.072983235,0.0590938,0.04678798,0.027342906,0.007137275,0.00101626,0.021101288,0.016838057,0.013201035,0.007679057,0.002291959,0.000522219,0.027782872,0.020350294,0.01448894,0.006776143,0.000949281,8.94E-05,0.058222022,0.051806763,0.045837127,0.0352016,0.019091552,0.009315276,0.099555016,0.08591634,0.07334256,0.051783245,0.022629496,0.008416781,0.019895433,0.015746534,0.012283242,0.007056492,0.001954926,0.000405584,0.025334885,0.01803923,0.012483163,0.005432167,0.000642669,3.26E-05,0.021278417,0.017095147,0.013514062,0.008049112,0.00217456,0.000366168,0.028217748,0.020568324,0.014466815,0.006636038,0.000864218,2.94E-05,0.020914746,0.01679923,0.013292083,0.007818662,0.002046234,0.000360657,0.027398676,0.01994939,0.014095436,0.006279382,0.000883804,4.27E-05,0.047786973,0.040877614,0.03452811,0.023694184,0.009431275,0.002975109,0.0855516,0.07090181,0.057668284,0.035696167,0.010216348,0.001872104,0.09139756,0.08525103,0.07929241,0.06791961,0.0477182,0.031439338,0.10285669,0.09658346,0.090490915,0.07879937,0.05768972,0.039996248,0.054755483,0.055294674,0.055759269,0.055617533,0.055000051,0.055075084,0.055571795,0.054278567,0.04322771,0.043722914,0.044208022,0.044156281,0.043647126,0.043879261,0.044634208,0.044105993,0.056850533,0.057314592,0.056361794,0.054660853,0.05390275,0.054074802,0.054674408,0.055895595,0.000437356,2.38E-05,0.004062235,0.000634168,0.003024419,0.000285601,0,0.17834344,0.021235514,0.016917778,0.013286424,0.007762265,0.002134162,0.00040235,0.029130697,0.021071853,0.014716757,0.006447326,0.000810372,6.62E-05,0.004117128,0.000143267,0.01906589,0.005140191,0.0259136,0.00820721,0.9819938,0.9830616,0.065230444,0.060820457,0.056675225,0.04904819,0.036164235,0.026098302,0.018303309,0.008463837,0,0.26754809
1,191,0,0.28117535,0,0.71283056,0,0.42615875,0,0.13479751,0,0.31839053,0,0.67019185,0,-0.55895762,0,-0.24096539,0,-0.25915511,0,0.042906592,0,0.05947543,0,0.35857856,0.04088614,0.059295855,0.066843435,0.06018393,0.053802654,0.041891657,0.022286395,0.009038552,0.12245306,0.10950698,0.09709195,0.074064545,0.036777463,0.01392541,0.0929838,0.08668374,0.080562554,0.06894119,0.048331168,0.03145491,0.04016989,0.033750437,0.027964432,0.018398508,0.006636212,0.001832577,0.071409464,0.057662286,0.045519385,0.026438413,0.00680249,0.000938309,0.021271411,0.016966678,0.01328919,0.007704122,0.002299751,0.000506122,0.027852831,0.020431945,0.014596371,0.006859791,0.000902217,6.98E-05,0.057830688,0.05144815,0.04550161,0.034873735,0.018892612,0.009205209,0.09889956,0.085314795,0.07279785,0.05134054,0.022401502,0.008292103,0.019846732,0.015729085,0.012228767,0.00698357,0.001919908,0.000391056,0.025273725,0.017979227,0.012415701,0.005403406,0.000623166,2.92E-05,0.021348486,0.01717726,0.013597573,0.008107038,0.002201476,0.000376037,0.028313346,0.020627849,0.014502658,0.006671902,0.000857666,3.09E-05,0.020925725,0.01680831,0.013297489,0.007825576,0.002056942,0.000363206,0.027467301,0.019997345,0.014141622,0.006309752,0.000883256,4.16E-05,0.047408722,0.040517572,0.034197036,0.023394747,0.009284866,0.002917197,0.08474788,0.07018188,0.05699468,0.03515764,0.010000566,0.00179175,0.09390904,0.08779805,0.08187278,0.07055702,0.050326437,0.03387479,0.11312915,0.10698886,0.1010135,0.089479744,0.068400316,0.050211564,0.054822001,0.055367421,0.055836292,0.055600395,0.055014752,0.055115843,0.055595205,0.054339154,0.0427017,0.043200811,0.043691189,0.04355101,0.043078816,0.043344762,0.044095723,0.043643427,0.056321831,0.056791182,0.055665696,0.054015974,0.053302627,0.053518336,0.054146737,0.055406083,0.000413191,2.24E-05,0.004020662,0.000622442,0.002978729,0.00028449,0,0.38568527,0.021201856,0.016888088,0.013256682,0.007745586,0.002125318,0.000399716,0.029168691,0.02111545,0.014743603,0.006450493,0.000805851,6.58E-05,0.002341823,3.43E-05,0.021144267,0.006244148,0.035126384,0.014258306,0.99689686,0.99690247,0.06505577,0.060652792,0.056496155,0.04890323,0.036025412,0.025977233,0.01818186,0.008427626,0,-0.1076317
1,192,0,0.10330665,0,-0.11827418,0,-0.12266941,0,-0.010098756,0,-0.062930953,0,-0.68629305,0,1.3270059,0,0.40347967,0,-0.10884805,0,0.095433253,0,0.06354614,0,0.08999833,0.041792955,0.06336358,0.07180476,0.06512662,0.058677774,0.046567973,0.026308386,0.011855704,0.12967588,0.11668884,0.10419275,0.08082458,0.042323694,0.017443491,0.09729466,0.09096312,0.0848027,0.07308091,0.052146677,0.03478692,0.043400336,0.036730357,0.030662537,0.020499932,0.007663384,0.002210864,0.0779644,0.06373147,0.05094321,0.030393166,0.00829328,0.001303864,0.021143146,0.016863288,0.013200697,0.007643625,0.002275961,0.000505668,0.027623346,0.020249533,0.014463941,0.00678525,0.000918873,7.75E-05,0.060652517,0.054114915,0.04800003,0.037058827,0.020378904,0.010070411,0.10481012,0.090898335,0.07802406,0.05569323,0.02492864,0.009473132,0.019801103,0.015682181,0.012206457,0.006990906,0.001926527,0.000396859,0.0251223,0.017876953,0.012360443,0.005384735,0.000627403,3.01E-05,0.02123214,0.01706969,0.013502775,0.008046927,0.002178169,0.00036862,0.028048182,0.02044051,0.014371357,0.006602639,0.000855051,2.99E-05,0.020837676,0.016740484,0.013244087,0.007793528,0.002043304,0.000360592,0.027220502,0.019820657,0.014011887,0.006245222,0.000877216,4.19E-05,0.050448008,0.043370444,0.03682766,0.025552668,0.010418693,0.00336868,0.09121375,0.076187946,0.06251556,0.039492946,0.011936301,0.002320196,0.1117388,0.1057345,0.09991614,0.08872237,0.06809586,0.050479665,0.11007453,0.10382274,0.097751275,0.08605375,0.06471937,0.046491817,0.054970244,0.055482657,0.055940807,0.055599691,0.055041357,0.055165068,0.055624364,0.054402733,0.047070351,0.047552671,0.04802489,0.047747069,0.047262643,0.047493817,0.048130598,0.047433447,0.060728427,0.061178478,0.059839293,0.058208694,0.057482274,0.057638787,0.058195131,0.059313003,0.000497408,2.67E-05,0.004464019,0.0007143,0.003422636,0.000356259,0,-0.044327273,0.021140065,0.01684226,0.013223617,0.00772426,0.00212248,0.000399963,0.0289266,0.020932185,0.01461858,0.006400456,0.000801938,6.56E-05,0.003696515,0.000101703,0.0357991,0.015392487,0.031571485,0.011631526,0.7115096,0.65614223,0.06489351,0.06050479,0.05637191,0.048786007,0.03595718,0.025941487,0.01817169,0.008411623,0,-0.13709209
1,193,0,0.13622594,0,1.3042861,0,0.43412462,0,-0.089891818,0,0.22783315,0,-0.01363949,0,0.0166577,0,0.050141419,0,0.075458956,0,0.094840625,0,0.06397872,0,-0.088027201,0.044901633,0.06379808,0.07228284,0.0656002,0.05914296,0.047011267,0.026684545,0.012120957,0.13044456,0.11744738,0.10494185,0.0815338,0.0429068,0.017819641,0.0854399,0.07885491,0.07250384,0.060534466,0.039714128,0.023276335,0.043766443,0.037070073,0.030972814,0.02074297,0.00778437,0.002257101,0.0787206,0.06444212,0.051579446,0.030869883,0.008477187,0.001353397,0.021147566,0.016869094,0.013210388,0.007657992,0.002282135,0.000508697,0.027610967,0.020247187,0.014462726,0.006789356,0.000923595,7.80E-05,0.060987365,0.05443199,0.048297983,0.037318673,0.020556672,0.010175292,0.10551728,0.09156897,0.07865683,0.056222178,0.025241729,0.009622312,0.019792391,0.015674604,0.012201663,0.006989215,0.001926989,0.00039722,0.0251004,0.01786242,0.012350628,0.005380328,0.000627825,3.03E-05,0.021220006,0.017059144,0.013493911,0.008041463,0.002176246,0.000368112,0.028018804,0.020419544,0.014356832,0.006595362,0.00085448,2.98E-05,0.02082786,0.016732674,0.013237822,0.007789735,0.0020421,0.000360369,0.027193008,0.019800652,0.013997234,0.006238428,0.000876411,4.19E-05,0.050809614,0.043711025,0.037142143,0.025813095,0.010559168,0.003425446,0.09198425,0.0769103,0.063180886,0.040021658,0.012183773,0.002388733,0.12257741,0.11670615,0.11097237,0.09986846,0.07925366,0.06126064,0.11198277,0.10574832,0.099686615,0.088005796,0.06664878,0.04831375,0.055055031,0.055565645,0.056023844,0.055586609,0.055059256,0.055208063,0.055649397,0.054464284,0.047584731,0.048066795,0.048538356,0.048161652,0.047703944,0.047954239,0.048563566,0.047874223,0.061249017,0.061698214,0.060178192,0.058591616,0.057897084,0.058074994,0.058638455,0.059755994,0.000507884,2.75E-05,0.004519417,0.000725408,0.003477532,0.000365833,0,-0.065403226,0.021131506,0.01683563,0.01321862,0.007721334,0.002121817,0.000399879,0.028898442,0.020911472,0.014604263,0.006394535,0.000801385,6.56E-05,0.003835819,0.000110839,0.04590747,0.022916725,0.03321673,0.012720642,0.73808205,0.79009473,0.06486958,0.060482647,0.056351908,0.04876936,0.035945415,0.025933385,0.018167846,0.00840959,0,-0.21732908
1,194,0,0.10335437,0,-0.052674564,0,-0.005597002,0,0.17287894,0,-0.15102904,0,-0.93357834,0,-0.32159001,0,0.21868847,0,-0.17308011,0,-0.005074207,0,0.06294043,0,-0.10084236,0.043941,0.062763475,0.08045948,0.073937915,0.067608744,0.05558789,0.034989078,0.019133044,0.13637541,0.12355835,0.11125685,0.08824917,0.04976071,0.023209803,0.08532027,0.07876129,0.072437316,0.06052371,0.03978144,0.023399908,0.04417439,0.037450153,0.03131317,0.02100614,0.007917084,0.002302446,0.07864319,0.064344175,0.051472865,0.03077599,0.008435083,0.001338937,0.02057752,0.016384596,0.012854116,0.007562606,0.002199616,0.000497552,0.027518291,0.020051394,0.014264463,0.00661575,0.000944418,0.000115196,0.060445726,0.053907454,0.047799744,0.036921788,0.020248154,0.009967696,0.10410526,0.090168394,0.077303275,0.055008728,0.02450529,0.009289516,0.019809011,0.015701273,0.012229506,0.00707358,0.001977525,0.000415549,0.025161931,0.017924756,0.012382014,0.005382249,0.000653732,3.32E-05,0.021138545,0.016953843,0.013381398,0.007944427,0.002160968,0.000361988,0.027972674,0.020390103,0.014360791,0.0065585,0.000867056,2.87E-05,0.02087255,0.016748412,0.013244752,0.007790964,0.002034513,0.000358726,0.027188232,0.019796873,0.013950657,0.00621867,0.000878927,4.38E-05,0.050111547,0.04305368,0.036551908,0.025371578,0.010310128,0.003331953,0.09050592,0.07549309,0.061883785,0.039019596,0.011696642,0.002301501,0.16809049,0.16255099,0.15710925,0.14647993,0.12647897,0.10816342,0.1120451,0.10583262,0.099788666,0.08813629,0.06683954,0.048544638,0.055114681,0.055635756,0.056099096,0.055568453,0.055073512,0.055248731,0.055673018,0.05452516,0.04654026,0.047028752,0.047507288,0.047046858,0.046631574,0.046922963,0.047540121,0.046960749,0.060197917,0.060654222,0.058965331,0.057433376,0.056789322,0.057021134,0.057623132,0.058795849,0.000518033,2.81E-05,0.004426779,0.000690501,0.00335524,0.000336824,0,-0.1139915,0.021233356,0.016921863,0.013286981,0.0077627,0.002134296,0.000401027,0.02894934,0.020923821,0.014613841,0.006416063,0.000811903,6.57E-05,0.008560182,0.000677077,0.09159389,0.0631519,0.033464048,0.012934555,0.72974396,0.7876106,0.06537729,0.060981203,0.05680194,0.049111146,0.036260463,0.026177775,0.018413013,0.008550478,0,0.16531103
1,195,0,0.009869689,0,-0.62671567,0,0.18201221,0,0.16781361,0,-0.1039264,0,2.5867392,0,0.53908949,0,-0.10594777,0,-0.092743574,0,0.15256585,0,0.0647592,0,-0.22383325,0.044923699,0.064582504,0.07965488,0.07309017,0.066706285,0.054586772,0.033870872,0.018038655,0.13714723,0.12426504,0.11184672,0.08863822,0.049732603,0.022950577,0.10620123,0.099958904,0.09388621,0.08225722,0.06123104,0.04334046,0.04530121,0.03849634,0.032273225,0.021763349,0.00830027,0.002452152,0.08119438,0.066747956,0.053639233,0.032409277,0.009078031,0.001516061,0.02070752,0.016526243,0.012980242,0.007617143,0.002230938,0.000515065,0.027455973,0.020047443,0.014299287,0.006635476,0.000957413,0.000107666,0.06170462,0.05509647,0.04892307,0.03789955,0.020928098,0.010372249,0.10682443,0.09277233,0.079754524,0.057073984,0.025737392,0.009869108,0.019769466,0.015666522,0.012206604,0.00704866,0.001964194,0.00041152,0.025054032,0.01785046,0.012341482,0.005364444,0.000648591,3.13E-05,0.021118408,0.016947474,0.013381192,0.007951866,0.002157958,0.000362245,0.027887134,0.020325843,0.014311337,0.00654412,0.000861679,2.88E-05,0.020826915,0.016714592,0.013223208,0.007776279,0.002032562,0.00035854,0.027096406,0.019731011,0.013916107,0.006200625,0.000875167,4.33E-05,0.05149994,0.044358138,0.037754055,0.02634462,0.010844968,0.003546384,0.093452126,0.07827342,0.06443594,0.041041393,0.012645843,0.002553148,0.15635666,0.15072766,0.14518209,0.13436045,0.11411712,0.09572031,0.10549489,0.09915614,0.09299495,0.08118357,0.059759896,0.041681346,0.055224315,0.05573116,0.056190979,0.055560698,0.055095196,0.055294564,0.055700144,0.054587853,0.048524348,0.049005814,0.049477614,0.048902847,0.048499448,0.048789577,0.049346044,0.04867808,0.062199847,0.062648851,0.060767124,0.05926888,0.058639149,0.058861552,0.059440847,0.060560824,0.000555433,3.07E-05,0.00463516,0.000737311,0.003575969,0.000377018,0,0.095163985,0.021177268,0.016874494,0.013253042,0.007742734,0.002129767,0.000400708,0.02884401,0.020850226,0.014562687,0.006390031,0.000807372,6.56E-05,0.007693757,0.000520708,0.07926552,0.051543243,0.02720257,0.00878885,0.7425713,0.6103767,0.065152764,0.06076413,0.05661428,0.048960507,0.036136754,0.026086355,0.018335057,0.008497903,0,-0.054825946
1,196,0,-0.26441082,0,-0.052713223,0,-0.042663306,0,0.090655902,0,-0.1649256,0,6.7858789,0,4.6027811,0,-0.026230988,0,0.008154707,0,-0.12508765,0,0.06732444,0,-0.24195778,0.046843292,0.06714789,0.09412699,0.0877188,0.08147699,0.06948554,0.04813957,0.030799652,0.15124106,0.13856441,0.12638503,0.10345054,0.06404954,0.03451425,0.10902591,0.10277401,0.09668495,0.08500426,0.06382911,0.045724273,0.048294384,0.04127476,0.034828287,0.023815976,0.009371868,0.002871859,0.086608276,0.07183627,0.05825649,0.035918627,0.010478979,0.001923231,0.02041818,0.016292628,0.012821136,0.007604295,0.002330563,0.000509126,0.027376698,0.019921629,0.014187072,0.00664289,0.001006882,0.000124922,0.06368805,0.056996267,0.050692048,0.03942856,0.021971067,0.010999719,0.11082947,0.0965651,0.0832348,0.059931584,0.02747828,0.010628264,0.019748034,0.01567482,0.012234149,0.007059455,0.002007073,0.000429408,0.024975443,0.017783102,0.01224895,0.005308967,0.000650898,3.46E-05,0.020986026,0.016799908,0.013235858,0.007832246,0.002152734,0.000361759,0.027664514,0.020182615,0.014230919,0.006460584,0.000866994,2.98E-05,0.020833101,0.01668751,0.013170692,0.007785582,0.002039416,0.000353411,0.026911417,0.01957945,0.013764079,0.006147909,0.000884094,4.60E-05,0.05350234,0.04626002,0.03952715,0.027840536,0.011717823,0.003899262,0.09769152,0.082313396,0.06815453,0.04404795,0.01406554,0.003010806,0.11283232,0.1067678,0.10087889,0.089597404,0.06878719,0.050919127,0.08423203,0.07746764,0.07096456,0.058609247,0.037099376,0.020698959,0.055348042,0.055833605,0.05628762,0.055555885,0.055119263,0.055342114,0.055728494,0.054651186,0.05130232,0.051772612,0.052233934,0.051536124,0.051136957,0.051414563,0.051892224,0.05108336,0.065001481,0.065439286,0.063358863,0.061888545,0.061263317,0.061460183,0.062001636,0.063043339,0.000671145,3.71E-05,0.004992184,0.000772316,0.003878696,0.000421852,0,-0.10923696,0.021210745,0.016921883,0.013275589,0.00776668,0.002130222,0.000397388,0.028687032,0.02073,0.01447874,0.006369975,0.000811873,6.41E-05,0.017669965,0.003364022,0.03608156,0.015414804,0.009706596,0.000919285,0.6540532,0.5980091,0.065552086,0.061142556,0.05694425,0.049205836,0.03632731,0.026279619,0.018543169,0.00871622,0,-0.12946613
1,197,0,-0.097907695,0,-0.28610601,0,0.18003065,0,-0.018358377,0,-0.17557009,0,1.1779594,0,0.81202246,0,0.031793948,0,0.11306839,0,-0.020217335,0,0.06939327,0,-0.16858305,0.048590229,0.0692178,0.09276013,0.086294,0.07999754,0.067901425,0.04643076,0.029082682,0.15167966,0.13888498,0.12657481,0.10343137,0.06359671,0.03386077,0.12476148,0.11866554,0.11270069,0.10123427,0.08010309,0.061533626,0.049670894,0.042560056,0.036015503,0.024775567,0.009878138,0.003077517,0.08963019,0.07471465,0.06091985,0.03796945,0.011340149,0.002178444,0.020314466,0.016197776,0.012745853,0.007557933,0.002292327,0.000497905,0.027212415,0.019787133,0.014083246,0.006574409,0.000984958,0.00012147,0.06514804,0.058379557,0.05200042,0.040572617,0.022784395,0.011475925,0.11393992,0.09954745,0.08607556,0.06236739,0.028986761,0.011373324,0.019701663,0.015637003,0.012195447,0.007049329,0.001995505,0.000425725,0.024867538,0.017708836,0.012198737,0.005291315,0.000646833,3.40E-05,0.02095694,0.016782533,0.013225736,0.007834063,0.002147071,0.000358443,0.02756042,0.020104222,0.014169822,0.006442203,0.000862357,2.88E-05,0.020774182,0.016650308,0.013146019,0.007761804,0.002029711,0.000353781,0.026805446,0.019508876,0.013720417,0.006125546,0.000877352,4.47E-05,0.055106953,0.047781523,0.04093948,0.02899589,0.012386814,0.00418447,0.10107821,0.08555007,0.07116057,0.04650978,0.015268054,0.003360593,0.09584571,0.08958293,0.0834823,0.07182576,0.050891835,0.03385691,0.078836404,0.07188536,0.06520354,0.052595768,0.03102632,0.015338408,0.05546264,0.055932151,0.056382142,0.0555495,0.055142047,0.055389104,0.055756453,0.054714453,0.053554994,0.054017394,0.0544708,0.053654355,0.053264486,0.053537325,0.053947814,0.053032419,0.06727446,0.067703825,0.065428803,0.063989367,0.063375005,0.063557427,0.064072185,0.065055968,0.000731221,4.00E-05,0.005254087,0.000831311,0.00417163,0.000471642,0,0.019447539,0.02115171,0.016871946,0.013236985,0.007742841,0.002125006,0.000396764,0.028570024,0.020646632,0.014420631,0.006341937,0.0008074,6.42E-05,0.016131295,0.002679748,0.020749183,0.005685175,0.005818501,0.000243257,0.6334498,0.528761,0.065308765,0.060916595,0.05673301,0.049025685,0.03619608,0.026172316,0.01845448,0.008645348,0,0.20018831
1,198,0,-0.073875292,0,2.3348917,0,-0.082174212,0,0.088340022,0,-0.046264983,0,-0.57556723,0,0.43625174,0,0.11159934,0,-0.24418317,0,0.13383115,0,0.065311484,0,-0.039009966,0.048739965,0.06514192,0.08905717,0.08261484,0.07635069,0.06433799,0.043250114,0.02639499,0.14553793,0.13279575,0.12057662,0.097634986,0.058591086,0.030044286,0.098438494,0.09207495,0.0858874,0.074099764,0.053017348,0.03548827,0.046624765,0.039722864,0.033397615,0.022660576,0.008765947,0.002631648,0.083328575,0.068741344,0.055432506,0.033757564,0.009607232,0.001667001,0.020371726,0.016232638,0.012791926,0.00758776,0.002287219,0.000491084,0.02740887,0.019923877,0.014180789,0.006612345,0.000984425,0.000116103,0.06231291,0.05568755,0.049458638,0.038366027,0.021221368,0.01055126,0.1079612,0.09384013,0.08066906,0.057803817,0.026176646,0.010043141,0.019777237,0.01569521,0.012235969,0.007077285,0.002000139,0.000426245,0.025062846,0.017848125,0.012296339,0.005335329,0.000652654,3.39E-05,0.021045811,0.016855337,0.013284546,0.007871833,0.002154725,0.000359288,0.027785655,0.020266607,0.0142827,0.006497133,0.000868719,2.87E-05,0.020851169,0.01671487,0.013198883,0.007788943,0.00203535,0.000355541,0.027022837,0.019668657,0.013835044,0.006175289,0.000882857,4.46E-05,0.052059162,0.0448912,0.03825435,0.026785344,0.011097205,0.00364936,0.09464325,0.07940435,0.06546761,0.041876946,0.013033626,0.002699058,0.10777069,0.10168929,0.09577995,0.08448278,0.06375843,0.04620747,0.07408989,0.06717992,0.060540114,0.048057113,0.027087588,0.012439476,0.05546801,0.055976615,0.056440372,0.055521754,0.055149771,0.055425256,0.055777297,0.054774243,0.049277238,0.049762358,0.050237139,0.049371528,0.04905638,0.04941525,0.049907064,0.049314009,0.062965906,0.063417406,0.060998178,0.059636845,0.059111577,0.059413812,0.060029634,0.061175933,0.000602579,3.34E-05,0.004751617,0.000727751,0.003647598,0.000382953,0,-0.017866011,0.021228315,0.016931063,0.013284175,0.007769169,0.002132483,0.000398361,0.028797831,0.020810923,0.014534892,0.006390464,0.000813006,6.48E-05,0.014122617,0.002041698,0.031809717,0.012567723,0.004112744,9.56E-05,0.5988664,0.75157994,0.065526105,0.06111365,0.05692166,0.04918506,0.036314458,0.026257126,0.018507492,0.00866001,0,-0.39731692
1,199,0,-0.30284365,0,1.9000649,0,-0.032499416,0,-0.20976878,0,-0.20635128,0,-0.32245754,0,-0.037501195,0,-0.30284001,0,-0.13841095,0,-0.0247726,0,0.06983124,0,-0.12426183,0.049041028,0.06966065,0.093538985,0.08707266,0.08077613,0.06867599,0.04714991,0.029718183,0.1527462,0.13995211,0.1276404,0.10448067,0.06454759,0.034627024,0.08962821,0.08295317,0.07649047,0.06428347,0.042870305,0.025783002,0.05010803,0.04296828,0.03639451,0.02508194,0.010043237,0.00314514,0.09052152,0.07556262,0.061707698,0.038578656,0.011602259,0.002256838,0.020309407,0.01619485,0.012742327,0.007561137,0.002301392,0.000504107,0.027187271,0.01977154,0.014073685,0.006567135,0.00098817,0.000122123,0.06553814,0.05874776,0.052352365,0.040877797,0.023001978,0.01160623,0.11476532,0.10033324,0.08682436,0.063003324,0.029383387,0.011563774,0.019692391,0.01563041,0.012191755,0.007045479,0.001995235,0.000426133,0.024842108,0.017690325,0.012186027,0.005284725,0.000646116,3.41E-05,0.020943435,0.01677113,0.013216021,0.007827137,0.002146148,0.000358492,0.02752881,0.020081878,0.014154731,0.006433808,0.000861547,2.89E-05,0.02076525,0.016641961,0.013138796,0.007758872,0.002029459,0.00035343,0.026775422,0.019486157,0.013703361,0.006118545,0.000876956,4.48E-05,0.05552407,0.048177317,0.04130979,0.02930427,0.012569132,0.004265346,0.10195964,0.086396016,0.071947485,0.047162198,0.015590691,0.003460735,0.12375763,0.11778721,0.11197992,0.10076773,0.07989852,0.06155877,0.08010712,0.073167875,0.066490695,0.053885303,0.032222632,0.016299644,0.055627535,0.056097101,0.056549313,0.055524458,0.055179126,0.055477024,0.055808523,0.054839204,0.054132254,0.054596287,0.05505114,0.054039257,0.053707664,0.054025715,0.054391054,0.0535209,0.067860635,0.068291122,0.065658242,0.0643082,0.063761695,0.063994854,0.064532143,0.065530924,0.000751165,4.10E-05,0.005325483,0.00084618,0.00424717,0.000483585,0,-0.28817868,0.021143014,0.016865656,0.013231816,0.007740177,0.002124165,0.000396502,0.028539045,0.020624243,0.014405018,0.006335582,0.000806764,6.41E-05,0.01663279,0.002865668,0.04601072,0.022698995,0.006449329,0.000322854,0.46378425,0.9076031,0.06529061,0.06090142,0.0567165,0.04901269,0.036185633,0.02616565,0.018452369,0.00864918,0,-0.28630356
1,200,0,0.15903701,0,-0.21743744,0,0.14797971,0,0.12807439,0,0.05256055,0,0.31377186,0,0.16411416,0,-0.077556379,0,0.052154482,0,0.33396837,0,0.07249101,0,-0.18122488,0.052420992,0.07232193,0.09007928,0.08350971,0.0771023,0.064830594,0.04314444,0.025850464,0.15192391,0.1389754,0.12644777,0.10292136,0.062398378,0.03234616,0.09544739,0.08881161,0.082379274,0.07019551,0.048551675,0.030888906,0.051710825,0.04447121,0.037789706,0.026210142,0.010657474,0.003402887,0.09418644,0.0790573,0.064993955,0.04115141,0.012730807,0.002607146,0.020311987,0.016164364,0.012700507,0.007517954,0.002203527,0.000487499,0.02700031,0.019650156,0.013949635,0.006474014,0.000938994,0.000118798,0.06738963,0.06051084,0.054031007,0.042351566,0.02406718,0.012241552,0.11875825,0.10419026,0.09050725,0.06623588,0.03138625,0.012593449,0.019629827,0.015567863,0.012128396,0.007023183,0.001971657,0.000419303,0.024693292,0.017592033,0.012137051,0.005271565,0.000643597,3.33E-05,0.020917786,0.016763093,0.013222598,0.007844572,0.002139034,0.000356955,0.027411997,0.019986752,0.014082149,0.00642008,0.000853898,2.78E-05,0.020684749,0.016591879,0.013113087,0.007719426,0.00201433,0.000354357,0.02664971,0.019402947,0.013661175,0.006092976,0.00086501,4.33E-05,0.057615075,0.050140712,0.043148097,0.030830413,0.013449801,0.004653811,0.10629044,0.09058024,0.07584546,0.050412852,0.017248323,0.003957557,0.11145493,0.10531378,0.0993076,0.087829486,0.066743605,0.048659503,0.08044188,0.07342388,0.06666189,0.053892847,0.031961925,0.015857235,0.055752147,0.056201372,0.056647051,0.05552083,0.055204271,0.055525587,0.055837873,0.054903321,0.057013779,0.057467812,0.05791116,0.056773879,0.056445725,0.056750078,0.057033722,0.056015473,0.070768281,0.0711867,0.068356273,0.067031614,0.066487547,0.066693551,0.067192782,0.068115598,0.000828922,4.67E-05,0.005663097,0.000931364,0.004642451,0.000557509,0,0.086617434,0.021054164,0.016784785,0.013175401,0.007701565,0.002116832,0.000396844,0.028392136,0.020520516,0.014332171,0.006297823,0.000799445,6.43E-05,0.013342387,0.001666198,0.033798248,0.013594015,0.006049984,0.000247932,0.48258775,0.89916337,0.06489841,0.060529087,0.056376435,0.04872291,0.035976928,0.025999522,0.01830705,0.008528817,0,1.0749825
1,201,0,-0.52185464,0,-0.27719112,0,-0.069239542,0,-0.10599099,0,-0.36530259,0,1.0386347,0,0.086991828,0,-0.11345564,0,-0.41930455,0,-0.044532166,0,0.07243549,0,-0.12368603,0.054217963,0.072269045,0.10267625,0.09627367,0.090043195,0.07802437,0.056216646,0.03808683,0.16247107,0.14987431,0.1376903,0.11461873,0.074367605,0.043061685,0.10226668,0.09576675,0.089484714,0.07746118,0.05587157,0.037781287,0.052642882,0.04534671,0.038600843,0.026877781,0.011043983,0.003555025,0.09541909,0.08022077,0.066067114,0.04198261,0.013095689,0.002720441,0.020245127,0.016174367,0.012713371,0.007548711,0.002363123,0.000528575,0.026985856,0.019688208,0.014035774,0.006603248,0.001004299,0.000126158,0.067554064,0.06066565,0.05417854,0.04246187,0.024142766,0.012321956,0.118952,0.1043467,0.09062505,0.06622264,0.03141142,0.012541044,0.019650443,0.015594559,0.012184272,0.007016444,0.002004827,0.000421646,0.024706567,0.017582128,0.012110892,0.005239363,0.000644815,3.63E-05,0.020851454,0.016683912,0.013147602,0.007764964,0.002143483,0.000363334,0.027357932,0.01996022,0.014083397,0.006383361,0.000860793,3.08E-05,0.0207499,0.016601145,0.013097806,0.007754934,0.00203716,0.000349493,0.026613133,0.019351274,0.013595764,0.00608271,0.000879333,4.80E-05,0.057640713,0.050169628,0.04319164,0.030899592,0.013533066,0.004712375,0.10635933,0.0906464,0.07595149,0.05047394,0.017252892,0.004023294,0.09918046,0.092894,0.08677662,0.07505586,0.0538909,0.036468394,0.083261475,0.0763046,0.06959939,0.056920145,0.03492384,0.018399041,0.05583075,0.056281659,0.056729713,0.05550789,0.055222734,0.055569569,0.05586407,0.054965959,0.057011324,0.057466656,0.057912591,0.056680271,0.056384343,0.056715294,0.056982986,0.056006618,0.070767103,0.071187962,0.068180804,0.066902745,0.066395654,0.066632599,0.067148432,0.06808787,0.000873944,5.00E-05,0.005712193,0.00092786,0.004624891,0.000539703,0,-0.11531464,0.021126658,0.016858902,0.013227702,0.007738939,0.002120242,0.000396311,0.02838123,0.020507542,0.014325705,0.006307344,0.000807982,6.29E-05,0.02373066,0.00623895,0.022863599,0.006715557,0.007819735,0.000502734,0.16806479,0.8641094,0.065385416,0.06099171,0.056807578,0.049079243,0.036226917,0.02624048,0.018552369,0.008753906,0,-0.4257486
1,202,0,-0.35127861,0,0.53628696,0,-0.00792341,0,-0.35760005,0,-0.15506008,0,0.795654,0,-0.13206559,0,-0.16944511,0,-0.31350852,0,0.068258887,0,0.07502879,0,-0.2200668,0.0535344,0.07486474,0.11160403,0.10527897,0.099097595,0.08716872,0.065232456,0.046565276,0.17209214,0.15966146,0.14758432,0.1245847,0.084164,0.05182727,0.09207064,0.085302375,0.07872987,0.06628043,0.044386536,0.026843878,0.0550683,0.04763673,0.04072499,0.02863437,0.012052129,0.003981453,0.10013505,0.08473972,0.07032485,0.045408517,0.014649991,0.003221009,0.020273995,0.016184537,0.012723619,0.00756664,0.002346222,0.000528631,0.02690834,0.019659823,0.01403142,0.006603031,0.001026814,0.000116579,0.06952617,0.06254051,0.05596166,0.044042166,0.025266513,0.013051235,0.12304008,0.10830504,0.09438466,0.069467254,0.03343469,0.013603427,0.019608727,0.01555888,0.012166219,0.007006677,0.002008896,0.000413178,0.024569046,0.017475553,0.012023056,0.005186716,0.000639383,4.03E-05,0.02077178,0.016616832,0.013107617,0.007716666,0.002144647,0.000367098,0.027206047,0.019844947,0.014012712,0.006344847,0.000862503,3.25E-05,0.020727118,0.016567172,0.013082981,0.007750374,0.002046817,0.000345498,0.026451299,0.019227559,0.013503631,0.006065813,0.000878509,5.14E-05,0.059736736,0.05213953,0.04504245,0.032487478,0.014518056,0.005186361,0.11067373,0.0948255,0.079927616,0.053767584,0.018977612,0.004621243,0.09129962,0.08483067,0.078557,0.06659653,0.045251124,0.028290318,0.09515702,0.0883936,0.08184118,0.06936606,0.047076717,0.029168991,0.055955749,0.056386688,0.056828656,0.055504857,0.055248196,0.055618634,0.055893808,0.055030404,0.059825445,0.060270803,0.060705821,0.059347247,0.059055317,0.059373736,0.059560889,0.058440762,0.07360652,0.074015947,0.070811876,0.069558613,0.069054389,0.0692657,0.069745695,0.070614125,0.001005315,5.89E-05,0.006091647,0.001013041,0.005027579,0.000589669,0,-0.11091062,0.021108698,0.016848527,0.01322229,0.00773635,0.002114518,0.000397476,0.028227508,0.020395592,0.014251079,0.006279356,0.000812174,6.18E-05,0.031239156,0.010887891,0.015864968,0.003215157,0.01602011,0.002683716,0.03749318,0.96204185,0.06543244,0.06102982,0.056855805,0.04914977,0.036250055,0.026293796,0.018644022,0.008820855,0,0.23804669
1,203,0,-0.11479491,0,0.29378587,0,0.035630122,0,-0.13700912,0,-0.098092902,0,-0.56679503,0,-0.13776282,0,-0.14766153,0,0.019410716,0,-0.034849962,0,0.07681694,0,-0.12335244,0.058159989,0.076656125,0.12407876,0.11788928,0.11181091,0.10003389,0.07815905,0.0590078,0.18433224,0.17213595,0.1602776,0.13758788,0.0972637,0.06409407,0.09199772,0.085181974,0.078556456,0.065988496,0.04391915,0.026286347,0.057015568,0.049477957,0.04244052,0.030077877,0.012892538,0.004345863,0.10379118,0.088255495,0.07365593,0.048131593,0.015932055,0.003655799,0.020206569,0.016107274,0.012669302,0.007505544,0.002311224,0.00053332,0.026853127,0.01962156,0.013995258,0.006589746,0.001065929,0.000126139,0.07091903,0.06389311,0.05723942,0.04520735,0.026076386,0.01362092,0.12594832,0.11111369,0.097086266,0.0718662,0.034916807,0.01438191,0.019577857,0.01554022,0.012138458,0.007005455,0.002026495,0.000395359,0.024475096,0.017390985,0.011953535,0.00513522,0.000634301,4.13E-05,0.020724876,0.016579382,0.013074359,0.007690315,0.002150964,0.000371857,0.0270957,0.019762266,0.013966335,0.006322817,0.00086499,3.51E-05,0.020737253,0.016586274,0.013090304,0.007763636,0.002071147,0.000342982,0.02633372,0.01913446,0.013418327,0.00606727,0.000884399,5.89E-05,0.06123475,0.053549226,0.046358835,0.033648565,0.01528376,0.005559508,0.11371011,0.09779128,0.082765326,0.056146923,0.020278296,0.005121903,0.10810529,0.10184822,0.0957453,0.08402948,0.062654585,0.044501994,0.09757251,0.09081045,0.08425034,0.07175368,0.049326558,0.031134086,0.056083432,0.056500256,0.056939272,0.055496677,0.055275658,0.055675462,0.055928136,0.055107149,0.061796203,0.062234583,0.062663221,0.061168663,0.060895744,0.06121883,0.061341382,0.060141347,0.075595003,0.075997639,0.072568289,0.07135512,0.070871131,0.071079964,0.071543507,0.072372031,0.00112858,6.60E-05,0.00639038,0.001078123,0.005313459,0.000618856,0,-0.14564405,0.021121984,0.016861388,0.013238643,0.007745969,0.002106765,0.000399381,0.028116964,0.020314768,0.014199553,0.00626611,0.000818981,6.02E-05,0.042806573,0.01930032,0.02981557,0.010752903,0.017547686,0.003243849,0.01,0.99537605,0.06557468,0.061203778,0.057032034,0.049309246,0.03636651,0.026393939,0.018807726,0.008920278,0,-0.086342865
1,204,0,0.62618471,0,0.37006375,0,0.15181381,0,0.010660768,0,-0.11465427,0,0.10603541,0,0.086694185,0,0.072737658,0,0.18312947,0,-0.19486607,0,0.07791806,0,-0.003167191,0.059631128,0.077760436,0.11172733,0.10534094,0.09912174,0.08709918,0.06498662,0.046152245,0.17431709,0.16181538,0.1496582,0.12648432,0.085588895,0.052794028,0.09270664,0.08587217,0.07922756,0.066612534,0.04443624,0.026693221,0.057314597,0.049754273,0.04270224,0.030290242,0.012999702,0.004398287,0.10478441,0.089228496,0.07459765,0.04893572,0.016322551,0.003791401,0.020226227,0.016147943,0.012691606,0.007549014,0.002347466,0.000532741,0.026722273,0.019518832,0.013936603,0.006561873,0.001014416,0.000121779,0.07168324,0.06461044,0.057927597,0.04578522,0.02653255,0.01383611,0.12759988,0.11270985,0.098602526,0.07319806,0.0358374,0.014896264,0.019548312,0.01550885,0.012125867,0.006982916,0.002001138,0.000414724,0.024426194,0.01737733,0.011960317,0.00516304,0.000635929,3.90E-05,0.020716641,0.016572146,0.01307148,0.007700126,0.002136432,0.000364929,0.027048234,0.019731605,0.01393039,0.006308309,0.000856204,3.17E-05,0.0206599,0.016513735,0.013038734,0.007723999,0.00203706,0.000344931,0.02630132,0.019120459,0.013430341,0.006027045,0.000872403,5.01E-05,0.06210986,0.054392572,0.04716784,0.034282714,0.015636723,0.005701664,0.11554681,0.09958189,0.08443704,0.057602197,0.021073878,0.005353888,0.10468403,0.09835999,0.09220699,0.08037725,0.05887755,0.04084673,0.10046535,0.09372868,0.08718862,0.074723266,0.052243307,0.03377598,0.056182297,0.056592169,0.05702582,0.055488835,0.05529806,0.055722382,0.05595653,0.055171121,0.063024429,0.063459996,0.063881178,0.062281222,0.062028456,0.062361053,0.062439161,0.061199786,0.076835837,0.077227135,0.073619919,0.072443298,0.071980889,0.072195819,0.072653414,0.073461613,0.001142269,6.68E-05,0.00653856,0.001117048,0.005542256,0.000676611,0,0.17481245,0.021038799,0.016792126,0.01317737,0.007710115,0.002109098,0.000396049,0.028064143,0.020277942,0.014168618,0.006242016,0.000805735,6.16E-05,0.030734593,0.010393095,0.026479695,0.008605016,0.019718358,0.004178431,0.6659194,0.70094866,0.06519279,0.06080597,0.056643546,0.04895827,0.03611914,0.026188599,0.018556317,0.008775446,0,0.59170027
1,205,0,0.11938245,0,-0.17466766,0,0.40082174,0,-0.018481078,0,-0.099076148,0,3.5213938,0,0.3167711,0,0.15784272,0,0.11262334,0,0.07879478,0,0.07817076,0,-0.11995099,0.059644264,0.07801585,0.10874866,0.10231873,0.096057914,0.08396236,0.061793763,0.043064717,0.17197894,0.15938044,0.14715058,0.12386125,0.08280333,0.050118204,0.09932727,0.092628956,0.08609959,0.073712215,0.051604666,0.033394825,0.057375368,0.049811326,0.042756114,0.030334378,0.013020861,0.004408815,0.10503082,0.08947007,0.07483129,0.049137462,0.016421705,0.003826055,0.020140706,0.016084999,0.012645113,0.007522325,0.002339474,0.000525521,0.026659286,0.019456396,0.013871859,0.00653209,0.001005553,0.000121472,0.0718733,0.06479441,0.05810905,0.045935113,0.026659181,0.013895561,0.12804084,0.11312551,0.09900937,0.073558986,0.036097594,0.015032595,0.019536858,0.01550182,0.012114814,0.00697552,0.001997287,0.000417806,0.02441461,0.017372947,0.011963979,0.005172499,0.000637871,3.77E-05,0.020722346,0.01657828,0.013069979,0.007711107,0.002132691,0.000362894,0.0270364,0.019724837,0.013921266,0.006306732,0.00085288,3.09E-05,0.020640843,0.016505668,0.013025309,0.00771552,0.002030299,0.000346371,0.026295543,0.019118775,0.013431605,0.006016404,0.00087058,4.84E-05,0.06234382,0.054617636,0.047384795,0.034456328,0.015730547,0.005745651,0.11603504,0.10006142,0.08488249,0.057994287,0.021287166,0.005418616,0.083661854,0.07696367,0.07049308,0.058203775,0.036705688,0.02039581,0.1000849,0.09333562,0.08678083,0.07428993,0.05177353,0.033319343,0.056267276,0.056676617,0.056946383,0.055478058,0.055318498,0.055768099,0.055984076,0.055234653,0.063349947,0.063785635,0.064041436,0.062508509,0.062284977,0.06263974,0.062694081,0.061474942,0.077165571,0.077247616,0.073751757,0.072623605,0.072197103,0.072438256,0.072907153,0.073722524,0.001145013,6.69E-05,0.006578775,0.001127455,0.005606738,0.000692267,0,0.00291228,0.021016851,0.016773118,0.013161333,0.007700772,0.002108762,0.00039504,0.028050654,0.02026873,0.014160734,0.006236537,0.000801695,6.20E-05,0.027912397,0.008506648,0.009574545,0.001076589,0.019315084,0.003979634,0.68526626,0.65730447,0.06508059,0.06070523,0.05654346,0.048856776,0.03605678,0.026128363,0.018490992,0.008736351,0,0.21226024
1,206,0,-0.37547861,0,0.47768016,0,-0.05025226,0,-0.15809443,0,0.20930398,0,0.093757608,0,-0.3186981,0,-0.24211529,0,-0.165498,0,-0.03616284,0,0.0797315,0,0.10841613,0.059772522,0.07958008,0.12913676,0.1229622,0.11689468,0.10512824,0.08318067,0.06378646,0.19090906,0.17874779,0.16692914,0.14423154,0.10368478,0.06993557,0.09559795,0.08877106,0.08213133,0.06950166,0.047186438,0.029131927,0.059552632,0.05188648,0.04470667,0.031991947,0.014011164,0.004848836,0.10889537,0.09319159,0.07835961,0.052065156,0.0178841,0.004332692,0.020162648,0.01606193,0.012637666,0.007488052,0.0022872,0.000536145,0.026722366,0.01952182,0.013933881,0.006571565,0.001067835,0.000127923,0.073163785,0.0660619,0.05930534,0.04705378,0.02742299,0.014477837,0.13065688,0.11568797,0.10148464,0.075793825,0.037432585,0.015748095,0.01952666,0.015500247,0.012103101,0.006990736,0.002027657,0.000393384,0.02433156,0.017285712,0.011881922,0.005103566,0.000629991,4.17E-05,0.020663872,0.016531914,0.013033727,0.007669301,0.002147452,0.000372002,0.02693076,0.01964359,0.013882011,0.006287248,0.000861323,3.55E-05,0.02068644,0.016551858,0.013061124,0.007749018,0.002073599,0.000341161,0.02617367,0.01901414,0.013333552,0.006037897,0.000882609,6.06E-05,0.06368864,0.055893887,0.048560947,0.03553493,0.016486643,0.006122166,0.11871934,0.10269274,0.087441325,0.060186107,0.02252743,0.005947134,0.085378155,0.07867348,0.0721876,0.059861932,0.038181897,0.021591557,0.10730351,0.10064717,0.094164975,0.081817456,0.059309255,0.040359776,0.05637535,0.056773217,0.056875285,0.055472369,0.05534235,0.05581626,0.056013427,0.055299149,0.065069076,0.065499503,0.065582921,0.06410113,0.063892778,0.064250416,0.064248914,0.062957995,0.078900989,0.078667068,0.075272317,0.074181195,0.073773634,0.074013697,0.074469104,0.075251473,0.001297899,7.49E-05,0.006875277,0.001192712,0.00586323,0.000698647,0,-0.12837484,0.021072565,0.016821664,0.013209385,0.007729738,0.002100266,0.000398996,0.027946966,0.020191362,0.014115504,0.006232245,0.000816818,5.94E-05,0.047231648,0.022632968,0.010398469,0.001261418,0.025353799,0.007045294,0.59665847,0.7293601,0.06543998,0.06108997,0.056932796,0.049225662,0.036307395,0.026353065,0.018792031,0.008916386,0,-0.066459722
1,207,0,-0.44758362,0,0.32827531,0,0.006985608,0,-0.020293532,0,-0.18293673,0,1.0040835,0,-0.042191903,0,-0.17178645,0,-0.13252998,0,-0.04204193,0,0.083676405,0,-0.21435692,0.064488019,0.083530396,0.13974193,0.1336264,0.12761973,0.11595384,0.09402833,0.07436356,0.2030256,0.19102079,0.17932038,0.1567938,0.11619501,0.08165408,0.095227845,0.08822847,0.0814781,0.068589814,0.045830734,0.027595151,0.06302582,0.0552036,0.04783931,0.034678422,0.015630843,0.005590556,0.11575307,0.09986146,0.08474545,0.057557836,0.020735802,0.005370848,0.020041732,0.01595032,0.012530624,0.007425257,0.002238776,0.000536936,0.026428439,0.019307312,0.013765562,0.006503592,0.001066499,0.000142459,0.07612071,0.068918936,0.06205429,0.04950369,0.029222626,0.015652766,0.13680872,0.1216923,0.10727752,0.08101273,0.04088169,0.017670901,0.019478247,0.015461668,0.01207168,0.006981606,0.002038035,0.000392349,0.024158401,0.017149486,0.011793307,0.005063031,0.000622562,4.28E-05,0.020588728,0.016471453,0.012985278,0.007643773,0.002149392,0.000374644,0.026718413,0.019491442,0.013777928,0.006247177,0.000857943,3.67E-05,0.020643393,0.016525371,0.013033259,0.00773672,0.002088003,0.000344195,0.025968153,0.018849902,0.013221991,0.006006579,0.000882531,6.56E-05,0.0669152,0.059011392,0.051494125,0.038071282,0.018118989,0.006923042,0.1252558,0.10911766,0.093648374,0.065641955,0.025680175,0.007169424,0.0805806,0.07365886,0.066952035,0.054218728,0.032255683,0.016132412,0.11135848,0.10468856,0.098180115,0.08577166,0.06304965,0.0437132,0.056525496,0.056890609,0.056817826,0.055475092,0.055372332,0.055868844,0.056045717,0.05536517,0.069331952,0.069744564,0.069642157,0.068183829,0.067965813,0.068291037,0.068174514,0.066643658,0.083199444,0.082637746,0.079325566,0.078251246,0.077832053,0.078022411,0.078421234,0.079102227,0.00155305,8.78E-05,0.007558121,0.001353387,0.006645818,0.000804544,0,0.04961178,0.021024719,0.016780388,0.013180936,0.007716823,0.002092123,0.000398884,0.02772455,0.020029536,0.01400974,0.006195309,0.000816988,5.80E-05,0.057244945,0.03065977,0.006324859,0.000374089,0.028165722,0.00852124,0.5074414,0.7869833,0.06532911,0.06099996,0.056869637,0.049210776,0.036304094,0.026359212,0.018799623,0.008942758,0,-0.50200521
1,208,0,1.3173413,0,-0.46617478,0,0.062443278,0,0.075938468,0,0.072536453,0,-0.12704274,0,0.43017531,0,-0.02988444,0,0.028040857,0,0.19799381,0,0.08315815,0,0.22646188,0.065270961,0.08301481,0.12169564,0.11537302,0.10918087,0.09719396,0.07493479,0.055463433,0.18683231,0.17440507,0.16232581,0.13919893,0.09787988,0.06386057,0.10384174,0.0971035,0.09053493,0.07801481,0.055546284,0.036820382,0.06195436,0.05416777,0.04685775,0.033828598,0.015087931,0.005340417,0.11398722,0.098156564,0.083119966,0.056170303,0.020013247,0.005103661,0.02014043,0.016069802,0.012627526,0.007510437,0.002325122,0.000531382,0.026525736,0.019391524,0.013856074,0.006527848,0.00102807,0.000119177,0.07570401,0.0685133,0.061636608,0.049126524,0.028970154,0.015431147,0.13603023,0.12090566,0.10651635,0.080270976,0.040483683,0.01744453,0.019452775,0.015440534,0.012071108,0.006959324,0.002001239,0.00040143,0.024161097,0.017180296,0.011810689,0.005085423,0.000629594,4.10E-05,0.020595009,0.016475998,0.012997244,0.007645457,0.002133062,0.000366568,0.02675413,0.019513208,0.013786023,0.006241384,0.000851021,3.32E-05,0.02057753,0.016450347,0.012993451,0.007698455,0.002041905,0.000342487,0.026004668,0.018901525,0.013268197,0.005976146,0.00086694,5.36E-05,0.066502504,0.05860043,0.051131647,0.037723277,0.017862605,0.006768054,0.12444679,0.10833593,0.09286184,0.064943455,0.025252836,0.006958671,0.08451745,0.0776989,0.07108134,0.058529656,0.03654811,0.01989378,0.11175804,0.10510404,0.09862153,0.08623983,0.06356641,0.04424033,0.056598557,0.05696989,0.056735385,0.055462825,0.055391805,0.055913881,0.056073139,0.055428877,0.068836346,0.069253081,0.068988426,0.06760629,0.067425485,0.067784221,0.067662985,0.066206768,0.082701774,0.081834252,0.078638369,0.077618334,0.077244283,0.07747618,0.077899982,0.078610271,0.001466032,8.33E-05,0.00742453,0.00132755,0.006606342,0.000838058,0,0.066037496,0.020959163,0.016732084,0.013133891,0.007685035,0.002096507,0.000395421,0.027762478,0.02006082,0.014019276,0.006182386,0.000803793,6.03E-05,0.03920176,0.016168645,0.008979948,0.000853266,0.02866435,0.008847412,0.6361672,0.6582915,0.06501904,0.060656097,0.056511056,0.0488669,0.03603241,0.02614947,0.01858551,0.008805266,0,0.66646474
1,209,0,-0.65020066,0,0.85547755,0,-0.06805466,0,-0.12215875,0,-0.28696725,0,0.2069372,0,-0.34407429,0,-0.20906167,0,0.046968756,0,-0.14123011,0,0.08389623,0,0.012068537,0.065357997,0.0837566,0.13557355,0.1294117,0.12335846,0.11160126,0.089568175,0.069900215,0.19953571,0.18742387,0.17563781,0.1529384,0.11213218,0.07764774,0.095086426,0.08807027,0.081303306,0.068392724,0.045587584,0.027347667,0.06313567,0.0553065,0.04793579,0.03475965,0.01567372,0.005610748,0.11605843,0.10016432,0.085040845,0.057821207,0.020881278,0.005424037,0.020047097,0.015967134,0.012549736,0.007444121,0.002270037,0.000534752,0.02643843,0.01931521,0.013763407,0.006496083,0.001068313,0.000132572,0.07634733,0.06913489,0.062253498,0.049686726,0.029368995,0.01573382,0.13729808,0.12217484,0.1077381,0.081416845,0.04117417,0.017834218,0.019457866,0.015445818,0.012059839,0.006970465,0.002028493,0.000391783,0.02413499,0.017142158,0.011784108,0.005061803,0.000623667,4.20E-05,0.020578394,0.016465342,0.012979103,0.007639349,0.002142808,0.000372289,0.026701543,0.01947926,0.013764957,0.006238668,0.000855579,3.58E-05,0.020615555,0.016500436,0.013017662,0.00772659,0.002075615,0.000341122,0.025951913,0.018846562,0.013217372,0.005994658,0.000878557,6.25E-05,0.06716938,0.059256148,0.051733226,0.038267445,0.01823856,0.006975007,0.12578304,0.10963981,0.09414626,0.066085376,0.025939915,0.007261905,0.08377111,0.07691647,0.07026426,0.057633396,0.035587046,0.018989578,0.12406504,0.1176366,0.11134566,0.099219576,0.076817974,0.05715213,0.056692253,0.057059176,0.05666003,0.055454989,0.05541422,0.055961382,0.056102142,0.055493439,0.069679627,0.070094861,0.069661625,0.068341077,0.068184203,0.068558265,0.068401071,0.066930847,0.083554148,0.082375192,0.07928595,0.078309393,0.077964703,0.078212494,0.078638566,0.079342078,0.001559662,8.82E-05,0.007601901,0.001365861,0.006733467,0.000825735,0,-0.33864884,0.02100086,0.01676322,0.013165412,0.007705665,0.002091358,0.000398144,0.027710471,0.020020245,0.013999204,0.006185476,0.000813129,5.85E-05,0.052922435,0.027023686,0.008288145,0.000696626,0.04056871,0.01703269,0.4425167,0.799655,0.06523575,0.060905766,0.05677474,0.049097497,0.036218807,0.026291866,0.018756375,0.008908038,0,-0.44022189
1,210,0,-0.11918853,0,-0.26345772,0,0.40020684,0,-0.26609943,0,0.20897402,0,-0.19706028,0,-0.36985946,0,-0.087544325,0,-0.006368458,0,0.049481296,0,0.08460131,0,0.055082367,0.068169675,0.084465496,0.13859089,0.13245045,0.12641808,0.11470216,0.092698954,0.07298551,0.20272481,0.19066599,0.17892355,0.15630153,0.11553732,0.08088874,0.09845936,0.09152405,0.08481014,0.07198081,0.04921525,0.030693533,0.06383372,0.05597825,0.048571747,0.035306677,0.016014315,0.005771768,0.11741625,0.10149077,0.08631783,0.058940943,0.021483297,0.005648877,0.020037664,0.01595222,0.012532626,0.007421538,0.002249297,0.000536247,0.026400944,0.019294139,0.013748103,0.006501515,0.001066424,0.00013799,0.0769141,0.06968449,0.062786855,0.05016221,0.029719833,0.015968714,0.13847569,0.12332485,0.10885222,0.08242594,0.041857775,0.018229084,0.019452255,0.01544116,0.012056063,0.006970625,0.002032641,0.000391954,0.024105009,0.01711556,0.011768331,0.005053866,0.000621813,4.24E-05,0.020565445,0.016454019,0.012970917,0.00763464,0.002144776,0.000373218,0.026661616,0.01945025,0.01374664,0.006232169,0.000855383,3.61E-05,0.02061239,0.01649948,0.013015035,0.007725438,0.002081464,0.000342261,0.025913758,0.018813532,0.013195435,0.005990546,0.000879163,6.42E-05,0.067790516,0.059855033,0.052299142,0.038761582,0.018562006,0.007140124,0.12703177,0.11086863,0.09534133,0.06714661,0.026573848,0.007517855,0.09174729,0.085058585,0.07855075,0.066151716,0.04397348,0.02645464,0.13389012,0.12760364,0.12146124,0.10953168,0.087323636,0.06752221,0.0567875,0.05714941,0.056584071,0.055447042,0.055437047,0.056009118,0.056131366,0.055558177,0.070489992,0.070902617,0.070299194,0.069041128,0.068908998,0.069298697,0.069106245,0.067624354,0.084372057,0.082880302,0.07989815,0.078965609,0.078650471,0.078914709,0.079343633,0.08004141,0.001615285,9.12E-05,0.007741603,0.001398707,0.006892025,0.000845119,0,0.065828201,0.020995865,0.01675804,0.013162732,0.007705273,0.002089911,0.000398233,0.0276676,0.019988827,0.013979683,0.006179886,0.000813851,5.81E-05,0.055873748,0.029440505,0.013952963,0.002225389,0.050390646,0.024580304,0.40076864,0.73629624,0.06523202,0.060907055,0.05678067,0.049118947,0.036235422,0.026307825,0.01876548,0.008919979,0,0.25821347
1,211,0,1.5877822,0,-0.097380074,0,0.25644066,0,0.96231512,0,0.25835505,0,-0.039072231,0,-0.016290342,0,-0.12926868,0,0.21128733,0,0.20387758,0,0.08514132,0,0.28839204,0.067255959,0.085008994,0.11394644,0.10749567,0.10114992,0.08894151,0.06639526,0.04703935,0.18170767,0.16902724,0.15671955,0.13316841,0.091132425,0.057095494,0.0985719,0.09161137,0.08488496,0.0720255,0.049197398,0.030638393,0.0631803,0.055341125,0.04796366,0.03478319,0.015650127,0.005599113,0.11676172,0.1008819,0.085757874,0.058480814,0.021269804,0.005561071,0.020022377,0.015985541,0.012565193,0.007478841,0.002318684,0.000517735,0.026300145,0.019202763,0.013689435,0.006440633,0.000992966,0.000119287,0.077218056,0.06996927,0.06303433,0.05034821,0.029918905,0.015991453,0.13927156,0.12403692,0.10954309,0.083011225,0.04242808,0.018527316,0.019400362,0.015393507,0.012030927,0.006927706,0.00198404,0.000414375,0.024068791,0.017127004,0.011794074,0.005098139,0.000628514,3.74E-05,0.02057549,0.016460633,0.012978577,0.00765584,0.002118471,0.000360825,0.026653625,0.019445946,0.013725665,0.006217913,0.000841537,3.06E-05,0.020498045,0.016390378,0.012935584,0.007662614,0.002017241,0.000343825,0.025922002,0.01884752,0.013241121,0.00593322,0.000858714,4.80E-05,0.06821172,0.060245696,0.052700646,0.03908523,0.018699814,0.007173515,0.12791489,0.11175924,0.09618445,0.06786772,0.027019389,0.007615606,0.086963676,0.08014394,0.07351237,0.06092504,0.038716044,0.021651937,0.12640436,0.11999038,0.11371193,0.10159298,0.07917019,0.05940518,0.056878307,0.057237686,0.056508237,0.055438584,0.055459651,0.056056548,0.056160547,0.055622885,0.071122442,0.071534507,0.070763227,0.06956866,0.069463168,0.069870753,0.069647345,0.068165332,0.085011895,0.083209503,0.08033484,0.079447782,0.079164069,0.079448196,0.079882914,0.080579638,0.001553098,8.80E-05,0.007753628,0.00140727,0.007099016,0.000950259,0,0.34597822,0.020873103,0.016659157,0.013072464,0.007649373,0.002094787,0.00039269,0.027655888,0.019984411,0.013963117,0.006150703,0.000791462,6.11E-05,0.031229746,0.010344352,0.010187846,0.001108993,0.042637117,0.018516047,0.5781108,0.71347815,0.064641126,0.060294934,0.056162465,0.0485304,0.035815403,0.025956117,0.018373402,0.008682914,0,1.5391435
1,212,0,0.97402234,0,-0.25951737,0,0.15330014,0,0.059773674,0,0.23684137,0,0.39034548,0,-0.27975589,0,0.22755982,0,-0.018871909,0,0.22253113,0,0.08565865,0,0.084908296,0.067944486,0.0855301,0.10213875,0.095496036,0.088997245,0.076469146,0.053662613,0.034798387,0.17238644,0.15940553,0.14672372,0.12255266,0.079918005,0.04619692,0.10065022,0.0937383,0.08703717,0.074224584,0.051409435,0.032694012,0.062742636,0.05492512,0.047568005,0.034440544,0.015430235,0.005497207,0.11649738,0.10064347,0.08554272,0.05832282,0.02120753,0.00553639,0.019975007,0.015903972,0.012519366,0.007423293,0.002218618,0.000479355,0.026290664,0.019110806,0.013580025,0.006316055,0.00093083,0.000109491,0.07748183,0.070220485,0.063282415,0.050563265,0.030112203,0.016073449,0.1400068,0.12473916,0.11019293,0.08366311,0.043003455,0.018845964,0.019372657,0.015373067,0.011982994,0.006935095,0.001957397,0.000417235,0.024043653,0.017125238,0.011802315,0.005123211,0.000626896,3.24E-05,0.020625506,0.016521288,0.013023484,0.007720961,0.002111636,0.000352336,0.02666414,0.019448563,0.013706613,0.006239898,0.000833824,2.73E-05,0.020423489,0.016374448,0.012933833,0.007628366,0.001992911,0.000348968,0.02592835,0.018875139,0.013281038,0.005927774,0.000846374,4.25E-05,0.06862689,0.06066207,0.053102728,0.039413854,0.018832464,0.007233865,0.12878166,0.1126108,0.097035564,0.068601854,0.027479736,0.007753751,0.08224908,0.07529863,0.06855773,0.055745617,0.033521947,0.01704467,0.13304226,0.12672164,0.12054466,0.10856473,0.08627445,0.066420935,0.056970457,0.057327333,0.056432626,0.055430957,0.055482438,0.056104311,0.056190102,0.055687845,0.071732165,0.072143526,0.071203191,0.070073027,0.069993726,0.070419727,0.070165897,0.068685273,0.085628578,0.083514472,0.0807479,0.079905849,0.079653884,0.079958282,0.080399147,0.081095436,0.001514794,8.58E-05,0.007817892,0.001424105,0.007247166,0.001015746,0,0.087896201,0.0207962,0.016586175,0.013015858,0.007612882,0.002091203,0.00039118,0.027637439,0.019975632,0.013953393,0.006136447,0.000781112,6.24E-05,0.020156283,0.003881141,0.006844049,0.000427065,0.049288522,0.023639329,0.7713894,0.6036562,0.06416666,0.059843693,0.055740748,0.04816673,0.03556644,0.025717784,0.01812388,0.008472997,0,0.2155234
1,213,0,-0.25568385,0,0.12230893,0,-0.30805342,0,-0.33953452,0,-0.15578715,0,-0.34906158,0,-0.84321804,0,-0.081499904,0,-0.11492742,0,-0.077600849,0,0.08629602,0,-0.088183222,0.068308402,0.08617144,0.10624054,0.09965471,0.09320723,0.08076595,0.05796647,0.03885753,0.17628372,0.1633657,0.15078118,0.12676711,0.08420586,0.05019788,0.09936672,0.092377216,0.08563285,0.0727303,0.049789336,0.031112965,0.063602634,0.05575023,0.048347637,0.035112828,0.015844315,0.005687395,0.11801155,0.1021191,0.08696301,0.059557933,0.021873048,0.005783089,0.019984283,0.015939197,0.012545492,0.00743649,0.002274084,0.000498465,0.026300136,0.019125389,0.013612516,0.006372304,0.000963592,0.000117737,0.0780412,0.07077482,0.063803,0.051028922,0.03046794,0.016311869,0.1411241,0.12584187,0.11125942,0.08461482,0.04361423,0.019207632,0.019369096,0.015375997,0.011997811,0.006928239,0.001966863,0.000421094,0.024020297,0.017105805,0.011784717,0.005110027,0.000626155,3.33E-05,0.020591069,0.016486615,0.012991007,0.007690924,0.002112134,0.000354146,0.026610916,0.01941488,0.013688423,0.006218068,0.000834243,2.84E-05,0.020428928,0.016368307,0.012921463,0.007635503,0.001999208,0.000347336,0.025883641,0.018835373,0.013244166,0.005915687,0.00084983,4.38E-05,0.06920412,0.061214764,0.05362321,0.039883282,0.019163877,0.00739622,0.12993269,0.11375176,0.0981438,0.06959287,0.028086934,0.0080111,0.09609142,0.08946623,0.08297987,0.07061459,0.048301037,0.030341435,0.16872053,0.16285671,0.15709436,0.14581583,0.12438422,0.10459941,0.057064422,0.057417914,0.056358121,0.055423852,0.055505702,0.05615264,0.056219882,0.055752972,0.072469604,0.072880123,0.07177026,0.070702912,0.070648657,0.071091519,0.070804013,0.06931633,0.08637444,0.083948382,0.08128855,0.080490423,0.080268717,0.080590726,0.08103555,0.081728089,0.001581262,8.97E-05,0.007937328,0.001459108,0.007407668,0.001035516,0,-0.3069202,0.02080399,0.016597811,0.013022342,0.007619756,0.00209151,0.000390498,0.027597092,0.01994562,0.013932719,0.006131487,0.000781913,6.20E-05,0.02371669,0.005648821,0.017032849,0.003356609,0.086626075,0.056224793,0.6775829,0.63296574,0.06426683,0.059947826,0.05583016,0.048248045,0.035622455,0.025767034,0.018178347,0.008536454,0,-0.58240015
1,214,0,1.1001074,0,-0.27166222,0,0.49517865,0,0.21463485,0,0.60668641,0,0.2659368,0,0.86542787,0,0.30974479,0,-0.00117274,0,0.50615546,0,0.089890964,0,0.15558514,0.072134252,0.08977465,0.10192321,0.09517151,0.088586524,0.07587227,0.052704703,0.033604402,0.17555664,0.16241989,0.14964335,0.12514241,0.08173162,0.047160402,0.11187655,0.10512692,0.098549925,0.08594421,0.063092165,0.043667134,0.06591327,0.05798809,0.050460048,0.036947004,0.016968269,0.006218373,0.12308293,0.10710926,0.09180534,0.0638859,0.024296394,0.006717146,0.019960426,0.015884131,0.01247845,0.007378203,0.002148185,0.00047724,0.026028963,0.01893757,0.013447382,0.006249513,0.000911775,0.000117283,0.08064928,0.07330359,0.066248134,0.053239625,0.032131977,0.017424518,0.14669651,0.13130385,0.11652521,0.08947135,0.04713319,0.021266578,0.01928915,0.015297318,0.011918601,0.006901871,0.001936769,0.000411483,0.023834724,0.01698185,0.01171977,0.005091629,0.000622062,3.23E-05,0.020557033,0.016476352,0.012998449,0.007712924,0.002103133,0.000351326,0.026459968,0.019293398,0.013594259,0.006200037,0.000824578,2.69E-05,0.020322911,0.01630329,0.0128865,0.007585602,0.001979961,0.000348479,0.025721774,0.018728882,0.013189253,0.00588295,0.00083486,4.18E-05,0.07214956,0.06407545,0.05636197,0.042291485,0.0207177,0.008193762,0.13584466,0.1195891,0.10387325,0.074719526,0.03131631,0.009321374,0.09952412,0.09288674,0.086382,0.07393814,0.05137526,0.03297711,0.16273452,0.15677066,0.15089178,0.1394414,0.11774743,0.09775796,0.057209099,0.057533472,0.056300237,0.055427006,0.055536559,0.056206199,0.056253317,0.055819958,0.076367013,0.07676164,0.075462821,0.074424947,0.07436551,0.074781328,0.07438622,0.072682296,0.090304778,0.087552701,0.084973516,0.084193207,0.083963163,0.084243406,0.084640655,0.085250107,0.001766538,0.000102561,0.00860154,0.001601073,0.008352169,0.001215762,0,0.10378012,0.020689622,0.016494356,0.012949327,0.007570332,0.002081901,0.000390718,0.027409883,0.019813417,0.013840368,0.006083685,0.000772739,6.22E-05,0.018860938,0.003177291,0.019054934,0.004119524,0.07971486,0.04969497,0.91112196,0.44256917,0.06375727,0.05946687,0.0553883,0.047873124,0.035352316,0.025546053,0.01798754,0.00837859,0,2.2683508
1,215,0,0.24858546,0,-0.3705663,0,0.065817425,0,0.11623335,0,0.47230179,0,0.52818574,0,0.13863027,0,0.07311697,0,0.48919577,0,-0.07258479,0,0.09307239,0,0.036873146,0.076113178,0.09296481,0.09982637,0.09288535,0.086148776,0.07323241,0.04971024,0.030540857,0.17641427,0.1630729,0.15010744,0.12532091,0.081175976,0.045961134,0.11982239,0.11317914,0.10667957,0.09421289,0.07137452,0.05160341,0.06800215,0.060008515,0.052384228,0.038628858,0.01802699,0.006735794,0.12762786,0.11159215,0.09617788,0.06785204,0.026614375,0.007634842,0.020126691,0.01605971,0.012612841,0.007401407,0.002171535,0.000501486,0.025916351,0.018927893,0.013504003,0.006263599,0.000904946,0.000101997,0.08299996,0.07556664,0.06846197,0.05523931,0.033643816,0.018480353,0.15172789,0.13622795,0.12128348,0.09387168,0.05038231,0.023219027,0.019216299,0.015229271,0.011866872,0.006853566,0.001910368,0.000400433,0.023655279,0.016856158,0.011655484,0.005067933,0.000613207,2.97E-05,0.02052699,0.016473802,0.013008131,0.007731365,0.002099026,0.000352545,0.026329353,0.019193085,0.013515419,0.006181649,0.000814664,2.73E-05,0.020241974,0.016245916,0.012853247,0.007559879,0.001976727,0.000348882,0.02558053,0.018629104,0.013140654,0.005856526,0.000827072,4.10E-05,0.074799076,0.066626064,0.058835443,0.04448888,0.022162985,0.008965705,0.14108907,0.12479364,0.10897774,0.07941605,0.03438562,0.010683017,0.099438205,0.09270784,0.08614795,0.073538825,0.0507273,0.0321084,0.14404176,0.1377722,0.13164496,0.11970807,0.097321704,0.077123076,0.057348617,0.057646246,0.056240709,0.055429032,0.05556684,0.056259443,0.056286455,0.055886989,0.079827493,0.080207335,0.078721183,0.077717404,0.077657226,0.078052066,0.077559114,0.075667742,0.093793774,0.090717829,0.088221661,0.087462666,0.087229822,0.087477618,0.087836312,0.088378201,0.001961276,0.000115748,0.009211495,0.001729414,0.0092948,0.001371646,0,-0.064065697,0.020591,0.016409323,0.012889396,0.007532585,0.002073431,0.000390584,0.027243266,0.019697435,0.013760525,0.006042028,0.000764493,6.22E-05,0.016044494,0.002027412,0.018156817,0.003612407,0.05928835,0.031454768,0.98306537,0.13401836,0.06333516,0.059070375,0.05503781,0.047599956,0.035136297,0.025367897,0.017832894,0.008267179,0,-0.48609528
1,216,0,0.8124511,0,0.84349809,0,0.20024387,0,0.2627278,0,0.10624123,0,0.10153717,0,0.2412229,0,0.31242523,0,0.035007443,0,0.29043061,0,0.0974474,0,0.30721768,0.079054398,0.09735356,0.097552076,0.090394355,0.083419055,0.070079215,0.046050366,0.026692882,0.17816947,0.16457644,0.15131752,0.12604037,0.080940194,0.04480526,0.11123521,0.10422449,0.097406745,0.08435157,0.060735352,0.040809225,0.07069337,0.06261425,0.054889362,0.040832955,0.019463617,0.007455591,0.13361828,0.11754718,0.10200655,0.07320368,0.029925393,0.008984613,0.0204042,0.016284054,0.012763207,0.00740836,0.002220607,0.000497348,0.025783766,0.018898085,0.013491791,0.006328668,0.000868909,7.59E-05,0.08627578,0.078749344,0.071516894,0.058040865,0.0358027,0.019990863,0.15864888,0.14305587,0.12794761,0.10002863,0.055023357,0.026063433,0.019146038,0.015159854,0.011809815,0.006772532,0.001873612,0.000388689,0.023465326,0.016707228,0.011557439,0.005036107,0.000593422,2.98E-05,0.020510368,0.01648561,0.01303897,0.007770105,0.002102362,0.00035489,0.026170805,0.019077888,0.013417305,0.006162109,0.000800845,2.76E-05,0.020140272,0.016180718,0.012802085,0.007533712,0.00197464,0.000348527,0.025401535,0.018498218,0.01307568,0.005828164,0.000820142,3.94E-05,0.07847017,0.07017881,0.062248398,0.047575787,0.024267662,0.010099092,0.1482832,0.13191713,0.11601672,0.08598406,0.038812246,0.012817224,0.10036348,0.09355498,0.08688772,0.07409401,0.050936136,0.031948425,0.15235165,0.14616005,0.14008744,0.12822452,0.10587867,0.08554636,0.05752363,0.057774085,0.056172583,0.055433835,0.055604565,0.056324365,0.056327187,0.055967829,0.084580855,0.084929253,0.083225631,0.082257059,0.082189869,0.082551213,0.081926421,0.079769288,0.09856219,0.095118471,0.092716711,0.09197808,0.091735319,0.09193529,0.092241007,0.092694133,0.002241383,0.000136876,0.010102621,0.001954727,0.010682857,0.00159759,0,0.40490957,0.020452581,0.016296921,0.012799108,0.007479108,0.002057522,0.000388505,0.02701632,0.019552607,0.013659474,0.005987105,0.000752465,6.17E-05,0.012622791,0.000994511,0.017783476,0.003302448,0.06735653,0.038170516,0.7529418,0.7074666,0.062775746,0.05853249,0.05454066,0.047206588,0.034801323,0.025115373,0.017607018,0.008149336,0,0.56211989
1,217,0,-0.17998103,0,0.38235774,0,-0.1495518,0,-0.080734475,0,-0.19275995,0,-0.15024635,0,-0.21406378,0,0.083570243,0,0.021226008,0,0.006800127,0,0.09524102,0,-0.32071228,0.080190128,0.09514561,0.10486302,0.098016605,0.09135489,0.07850758,0.054928847,0.035329502,0.1818732,0.16863795,0.15578121,0.13107766,0.086930074,0.051231105,0.10577462,0.09867275,0.09176178,0.078598104,0.05489852,0.035337914,0.070297316,0.062229592,0.05451002,0.04049248,0.019235248,0.007336211,0.131466,0.11538044,0.09986501,0.071199425,0.02863509,0.008448151,0.019885007,0.015830532,0.012422917,0.007334488,0.002139934,0.000471676,0.02578574,0.018763516,0.013339887,0.006187331,0.00090085,0.000113629,0.0847967,0.077309325,0.07013248,0.05677174,0.034839183,0.019281149,0.15491493,0.1393864,0.12440064,0.096716225,0.052401993,0.024447823,0.01918568,0.015213999,0.011852121,0.006860888,0.001923293,0.000406929,0.023587016,0.016805189,0.011603203,0.005042943,0.000615458,3.21E-05,0.020453632,0.01639763,0.012939196,0.00767932,0.002092851,0.000350047,0.026194321,0.019098992,0.013456182,0.00614085,0.000815561,2.68E-05,0.0202118,0.01621637,0.012820257,0.007545446,0.001969986,0.000347023,0.02546117,0.01854044,0.013060088,0.005824749,0.000825537,4.13E-05,0.07671526,0.06848414,0.06061209,0.04609196,0.023299737,0.009555234,0.14445321,0.12813333,0.11227489,0.08248476,0.03643726,0.011645691,0.11032143,0.10375912,0.097325735,0.0849469,0.062256027,0.04295984,0.16408142,0.15808858,0.152169,0.14062805,0.11874957,0.09858606,0.057569358,0.057593221,0.05608258,0.055417708,0.055621989,0.056368603,0.056354564,0.056032106,0.082274316,0.082382024,0.080780365,0.079907637,0.079895643,0.080315945,0.079729055,0.07776739,0.095729224,0.092452983,0.090198625,0.089535111,0.089362376,0.08963737,0.089994442,0.090513616,0.002190542,0.000130838,0.009668723,0.001857433,0.009886687,0.001472931,0,-0.18084492,0.020575775,0.016402647,0.012878807,0.007528471,0.002071117,0.000389062,0.027131569,0.019613445,0.013701622,0.006022262,0.000764539,6.17E-05,0.02006714,0.003496806,0.027553396,0.008464057,0.08033193,0.049995616,0.6936201,0.75858074,0.06338112,0.059119355,0.055065382,0.04760081,0.035152573,0.025393464,0.017875366,0.008319931,0,0.31324438
1,218,0,-0.023622475,0,0.81774605,0,-0.049347279,0,0.08133991,0,0.061750003,0,-0.08105482,0,-0.16992169,0,-0.15188782,0,0.23686429,0,0.25930516,0,0.0964863,0,-0.081763641,0.079552971,0.09639723,0.1078349,0.10104321,0.09441712,0.08161246,0.058020797,0.038208567,0.18493229,0.17176679,0.15897264,0.13433516,0.09020835,0.054284196,0.10260239,0.095368154,0.08829581,0.07487668,0.05083964,0.031321216,0.071583994,0.06348065,0.05571154,0.041549325,0.019931475,0.007692142,0.13346778,0.11735818,0.10179368,0.072965726,0.029726217,0.008895178,0.019768497,0.015724104,0.012361913,0.007327238,0.002159007,0.00047388,0.02572678,0.01871548,0.013278624,0.006157424,0.000899941,0.000110122,0.085826464,0.07830432,0.071090564,0.05764715,0.035514235,0.019739607,0.15658289,0.1410398,0.12604143,0.098212704,0.053475484,0.025108857,0.019164387,0.015203535,0.011846334,0.006860289,0.001929666,0.000411375,0.023542333,0.016773114,0.011569357,0.005024953,0.000614357,3.16E-05,0.020417012,0.01635974,0.012901979,0.007653721,0.002089434,0.000348704,0.026127417,0.019053938,0.013427422,0.006120094,0.000815795,2.65E-05,0.02019656,0.016198559,0.012801149,0.007539949,0.001968382,0.00034617,0.025401317,0.018494748,0.013019878,0.005809359,0.000826532,4.15E-05,0.07780573,0.06954466,0.06163099,0.047014944,0.023958072,0.009905426,0.14620471,0.12987056,0.11399239,0.084094,0.037527643,0.012168279,0.10876062,0.1021535,0.09567498,0.08318903,0.060353104,0.041032556,0.17417741,0.16828205,0.16246644,0.15111999,0.12947795,0.10936029,0.057676234,0.057443247,0.056012703,0.055413919,0.055648099,0.056419077,0.056386086,0.056098455,0.083666637,0.083515709,0.081991344,0.081175419,0.081182738,0.081610798,0.080974425,0.078962326,0.096622926,0.093497145,0.091358519,0.09073941,0.090593032,0.090877099,0.091230179,0.091733875,0.002328881,0.000140117,0.009935929,0.001930466,0.010198919,0.001524281,0,-0.26114266,0.020565972,0.016399473,0.012872721,0.007527883,0.002069769,0.000388096,0.027075088,0.019571776,0.013671997,0.006012252,0.000764771,6.14E-05,0.022560475,0.004601117,0.025742823,0.007334723,0.09105451,0.059880678,0.6832913,0.8366673,0.06340624,0.059135966,0.055082086,0.047602814,0.035151865,0.025413724,0.01790173,0.008349613,0,0.12599472
1,219,0,0.40856334,0,0.54855045,0,0.11015922,0,0.14230456,0,0.45610013,0,-0.2250205,0,-0.93735879,0,0.1765349,0,-0.27094421,0,0.15152966,0,0.09261568,0,0.28071793,0.077505449,0.09252153,0.10027888,0.09336362,0.08664913,0.0737595,0.05027395,0.031092092,0.17563932,0.16233698,0.14940472,0.124679,0.08070302,0.045695968,0.09355629,0.08617788,0.07900499,0.06531912,0.041303527,0.022583723,0.067898124,0.05990811,0.052287817,0.038544178,0.017972888,0.006708889,0.1262205,0.11020491,0.09482497,0.06662308,0.025884071,0.00734572,0.020082792,0.016032271,0.012596589,0.007395271,0.002172393,0.000499711,0.025967464,0.018955156,0.013504588,0.006263463,0.000905227,0.000103321,0.08283588,0.07540985,0.068308204,0.05509971,0.033540763,0.018404132,0.15025908,0.1347821,0.11988894,0.09258752,0.049436305,0.022651814,0.019218188,0.015231591,0.011866417,0.006855614,0.001912733,0.000401682,0.023697995,0.01688566,0.011671626,0.00507587,0.000615513,2.97E-05,0.02052492,0.01646924,0.013002767,0.007726095,0.002099268,0.000352324,0.026368998,0.019221919,0.013537326,0.00618899,0.00081675,2.72E-05,0.020248707,0.016250359,0.012855387,0.007561392,0.001976759,0.000348813,0.02562184,0.018658869,0.013157949,0.005864933,0.00082863,4.12E-05,0.074610546,0.06644524,0.05865793,0.044331282,0.02206017,0.008910116,0.13956043,0.12327781,0.1074901,0.07803907,0.033478234,0.010271792,0.1069671,0.10039343,0.093953386,0.081585065,0.058974832,0.039984968,0.21992026,0.21447569,0.20909926,0.19850554,0.17813228,0.15894485,0.057693503,0.057248393,0.055913592,0.055392753,0.055661805,0.056460989,0.056412071,0.056162066,0.079579108,0.079198468,0.077786785,0.077085045,0.077164139,0.077675669,0.077119232,0.075420055,0.09200056,0.089050285,0.087074731,0.086545627,0.086491135,0.086883501,0.087316347,0.087928882,0.001950898,0.000114943,0.009167063,0.00172046,0.009021581,0.001326464,0,0.20051781,0.020601036,0.016418299,0.012895365,0.007536082,0.002074125,0.000390585,0.027289348,0.019729685,0.013782979,0.006053068,0.000766237,6.23E-05,0.016526215,0.002193348,0.024998171,0.007077184,0.14088082,0.10833058,0.750181,0.87705374,0.06338353,0.059117835,0.05507837,0.047631145,0.035163812,0.02538798,0.017852277,0.008278484,0,0.20544955
1,220,0,-0.41865473,0,-0.24177542,0,-0.1208779,0,0.099849106,0,-0.10150625,0,0.67692876,0,83.638987,0,-0.17165643,0,-0.21976409,0,-0.13438146,0,0.093502566,0,0.14674978,0.077706078,0.09341385,0.11052912,0.10386569,0.09734802,0.08473812,0.06147637,0.04173788,0.18428597,0.17131262,0.15865074,0.13433068,0.09092248,0.05561916,0.09669218,0.089391276,0.08225552,0.068695806,0.044703797,0.025705205,0.069672205,0.06162563,0.053925827,0.03997712,0.01890498,0.007168813,0.12864007,0.11257184,0.09711393,0.068665035,0.027072668,0.007811947,0.019818682,0.015810134,0.012449546,0.007381921,0.002248257,0.000487927,0.025935464,0.018849855,0.013405804,0.006247981,0.000940969,0.000116612,0.08372707,0.076262824,0.0691166,0.05584496,0.03411115,0.018763227,0.15140747,0.13596912,0.12108364,0.09363561,0.050040863,0.023010196,0.019227853,0.015263505,0.011907629,0.006880161,0.001950631,0.000417288,0.023710698,0.016886475,0.01163404,0.005045681,0.000617721,3.27E-05,0.020446116,0.016372815,0.012902374,0.007641027,0.002096997,0.000350871,0.02627141,0.019167157,0.013512423,0.006141371,0.000823438,2.78E-05,0.020276098,0.01624909,0.012828786,0.007578354,0.001983517,0.000345266,0.025551442,0.018596107,0.013077787,0.005841062,0.000838251,4.30E-05,0.075434685,0.067253664,0.05940279,0.04501802,0.022610694,0.009166527,0.14077869,0.12448546,0.10868079,0.07914281,0.034204222,0.010622192,0.09262449,0.08572116,0.07896825,0.06606508,0.043063946,0.024863021,0.15505902,0.14897028,0.14296761,0.13124977,0.10916622,0.08900419,0.057793732,0.057094591,0.055842071,0.055388141,0.055687533,0.056511399,0.056443696,0.056228523,0.080585824,0.079948452,0.078617518,0.077976562,0.078078716,0.078603447,0.078006638,0.076282507,0.092506437,0.089709301,0.087852692,0.087371094,0.087347407,0.087755299,0.088189393,0.088793867,0.002123077,0.000124495,0.009370327,0.001795508,0.009162094,0.001340736,0,-0.20183887,0.020650733,0.016475253,0.012926728,0.007564037,0.002076992,0.000388005,0.027244568,0.01969215,0.013756396,0.006054048,0.000772067,6.13E-05,0.02591262,0.006544936,0.012219613,0.001472002,0.070907466,0.041524954,0.6193135,0.87439436,0.06377324,0.05948834,0.055401504,0.04787916,0.03535216,0.025567688,0.018035647,0.008461041,0,-0.4800242
1,221,0,0.50943052,0,0.53514875,0,0.36572401,0,0.42863422,0,0.12565169,0,0.34766246,0,-0.1793633,0,0.12942544,0,0.32279219,0,0.21156942,0,0.09262725,0,0.11079676,0.077446457,0.09253985,0.10884278,0.10216662,0.09563547,0.08300772,0.05975446,0.04013379,0.1819882,0.16899072,0.1563162,0.13196206,0.08861745,0.0535301,0.096161395,0.088866316,0.081745885,0.06822266,0.04431271,0.02540617,0.068905555,0.0608835,0.053214926,0.039353628,0.018500378,0.006967193,0.126812,0.11077255,0.095359765,0.067076296,0.02612942,0.007436905,0.019840641,0.015819224,0.012449093,0.007389688,0.002244,0.00048952,0.02599934,0.018901188,0.013468138,0.006283844,0.000941826,0.000115423,0.08308265,0.07564732,0.06851763,0.05529947,0.033696715,0.018480327,0.14975883,0.13434279,0.11948833,0.09217255,0.04898776,0.02237827,0.019241199,0.015272227,0.011910514,0.00688701,0.001949252,0.000415855,0.02375655,0.016919952,0.011656992,0.005058019,0.000618867,3.25E-05,0.020468565,0.01639265,0.012919774,0.007654688,0.002098036,0.000350365,0.026330281,0.019208431,0.013539502,0.006157856,0.000824715,2.75E-05,0.020285957,0.016260467,0.012839379,0.007580807,0.001982703,0.00034599,0.025606826,0.018638747,0.01311052,0.005854096,0.000838511,4.27E-05,0.07474878,0.06658923,0.05876346,0.044446107,0.022210687,0.008957668,0.13904695,0.12277161,0.10699483,0.07758701,0.033180866,0.010154348,0.08957204,0.08260352,0.075805865,0.06282974,0.03984669,0.022008,0.14730048,0.14110169,0.13502014,0.12315257,0.10087443,0.08069727,0.057862733,0.056926745,0.055760183,0.05537769,0.055709015,0.056558822,0.056473347,0.056294128,0.079705577,0.078823634,0.07758384,0.077023685,0.077166691,0.077730503,0.077137813,0.075513713,0.091115841,0.088479082,0.086758165,0.0863398,0.086369705,0.086827901,0.087292921,0.087933747,0.002046272,0.000119291,0.009203487,0.001755972,0.008866333,0.001293746,0,0.36196145,0.020660235,0.016481183,0.012931933,0.007566208,0.002077961,0.000388439,0.027301015,0.019733002,0.013784883,0.006065183,0.000773018,6.16E-05,0.024499899,0.005788544,0.010057152,0.000941227,0.062781446,0.034445602,0.6973904,0.8950744,0.06377793,0.059488434,0.055406157,0.047880657,0.035355315,0.02556736,0.018028341,0.00844521,0,1.3272226
1,222,0,0.30993262,0,0.51660851,0,0.35539886,0,-0.30646863,0,0.74297287,0,-0.19065118,0,-0.83092617,0,0.080337724,0,-0.11126689,0,0.26433931,0,0.092944704,0,0.4399569,0.077288343,0.09286158,0.10912931,0.10245066,0.0959175,0.08328372,0.06001002,0.04035514,0.18219635,0.16919875,0.15652409,0.13216725,0.088807635,0.053693317,0.09488006,0.08754024,0.08037396,0.0667353,0.042716745,0.023859303,0.06921112,0.061179116,0.05349801,0.03960193,0.018660422,0.007046464,0.12703584,0.11099252,0.09557465,0.06727091,0.026244545,0.007482253,0.019839602,0.015818356,0.012448987,0.007391397,0.00224346,0.00048966,0.025999863,0.018904144,0.013470642,0.006287689,0.00094397,0.000115426,0.08336502,0.07591841,0.06878102,0.055538837,0.03388,0.01860478,0.14997107,0.1345515,0.11969224,0.092360035,0.049123194,0.02245969,0.019234372,0.015266878,0.011906531,0.006884518,0.001948642,0.000415756,0.023750447,0.016915563,0.011653897,0.00505663,0.000618665,3.25E-05,0.020461116,0.016386623,0.012914996,0.007651759,0.002097335,0.000350269,0.02632327,0.019203374,0.013536024,0.006156154,0.000824517,2.75E-05,0.020278946,0.016254744,0.012834813,0.007578262,0.0019821,0.000345858,0.025600092,0.018633796,0.013106965,0.005852553,0.000838346,4.27E-05,0.0750561,0.06688728,0.059050765,0.044702433,0.022386521,0.009050425,0.13926977,0.12299216,0.10721178,0.077786334,0.03331159,0.010213194,0.092968486,0.08608614,0.07935183,0.06649389,0.043541145,0.025340002,0.18585612,0.18012743,0.17446235,0.16336837,0.14209996,0.12230284,0.05795459,0.056769489,0.055686314,0.055371667,0.055733927,0.056608739,0.056504739,0.056360644,0.080103662,0.07896825,0.077812571,0.077319164,0.077491124,0.078076383,0.077457652,0.075848981,0.091009441,0.08852811,0.086930973,0.08656521,0.086633091,0.0871179,0.087593647,0.088240611,0.002076362,0.00012131,0.00927718,0.00177339,0.00890488,0.001300094,0,0.007860854,0.020653233,0.016475687,0.01292762,0.007563749,0.002077294,0.00038831,0.027293924,0.019727893,0.013781321,0.006063676,0.000772852,6.15E-05,0.024680384,0.00587206,0.012619858,0.001596643,0.10409346,0.072388686,0.7465618,0.9336129,0.063756905,0.05946908,0.055387974,0.04786508,0.035343815,0.025559098,0.018022833,0.00844304,0,0.74453702
1,223,0,0.55640856,0,-0.026176458,0,0.23172157,0,0.36203467,0,0.53725791,0,0.18811294,0,-0.19835557,0,0.049894014,0,-0.11970249,0,0.15658154,0,0.098933205,0,-0.063688679,0.079290488,0.098868564,0.10812038,0.1012376,0.094546065,0.08164363,0.05782509,0.037828665,0.18570836,0.17246228,0.15959294,0.13485153,0.09041954,0.0541837,0.10572306,0.098502055,0.09142699,0.07799085,0.05380574,0.033948187,0.07363424,0.06547695,0.057641793,0.04325645,0.021075934,0.008280722,0.13571769,0.11959797,0.10399155,0.0749976,0.031021524,0.009430391,0.0197779,0.015736843,0.012360938,0.00730547,0.00212761,0.000471191,0.025618002,0.01863715,0.013238464,0.006161218,0.000895888,0.000115472,0.08787132,0.08027879,0.07301562,0.05941185,0.036880642,0.02069975,0.15897778,0.1433903,0.12834102,0.10035323,0.055103216,0.026110856,0.019113773,0.015157837,0.0118096,0.006837938,0.001918113,0.000406902,0.023472056,0.016724195,0.011544691,0.00501645,0.000613015,3.19E-05,0.020373126,0.016330922,0.012885231,0.007646598,0.002084901,0.000348527,0.02606102,0.019002652,0.013389354,0.006108479,0.000812118,2.66E-05,0.020136964,0.016155317,0.012770887,0.007517219,0.001962464,0.000345486,0.025332486,0.018446403,0.012992251,0.005795037,0.000822053,4.12E-05,0.080067605,0.07173823,0.06375491,0.048938733,0.025301967,0.010655898,0.14870067,0.13235117,0.11644153,0.08639877,0.039108656,0.012939787,0.09538114,0.088395946,0.08156529,0.0684443,0.044937328,0.026126213,0.19332539,0.18762513,0.18199258,0.17093018,0.14967865,0.12981372,0.05814302,0.056661285,0.055645132,0.055385322,0.055772814,0.056668506,0.056542889,0.056430619,0.08657652,0.085150883,0.084043255,0.083554883,0.083698085,0.0842216,0.083432975,0.081437095,0.097007008,0.094654079,0.093127924,0.092763549,0.092796407,0.093197525,0.093590976,0.09410719,0.00256615,0.000156611,0.010500724,0.002064908,0.010698006,0.001610191,0,0.12186048,0.020502249,0.01634506,0.012833184,0.007502813,0.00206402,0.000387639,0.026997544,0.019516755,0.013634153,0.005993697,0.000761392,6.14E-05,0.022056036,0.004242596,0.012917526,0.001542974,0.11147807,0.079210065,0.8482287,0.9202709,0.063166045,0.058917332,0.05487712,0.047434617,0.035030168,0.025310567,0.017820934,0.008299115,0,0.36161847
1,224,0,1.0564732,0,0.25033567,0,0.34156419,0,0.36688752,0,0.67634807,0,0.29942681,0,-0.50044246,0,-0.046409486,0,0.11008736,0,0.23161609,0,0.10082415,0,0.32191629,0.085070617,0.10076875,0.10168349,0.09454118,0.08756844,0.074208505,0.04995044,0.030085962,0.18187286,0.16831464,0.15509689,0.12983966,0.084605746,0.048027772,0.10385455,0.09653599,0.08936062,0.07563461,0.051078156,0.031127788,0.07408585,0.06591842,0.058070548,0.043647848,0.021347025,0.00842061,0.13704602,0.1209459,0.10533332,0.07627231,0.031880926,0.009795631,0.020258812,0.01618265,0.012699775,0.007395976,0.00221322,0.000506316,0.025683815,0.018816268,0.013397064,0.006270271,0.000886645,8.50E-05,0.08921884,0.08159052,0.07427285,0.060584005,0.037779257,0.02136699,0.16164625,0.14601818,0.13086934,0.10271954,0.05704416,0.027309773,0.019096527,0.015116172,0.011793513,0.006779742,0.001879865,0.000390678,0.023397239,0.016663881,0.011533451,0.005019885,0.00059596,3.02E-05,0.020416195,0.016402202,0.01296623,0.007723586,0.002087796,0.000351837,0.026051704,0.018993206,0.013362162,0.006129964,0.000800013,2.72E-05,0.020069255,0.016120428,0.012756605,0.007504994,0.001964623,0.00034648,0.02529361,0.018419538,0.013015235,0.005800216,0.00081724,3.96E-05,0.081665106,0.07329304,0.06524243,0.050301798,0.026234148,0.011184906,0.15143049,0.1350533,0.11911925,0.08892861,0.040864088,0.013832695,0.096067436,0.08904369,0.08217697,0.068975866,0.04528298,0.026277913,0.19859114,0.19292983,0.18732686,0.17632444,0.15515235,0.13533944,0.058260893,0.056517723,0.055579872,0.055385059,0.055801734,0.056721584,0.056576455,0.05649832,0.088662365,0.086971773,0.085938315,0.085500716,0.085656844,0.086179062,0.085323978,0.083231399,0.098593373,0.096387805,0.094971247,0.094645135,0.094696111,0.095093889,0.09547338,0.095960479,0.002627122,0.000162699,0.010925875,0.002159784,0.011313259,0.001707891,0,0.13332476,0.020393739,0.01624947,0.012764997,0.00746124,0.002053794,0.000387846,0.026914418,0.019473631,0.013604764,0.005966499,0.000751784,6.15E-05,0.015164915,0.001554387,0.01292465,0.001498754,0.11697256,0.08444846,0.93966293,0.9631455,0.06262714,0.058396403,0.054418467,0.04709728,0.03473455,0.025072295,0.017590355,0.008138068,0,1.4788055
1,225,0,0.29050699,0,-0.31149176,0,0.11108127,0,0.2623285,0,0.50985207,0,0.24404334,0,-0.81706155,0,-0.080927905,0,0.075581516,0,0.39885144,0,0.099462055,0,0.36664006,0.085677993,0.09940627,0.10208801,0.09499721,0.08807936,0.07484777,0.050735407,0.030957941,0.18082792,0.16732498,0.15419525,0.1290815,0.08413853,0.047892272,0.11003477,0.10292742,0.09597102,0.082722954,0.058738865,0.038686465,0.07325304,0.06510656,0.057286084,0.042947203,0.020872107,0.008172813,0.13486278,0.1187713,0.1031969,0.0742901,0.030598074,0.009260893,0.020138053,0.016079344,0.012625193,0.007351588,0.002177171,0.00050322,0.025671223,0.01879076,0.013397847,0.006239342,0.000887164,9.46E-05,0.08823788,0.08063423,0.07334659,0.059734304,0.037128124,0.020896763,0.1592337,0.14363404,0.12851736,0.10055334,0.055371135,0.026267977,0.019110516,0.015131177,0.011810288,0.00680225,0.001891756,0.000396424,0.023458181,0.016711423,0.011564237,0.005030342,0.000603892,3.04E-05,0.020424092,0.016401662,0.012960731,0.007713622,0.002086746,0.000351415,0.026112085,0.01903689,0.013397398,0.006139621,0.000804241,2.72E-05,0.020097638,0.01613878,0.012771432,0.007512446,0.001964689,0.00034677,0.025358213,0.018467097,0.013042221,0.005811703,0.000819288,4.01E-05,0.080571696,0.0722286,0.06421817,0.04936735,0.025572428,0.010810079,0.14892839,0.13256387,0.11665651,0.086596586,0.03923923,0.013019913,0.092455484,0.085364774,0.07843198,0.06515465,0.041455116,0.02285481,0.19248064,0.18676834,0.18112299,0.17004153,0.14875416,0.12884545,0.058323377,0.056346005,0.055496809,0.055374301,0.055823092,0.056769068,0.056606496,0.056564277,0.087258489,0.08532451,0.084386822,0.084035444,0.084237278,0.084805806,0.083967499,0.082009997,0.096674479,0.094632706,0.093355858,0.093096703,0.093206648,0.093662685,0.094079147,0.094610451,0.002525805,0.000155739,0.010638138,0.002085056,0.010790209,0.001621225,0,0.21672874,0.020432305,0.016280418,0.012790388,0.007476357,0.002058718,0.000388434,0.026993304,0.019525021,0.013640096,0.005985194,0.00075544,6.17E-05,0.015980922,0.001825632,0.010315651,0.000875762,0.11049454,0.07823184,0.96828675,0.9431686,0.062774606,0.05854479,0.0545513,0.04720433,0.03482379,0.02514001,0.01765086,0.008172195,0,0.005278038
1,226,0,0.68672598,0,0.63682698,0,0.3146055,0,0.42944788,0,0.32377746,0,0.98282897,0,6.6949687,0,-0.086897676,0,-0.15201881,0,0.25573213,0,0.10364183,0,0.2371254,0.085550303,0.10360322,0.10007727,0.09274999,0.08559346,0.07187815,0.047195375,0.027135696,0.18231258,0.1685544,0.15517028,0.12955151,0.08371829,0.04660797,0.10896594,0.10171337,0.09458475,0.080962434,0.056400016,0.036040116,0.075640716,0.06743987,0.059542496,0.044970836,0.02225713,0.00889736,0.1399694,0.12386701,0.10822037,0.07896924,0.03367723,0.010559039,0.02034751,0.016234484,0.012714874,0.007371311,0.002193786,0.000482505,0.025566796,0.018760286,0.013397143,0.00629629,0.000830027,6.55E-05,0.09142022,0.083721824,0.076337345,0.062494904,0.0392693,0.022415543,0.16551182,0.14983562,0.13464208,0.10622333,0.059797186,0.02906995,0.018991714,0.015053518,0.011705934,0.00669057,0.001841719,0.000376498,0.023213878,0.016517699,0.011410978,0.004968444,0.000574384,2.72E-05,0.020416534,0.016427118,0.013004216,0.007754155,0.002105956,0.000359611,0.025992302,0.018940823,0.013319171,0.006127972,0.00078969,2.83E-05,0.02001298,0.016076848,0.012720055,0.007487379,0.001968369,0.000347735,0.02521304,0.01835917,0.012985097,0.005794576,0.000812323,3.84E-05,0.08411225,0.075682834,0.06755312,0.052415513,0.02775413,0.012048416,0.15539049,0.13901143,0.12301246,0.09264046,0.043505076,0.015159952,0.089627005,0.08220913,0.07498814,0.06128565,0.036911692,0.018304024,0.14471158,0.13825664,0.13193734,0.1196816,0.0967182,0.07595715,0.058482482,0.056223077,0.05544574,0.055382352,0.055858479,0.056826547,0.056643107,0.056633668,0.091803537,0.089585665,0.088708625,0.088383012,0.088575035,0.089108248,0.088144672,0.085927137,0.10072532,0.098820161,0.097630987,0.097389913,0.097488753,0.097898511,0.098265823,0.098718365,0.002826727,0.000175862,0.011609205,0.002338972,0.012226908,0.001863269,0,0.18620009,0.020297974,0.016171394,0.012697621,0.007421914,0.002039529,0.000384344,0.026799792,0.019405955,0.01355467,0.005936933,0.000743293,6.09E-05,0.012567746,0.000856396,0.00675074,0.000234368,0.057695735,0.02944693,0.9849405,0.9846008,0.06225346,0.058041945,0.054068755,0.04680429,0.034488097,0.024875967,0.017415693,0.008073433,0,-0.13022233
1,227,0,0.50981819,0,0.61096632,0,0.39805176,0,0.060597491,0,0.60075117,0,0.32934541,0,1.8835339,0,-0.21761819,0,0.35113432,0,0.15959387,0,0.1058651,0,0.006862923,0.090340665,0.10583802,0.10003015,0.09261216,0.08537086,0.07144006,0.04643244,0.026153168,0.18378864,0.16994147,0.15643288,0.13063343,0.08436885,0.04682363,0.10604883,0.098614566,0.091364235,0.07736386,0.05224815,0.03174302,0.0770363,0.06880679,0.060866833,0.04616636,0.02308709,0.009340722,0.14267261,0.12656207,0.11088584,0.08146976,0.035373233,0.011292904,0.020319756,0.01624207,0.012758756,0.007409655,0.002215014,0.000490126,0.025478002,0.018678892,0.013361923,0.006299222,0.000824523,5.94E-05,0.09319681,0.08543117,0.07797484,0.06402025,0.040471293,0.023260757,0.16873014,0.15302311,0.1377818,0.10918777,0.062101346,0.03056292,0.01892585,0.014997799,0.011651861,0.006630229,0.001812916,0.000364599,0.023072835,0.016417276,0.011330078,0.004942567,0.000562048,2.52E-05,0.02040552,0.016429642,0.013017093,0.007769588,0.002119108,0.000366734,0.025921175,0.018887334,0.013282699,0.006121853,0.000781787,2.89E-05,0.01997837,0.016042022,0.012692271,0.007471112,0.001968491,0.000349545,0.025137665,0.018302647,0.012944626,0.005790012,0.000807399,3.76E-05,0.086026385,0.07756127,0.06937668,0.054086965,0.028987493,0.012763211,0.1586882,0.14230783,0.1262725,0.095758446,0.045792237,0.016340943,0.09119665,0.0837479,0.076486774,0.06269333,0.03809089,0.019131126,0.12759863,0.12080573,0.11412543,0.10114981,0.07726069,0.05622798,0.058606707,0.056083131,0.055383592,0.055384,0.055888893,0.05688074,0.056677739,0.056701971,0.094250211,0.091762235,0.090958535,0.090680394,0.090882024,0.091409031,0.090370155,0.088031516,0.10266876,0.10090968,0.099826554,0.099620613,0.099733441,0.10013449,0.10048387,0.10090313,0.003015396,0.00018891,0.012162655,0.002496976,0.013038803,0.002000642,0,0.46559485,0.020234229,0.016116157,0.012648878,0.007398916,0.002031281,0.000381212,0.026705045,0.019345153,0.01351574,0.005914995,0.000737828,6.01E-05,0.011638874,0.000652059,0.007191359,0.000262393,0.03855997,0.01428083,0.9916226,0.99162334,0.062031463,0.057827402,0.053856518,0.046629965,0.03435173,0.024744878,0.017323362,0.008043943,0,-0.39409257
1,228,0,0.0501792,0,-0.1347397,0,0.070079221,0,0.16594224,0,-0.16710246,0,-0.31168887,0,-0.18344473,0,0.069863264,0,0.025743578,0,0.20786032,0,0.10464982,0,0.044342886,0.090969587,0.104623,0.10298456,0.095725685,0.08865324,0.07506572,0.050442312,0.030182183,0.18477818,0.1711147,0.15782012,0.13232395,0.086612254,0.049360648,0.10892838,0.10164968,0.094495595,0.0807741,0.05607098,0.035615236,0.07706551,0.068830095,0.06088665,0.04617484,0.023085287,0.009339831,0.14155686,0.12543066,0.10975059,0.08038036,0.03460631,0.010954886,0.020273747,0.016176451,0.012674523,0.007353672,0.002198316,0.000491697,0.025539333,0.01872248,0.013373465,0.006280679,0.000857987,7.43E-05,0.092292376,0.08458066,0.077178136,0.06326779,0.039887153,0.02286081,0.16643386,0.15075067,0.13554731,0.1070607,0.060412887,0.02943893,0.01900218,0.015048467,0.01171995,0.006719144,0.001856758,0.000384667,0.023239218,0.016544215,0.011443454,0.004987505,0.000586548,2.90E-05,0.020361697,0.016367877,0.012947006,0.007716154,0.002088526,0.000352903,0.025925033,0.018898562,0.013290848,0.00610543,0.000793102,2.75E-05,0.019990118,0.01606059,0.012707125,0.007478476,0.001960832,0.000346189,0.025160894,0.018323435,0.012953226,0.00577431,0.000812423,3.90E-05,0.0850509,0.07659956,0.06844173,0.05324039,0.02836822,0.012405277,0.15638499,0.14000665,0.12400793,0.09359808,0.044195965,0.015517234,0.10130835,0.09432249,0.08749169,0.074289925,0.050417256,0.030773746,0.1222723,0.11538548,0.10862602,0.09551357,0.07142718,0.05046178,0.058651396,0.055882785,0.055286965,0.055373051,0.055916455,0.05693934,0.056715064,0.056782062,0.092973376,0.090230961,0.089538285,0.089359109,0.089611972,0.090188503,0.08915911,0.086953229,0.10081625,0.099250288,0.098330375,0.098201019,0.098378661,0.098840412,0.099226171,0.099686199,0.003009256,0.000187664,0.011858801,0.002401272,0.012412162,0.001895694,0,-0.057860777,0.0203013,0.016176991,0.012705106,0.007424658,0.002042919,0.000385819,0.02676195,0.019370113,0.013532439,0.005931745,0.000745414,6.11E-05,0.014995146,0.001407295,0.016357841,0.002476218,0.033189073,0.010601846,0.7604736,0.73788154,0.06230129,0.058090545,0.05412709,0.046849355,0.034538075,0.024925267,0.017472051,0.008088143,0,0.28103024
1,229,0,-0.2944,0,-0.45000511,0,-0.010142024,0,-0.22949245,0,0.16000458,0,-0.47519699,0,-0.32772561,0,-0.15341553,0,0.21209398,0,0.10597493,0,0.10413355,0,-0.36905826,0.089470082,0.10410891,0.10929675,0.10228659,0.095452145,0.08235424,0.05814842,0.03774207,0.18926562,0.17588878,0.16288564,0.13791353,0.09284817,0.055791706,0.12194646,0.11503968,0.10830451,0.09533752,0.07163677,0.051101025,0.07750558,0.06925733,0.06129895,0.046539154,0.023334196,0.00947384,0.14189798,0.1257384,0.11003347,0.08061102,0.034720596,0.010998318,0.019803952,0.015783422,0.012398539,0.007280903,0.002127734,0.000489581,0.025513992,0.018604524,0.013235508,0.006144454,0.000889083,0.000105104,0.091717795,0.084011085,0.07661767,0.0627645,0.03950619,0.022565654,0.16533577,0.14965597,0.13449092,0.10608419,0.05950143,0.028866379,0.019009039,0.015067866,0.011737252,0.006787333,0.00189652,0.000399,0.023270305,0.016580364,0.01145659,0.004982473,0.000605264,3.03E-05,0.020289844,0.016276455,0.012848913,0.007631489,0.002076429,0.000348258,0.025876826,0.018865263,0.013288569,0.006072137,0.000803171,2.67E-05,0.02002833,0.016072696,0.012712667,0.007479104,0.001954591,0.000344963,0.025146797,0.01831333,0.012909274,0.005756081,0.000813895,4.06E-05,0.084301226,0.0758735,0.06774513,0.052591752,0.027923752,0.0121579,0.15529628,0.13891564,0.12295158,0.09259119,0.04346867,0.015135371,0.11458907,0.10795131,0.10143265,0.08880546,0.06560808,0.045561533,0.13436837,0.12772588,0.12120685,0.1086087,0.08519698,0.06433536,0.058235533,0.055719554,0.05520998,0.055365947,0.055941124,0.05698938,0.056746928,0.056849233,0.091966408,0.089484196,0.088882227,0.088779648,0.089070217,0.089680539,0.08864615,0.086515221,0.09980755,0.098401332,0.097612466,0.097542643,0.0977681,0.098271371,0.098680208,0.099164136,0.003057927,0.000189989,0.011632721,0.00235395,0.012102481,0.001850031,0,-0.28779403,0.020385263,0.016248489,0.012761263,0.007458875,0.002053054,0.000386546,0.026791763,0.019370588,0.013533088,0.005946497,0.000753852,6.12E-05,0.021677565,0.003852239,0.029471807,0.009175967,0.046418242,0.020295726,0.6855214,0.618397,0.0627376,0.05852059,0.054515216,0.04714003,0.03480903,0.025134446,0.017681368,0.008209133,0,-0.20905348
1,230,0,0.34359535,0,-0.67186786,0,0.030550478,0,0.13611336,0,0.1929706,0,1.101912,0,0.85417008,0,0.030313283,0,-0.001055305,0,0.35893325,0,0.1026913,0,0.23958709,0.089025919,0.10266575,0.1094783,0.10252342,0.0957689,0.08277738,0.058743775,0.038473234,0.18827559,0.17496929,0.16204287,0.13720319,0.0924219,0.0556981,0.13676834,0.13028702,0.12392564,0.11162299,0.088755645,0.068410635,0.0761575,0.06793829,0.06002428,0.04538652,0.022532986,0.009047572,0.13952279,0.12337667,0.10770669,0.07843813,0.03326312,0.010375208,0.019747186,0.015711492,0.01233434,0.007272339,0.002127981,0.000480256,0.025521861,0.01858086,0.013221128,0.006151707,0.000896931,0.000113187,0.090310015,0.08264097,0.07529963,0.061528385,0.03853468,0.021869805,0.16280036,0.14715244,0.1320376,0.10379226,0.057722412,0.027740998,0.019052276,0.015108085,0.011768951,0.006812243,0.001908934,0.000403364,0.023358785,0.01664321,0.011493412,0.004996656,0.000609396,3.17E-05,0.020314852,0.016288534,0.012854427,0.007630105,0.002078984,0.000348036,0.025945755,0.01891782,0.01332818,0.006084244,0.000807568,2.66E-05,0.020070286,0.016103826,0.012732491,0.007493528,0.001956863,0.000344972,0.025218343,0.018364256,0.012937767,0.005770268,0.000817351,4.09E-05,0.08274029,0.07434611,0.06627278,0.051236484,0.026949111,0.011594076,0.15267265,0.13630141,0.12035488,0.090111025,0.041704405,0.014235207,0.10172694,0.09483607,0.08808188,0.075057596,0.051484894,0.032043595,0.11859505,0.11168729,0.10490785,0.091787435,0.067750424,0.047000982,0.057802937,0.055550332,0.055128284,0.055356165,0.055963565,0.057038259,0.056777972,0.056916121,0.089965299,0.087752847,0.087245431,0.087229101,0.087566172,0.088224196,0.087208411,0.085218453,0.097805525,0.096562227,0.095913024,0.095910665,0.096195928,0.096758086,0.097204303,0.097732472,0.002880488,0.000177726,0.011208786,0.002241931,0.011523885,0.001751428,0,0.19792356,0.020432843,0.016288694,0.012790296,0.0074768,0.002057483,0.000386732,0.026873514,0.019427953,0.013572766,0.005965901,0.000757295,6.12E-05,0.022447942,0.004291189,0.017586436,0.003047158,0.030129636,0.008794178,0.7236923,0.41289362,0.062926374,0.058697276,0.054672506,0.04726482,0.03490583,0.025213005,0.01774619,0.008256989,0,0.25162082
1,231,0,0.53618147,0,0.24531544,0,0.54914033,0,0.004024598,0,0.2323754,0,0.70528142,0,-0.73782226,0,0.21801693,0,0.10102961,0,0.25286967,0,0.10317711,0,0.018483358,0.088224077,0.10315674,0.10493265,0.09784946,0.09093191,0.07769113,0.05344816,0.033340927,0.18508372,0.17158903,0.15847485,0.13333863,0.088172086,0.05136367,0.1355029,0.1289904,0.1226088,0.11025828,0.08733739,0.06697619,0.07556969,0.06736564,0.05946982,0.044894103,0.022195734,0.008867761,0.13921148,0.12308542,0.10742988,0.078201294,0.033128206,0.010321909,0.019969385,0.015935315,0.012502572,0.007323277,0.00216131,0.000502336,0.025496056,0.01864441,0.013284575,0.006182258,0.000880246,9.37E-05,0.0902698,0.082604796,0.07525378,0.061499614,0.03851382,0.021872029,0.16327016,0.14761922,0.13245878,0.1041949,0.058110576,0.027978564,0.019053105,0.015091671,0.011772392,0.006790531,0.001889284,0.000396901,0.02333277,0.016621854,0.01150237,0.005002652,0.00060383,3.03E-05,0.020359261,0.01634523,0.012913537,0.007680521,0.002080513,0.000350182,0.025972763,0.018935438,0.013328944,0.006104095,0.000801655,2.70E-05,0.020049827,0.016096741,0.012738137,0.007492488,0.001959431,0.000346057,0.025226858,0.018372027,0.012969387,0.005779569,0.00081508,4.01E-05,0.08277637,0.074379504,0.06629552,0.05126774,0.026943121,0.011586039,0.1531368,0.13676022,0.12080812,0.09054192,0.042001832,0.014401136,0.09446163,0.08735451,0.08039891,0.06705014,0.043131713,0.024156597,0.14529373,0.13888082,0.13259853,0.12042149,0.097571105,0.076908335,0.057403661,0.055395592,0.055056906,0.05535259,0.055990649,0.057090201,0.056811361,0.056984138,0.090034171,0.08807444,0.087651647,0.087701474,0.088066013,0.088743338,0.087696982,0.085710341,0.097875842,0.096787428,0.096260077,0.096308165,0.096628729,0.097213804,0.097667787,0.09819835,0.002808728,0.000173751,0.011221994,0.002239692,0.011655609,0.001768392,0,0.055454402,0.02039085,0.016248412,0.012765467,0.007461828,0.00205492,0.000387606,0.026861379,0.019426987,0.01357152,0.005957501,0.000752894,6.14E-05,0.017882686,0.002376393,0.011173914,0.001018826,0.058686662,0.0303876,0.8035965,0.43284428,0.06267056,0.058451567,0.054462742,0.047115702,0.034765992,0.025104279,0.017632017,0.008169486,0,-0.5942238
1,232,0,0.38768476,0,-0.75330601,0,0.41164511,0,0.45277395,0,0.66254734,0,0.5358781,0,0.43182693,0,0.15966869,0,0.3711628,0,0.36258984,0,0.10245451,0,0.042582815,0.088486523,0.10243551,0.10018979,0.09297612,0.08594716,0.07246446,0.048129965,0.028311193,0.18080078,0.16717447,0.15389201,0.12850769,0.08313096,0.04653425,0.15665713,0.15051967,0.14448607,0.13272145,0.11071651,0.0906448,0.0738938,0.06573273,0.057892457,0.04349301,0.021244615,0.008367077,0.1368691,0.12077759,0.10517324,0.07613208,0.031799283,0.009762719,0.020346016,0.016233794,0.012719159,0.007379236,0.0022057,0.000493238,0.02568236,0.01882698,0.01344779,0.006315196,0.000862548,7.47E-05,0.08931336,0.08169202,0.07437388,0.06066632,0.037842628,0.021416489,0.16187249,0.1462406,0.13109113,0.10292181,0.057231233,0.027431434,0.019070689,0.015102536,0.011761937,0.006743032,0.001863255,0.000385994,0.023369923,0.016636973,0.011507468,0.005015214,0.000589749,2.92E-05,0.020435179,0.016426805,0.012993491,0.007743684,0.002095839,0.000354114,0.026070941,0.019004604,0.013365219,0.00613943,0.000797428,2.76E-05,0.020062502,0.016118636,0.012752939,0.007505256,0.001967742,0.000347387,0.025302764,0.018426538,0.013025938,0.005806542,0.000816888,3.92E-05,0.08180225,0.07342395,0.06536926,0.05041949,0.026307581,0.011228955,0.15164426,0.13526411,0.11932468,0.08911927,0.040996242,0.013901776,0.090903424,0.08369699,0.076674305,0.063229434,0.039291948,0.020745777,0.13865885,0.1321509,0.12577042,0.11341337,0.09038408,0.06971173,0.056985438,0.055232825,0.054979726,0.055345641,0.056015611,0.057140781,0.056843657,0.057051719,0.088808022,0.087110192,0.086777755,0.086906002,0.087310207,0.088024341,0.086978099,0.08508086,0.096648938,0.09572016,0.095325652,0.095435117,0.09580625,0.096436819,0.096917337,0.097476785,0.002606592,0.000161642,0.010965059,0.002171321,0.011371323,0.001715689,0,0.24754499,0.020373221,0.016234023,0.012749603,0.007450298,0.002049733,0.000387037,0.026911093,0.019477537,0.01360715,0.005963998,0.000749353,6.14E-05,0.013690292,0.001167648,0.008637904,0.000528997,0.051745895,0.024707068,0.85936946,0.21698526,0.062524594,0.058298584,0.054320715,0.047016546,0.03466071,0.025013285,0.017533293,0.008116253,0,-0.24527177
1,233,0,0.2951255,0,0.33108034,0,0.33057286,0,0.11781733,0,0.15312976,0,0.26360698,0,2.0062393,0,-0.060527809,0,-0.027931322,0,0.21048465,0,0.10484045,0,-0.30323905,0.088682196,0.10483411,0.10059318,0.093311645,0.0862194,0.07260772,0.048061736,0.028057195,0.18300773,0.1693008,0.15596953,0.1304258,0.08470346,0.047613632,0.15127282,0.14502423,0.1388952,0.1269697,0.10462178,0.08439531,0.07526924,0.067075886,0.05919016,0.04465336,0.022037046,0.008782174,0.1401168,0.12400649,0.10835238,0.07908356,0.033745088,0.010586876,0.020353632,0.016234115,0.012710668,0.007361192,0.002198262,0.000489494,0.025585689,0.018757889,0.013413228,0.00630271,0.000847731,7.11E-05,0.09081514,0.08314396,0.07578006,0.06197091,0.038861673,0.022131326,0.16531783,0.14964531,0.13445431,0.10604484,0.05964438,0.028959325,0.019024555,0.015072077,0.011728221,0.006715051,0.001849575,0.000380844,0.023251807,0.016545838,0.011440702,0.004987482,0.000579959,2.77E-05,0.020413226,0.016415942,0.012989219,0.00774327,0.002098763,0.000356177,0.025979333,0.018934805,0.013314713,0.006120809,0.00079234,2.79E-05,0.020024598,0.016087784,0.012728971,0.007492424,0.001966331,0.000347292,0.025206115,0.018356174,0.012980252,0.005788509,0.000813177,3.87E-05,0.083450936,0.07503311,0.066925,0.05184258,0.027339747,0.011810974,0.1552105,0.13883246,0.12284026,0.09247745,0.04338515,0.01510296,0.09119318,0.083899945,0.07681143,0.0632505,0.039072942,0.020349512,0.12173019,0.11486992,0.10813557,0.095088355,0.07113935,0.050316278,0.056619784,0.055095767,0.054919653,0.055349379,0.056047908,0.057196539,0.056879674,0.057121114,0.09091396,0.08945652,0.089197225,0.08937247,0.089785083,0.090490745,0.08936485,0.087335458,0.098761383,0.09797744,0.097687077,0.097829627,0.098211641,0.098829033,0.099287779,0.099808183,0.002777896,0.000172484,0.011416228,0.002285699,0.012163806,0.00185323,0,0.065348212,0.020325156,0.016195,0.012717401,0.007431975,0.002044005,0.000385692,0.026802795,0.019402865,0.013554416,0.005939139,0.000744915,6.11E-05,0.013362386,0.001047691,0.008240492,0.000438181,0.033161607,0.010691738,0.88336825,0.2138698,0.062355984,0.058139764,0.05416652,0.046881765,0.034555215,0.024933055,0.017462615,0.008087534,0,-0.12441922
1,234,0,0.34478538,0,-0.66736371,0,0.44617726,0,0.39216121,0,0.79517229,0,0.47511306,0,0.3843713,0,-0.082087024,0,0.008121078,0,0.29280154,0,0.1062899,0,0.048030383,0.092167884,0.10629352,0.10005006,0.09271387,0.08554548,0.071809635,0.047093283,0.027013276,0.18374044,0.16996408,0.15655299,0.13088351,0.08489104,0.047526285,0.15888956,0.15274476,0.14670144,0.1349118,0.11282899,0.09266689,0.07578102,0.067577645,0.059676223,0.04509131,0.022340998,0.008941813,0.1417508,0.12563623,0.10996332,0.08059409,0.03476739,0.011026452,0.020356538,0.016240707,0.012723208,0.007379198,0.002206716,0.000487373,0.02552971,0.018735372,0.013388313,0.006296508,0.000831105,6.45E-05,0.09160133,0.083896436,0.07650495,0.062652096,0.039393075,0.022502348,0.16731201,0.15161711,0.13640134,0.10786301,0.06107034,0.029883003,0.018980177,0.015044121,0.011697769,0.006682278,0.001838074,0.000374744,0.023156997,0.016477153,0.011380265,0.004955142,0.000572285,2.69E-05,0.020414509,0.016426917,0.013004875,0.007755221,0.002107259,0.000360218,0.02593957,0.018902339,0.013292047,0.006116759,0.000787525,2.84E-05,0.02000813,0.016072383,0.012716383,0.007485294,0.001968446,0.000347797,0.025160944,0.018321026,0.012958311,0.00578397,0.000810435,3.82E-05,0.084309034,0.075876586,0.06774053,0.05258784,0.0278805,0.012121584,0.15725523,0.14087564,0.12485622,0.09440503,0.04478906,0.015817104,0.08906458,0.08160484,0.07434285,0.060574163,0.036140453,0.017579922,0.12100236,0.11410604,0.10733784,0.09421826,0.07013706,0.049236935,0.056238749,0.054951777,0.054855668,0.055350321,0.056078521,0.057251173,0.056914908,0.057190244,0.092015395,0.090806122,0.090625811,0.090856972,0.091287542,0.09199835,0.090816573,0.088721661,0.099867821,0.099233484,0.099055202,0.09923931,0.099644096,0.10026603,0.10071783,0.10122034,0.002845461,0.000177152,0.011666064,0.002354807,0.012660416,0.001937962,0,0.014349709,0.020290265,0.01616483,0.012692172,0.007419237,0.002038477,0.000384024,0.026743332,0.019366222,0.013527312,0.00592465,0.000741571,6.07E-05,0.012454468,0.0008294,0.006248467,0.000184422,0.032096673,0.009932769,0.91115,0.056502465,0.062226035,0.058016684,0.05404309,0.04678343,0.034470547,0.024861261,0.017405221,0.008070042,0,0.18081988
1,235,0,-0.16068141,0,0.29161339,0,0.42793571,0,-0.2861044,0,0.072592168,0,0.35361374,0,0.13519509,0,-0.24779506,0,0.006032251,0,-0.28063488,0,0.10706712,0,0.058932074,0.093495504,0.10699717,0.10797618,0.10092025,0.09402127,0.08081809,0.056512956,0.036116485,0.19046973,0.1770114,0.16391762,0.13879222,0.09340561,0.055968318,0.1533453,0.14710486,0.14098632,0.12907277,0.10672958,0.086469054,0.077617906,0.06936743,0.061405025,0.0466368,0.02340208,0.009509849,0.14456458,0.12839302,0.11265425,0.083076276,0.036393646,0.011742432,0.019893037,0.01587024,0.012465108,0.007319022,0.002154681,0.000503894,0.025393164,0.01855424,0.013241908,0.006148662,0.0008867,9.88E-05,0.09200307,0.08428923,0.07688295,0.06301679,0.0397049,0.022710655,0.16820113,0.15249635,0.13728392,0.10868861,0.061560486,0.030174341,0.019002736,0.015060122,0.01173602,0.006777784,0.00188937,0.00039594,0.023180146,0.016518496,0.011423215,0.004967589,0.000601172,2.91E-05,0.020299487,0.016292034,0.012865387,0.007647389,0.002076354,0.00034887,0.025801709,0.018809665,0.013245781,0.00605933,0.000798688,2.67E-05,0.020015402,0.016064648,0.012710393,0.007476384,0.001955258,0.000345201,0.025066582,0.01825565,0.012878484,0.005740197,0.000810764,4.02E-05,0.08464228,0.07620256,0.06806256,0.052886292,0.028130071,0.012273886,0.15826161,0.14187331,0.12588595,0.095407896,0.04551481,0.016193656,0.087972656,0.08043257,0.073093615,0.059185904,0.03464323,0.016196975,0.12132953,0.11443324,0.10766449,0.09454117,0.070446044,0.049519215,0.055845629,0.054802051,0.054787411,0.055349023,0.05610752,0.057304719,0.056949514,0.05725907,0.092395018,0.091439208,0.091341294,0.091635838,0.092091096,0.092816971,0.091596736,0.089484158,0.10025135,0.099769477,0.099709824,0.099941503,0.10037759,0.10101667,0.10147168,0.10197064,0.003074282,0.000191324,0.011727012,0.002379249,0.012785299,0.001965507,0,-0.080366989,0.020364042,0.016229212,0.012748886,0.007451508,0.002051815,0.000386748,0.026700905,0.019307297,0.013489133,0.005924277,0.000749984,6.10E-05,0.020197706,0.003191502,0.005322826,0.000121023,0.0323395,0.010069909,0.89436406,0.035615712,0.06262756,0.0584108,0.05442429,0.04707139,0.03474689,0.025088811,0.017636819,0.008177026,0,0.4857607
1,236,0,0.051406578,0,4.1969821,0,0.099009995,0,0.022948046,0,-0.057569511,0,0.16920327,0,0.53093621,0,-0.058167895,0,0.11830933,0,0.73469915,0,0.11066048,0,0.1512918,0.095255577,0.11052395,0.11502028,0.10807901,0.10131689,0.08828773,0.064089656,0.043256998,0.19876315,0.18546492,0.17251848,0.14765944,0.1023185,0.06436728,0.13519046,0.12855144,0.12205083,0.10946903,0.08614801,0.06547636,0.08087409,0.07254335,0.06449228,0.049441345,0.02537419,0.010591448,0.15080817,0.134595,0.1187877,0.08885073,0.040379383,0.013576344,0.019614032,0.015608144,0.012263781,0.007260946,0.002133598,0.000471784,0.025217606,0.01835352,0.013028403,0.00604346,0.000878313,0.000110866,0.09456161,0.08677746,0.079294235,0.065246895,0.041466895,0.023976052,0.17352435,0.15777029,0.14250165,0.1136295,0.06539863,0.03267937,0.018959653,0.015038986,0.011717244,0.006786917,0.001906533,0.000405947,0.023059774,0.016431313,0.011337299,0.004925813,0.000602123,3.11E-05,0.020201728,0.016189758,0.012770875,0.007577746,0.002067939,0.000345367,0.025596628,0.018666709,0.01315444,0.00599853,0.000799088,2.60E-05,0.019976921,0.016024513,0.012665357,0.007458093,0.001947249,0.000342763,0.02488243,0.018118644,0.012758364,0.005692421,0.000809095,4.06E-05,0.08732315,0.07884586,0.07063143,0.055244196,0.029894054,0.01335611,0.16378167,0.14742328,0.13139538,0.10073298,0.04951186,0.018294103,0.09191142,0.08442716,0.077121995,0.06324239,0.03847565,0.01932726,0.12379542,0.11689475,0.11011297,0.096941,0.07270558,0.05154316,0.055502876,0.05467634,0.054735084,0.055357814,0.056143436,0.057363367,0.056987554,0.057329632,0.095796521,0.09507539,0.095045002,0.095374945,0.095826562,0.096526614,0.095194535,0.092862696,0.10366129,0.10331826,0.10335125,0.10360491,0.10403703,0.10464161,0.10505863,0.1054981,0.003532712,0.000222872,0.012500593,0.002590117,0.014084604,0.002210641,0,-0.21755215,0.020344267,0.016221981,0.012735311,0.007447723,0.00204877,0.00038459,0.026525555,0.019176636,0.013397167,0.005892329,0.000749612,6.03E-05,0.02649933,0.006147319,0.007235993,0.000253302,0.034044504,0.011021555,0.89676833,0.16430764,0.06270028,0.05848056,0.054470796,0.04707844,0.03476783,0.025132855,0.017701393,0.008251498,0,0.65707094
1,237,0,1.3520798,0,0.1912806,0,0.30832511,0,0.038500688,0,0.78397594,0,0.11397662,0,-0.067406916,0,0.14462212,0,0.013072671,0,0.79842282,0,0.11364362,0,0.2643051,0.098622645,0.11343491,0.10863363,0.1014104,0.09435397,0.08076022,0.05593976,0.035033397,0.19619192,0.18255025,0.16925806,0.14370495,0.09740534,0.058743034,0.1351618,0.12846386,0.12190425,0.10920586,0.08568921,0.06485725,0.08178285,0.07343833,0.06536587,0.050249297,0.025952853,0.010916842,0.15376535,0.13757747,0.12178143,0.09174339,0.04250355,0.014592659,0.02004649,0.016011052,0.012571057,0.007321527,0.002196115,0.000497217,0.025144571,0.018417211,0.013111132,0.00612548,0.000868837,8.58E-05,0.09637443,0.08856535,0.08102891,0.066874795,0.042768423,0.02492583,0.17785524,0.16210057,0.1467659,0.11762312,0.06875882,0.03489913,0.018933909,0.014989085,0.011696748,0.006727354,0.001867034,0.00038881,0.022941124,0.016340641,0.011309591,0.004921889,0.000587021,2.98E-05,0.020234033,0.016254555,0.012848394,0.007652505,0.002069025,0.000348686,0.025536971,0.018619008,0.013100728,0.006009088,0.000785281,2.67E-05,0.019894753,0.01597966,0.012645812,0.007439847,0.001947282,0.000343439,0.024794007,0.018056834,0.012758071,0.005686225,0.000801533,3.90E-05,0.08945791,0.08093328,0.07266066,0.0571439,0.031291686,0.014164747,0.16823077,0.15188473,0.13582218,0.10501723,0.052826304,0.02010411,0.09335616,0.08582618,0.07846873,0.064445,0.03940646,0.019913467,0.12824075,0.12138634,0.11464494,0.10153353,0.07733354,0.056014057,0.055148921,0.054545428,0.054679543,0.055364236,0.056178495,0.057421167,0.057024938,0.057400076,0.098543218,0.098062442,0.098103537,0.09847494,0.098929979,0.099612626,0.098184054,0.095676247,0.10641552,0.10621447,0.10634535,0.10662724,0.10706309,0.10764526,0.10803466,0.10842994,0.003680072,0.00023604,0.013128823,0.002757154,0.015343033,0.002428068,0,0.36420235,0.020222902,0.016113989,0.012659696,0.007400774,0.002037925,0.000384972,0.026391873,0.019096047,0.013342206,0.005853968,0.000738401,6.05E-05,0.018873967,0.002452404,0.007478481,0.000255475,0.038121518,0.013712076,0.97398144,0.13601984,0.0621026,0.057910793,0.05396535,0.04670451,0.0344493,0.024868388,0.017451758,0.008076284,0,0.40173955
1,238,0,0.01399099,0,3.3978364,0,0.058979496,0,0.018107068,0,-0.055922327,0,0.10085682,0,0.46715181,0,0.081163731,0,0.24680732,0,-0.015246956,0,0.11244364,0,0.3002724,0.098513392,0.11215053,0.10787547,0.10069206,0.09366377,0.08014048,0.05544213,0.03470083,0.1946445,0.18102776,0.16775887,0.1422776,0.096153505,0.05774051,0.11758067,0.11044495,0.10344423,0.090001516,0.065503664,0.044618297,0.08051546,0.072200544,0.06415851,0.049144536,0.025164178,0.010473932,0.15165956,0.13547194,0.11968746,0.08974454,0.04105785,0.013904391,0.020024348,0.015986957,0.012560852,0.007323892,0.002181113,0.000499633,0.025166241,0.018429631,0.013131651,0.006128118,0.000870457,8.98E-05,0.095122196,0.08733893,0.07984105,0.065770455,0.041876096,0.024283728,0.17570914,0.15995973,0.14464925,0.11561365,0.06713778,0.033813447,0.01895408,0.015005788,0.011711991,0.006738663,0.001872474,0.000390617,0.022994995,0.016379947,0.01133666,0.004930328,0.000589703,2.99E-05,0.020259257,0.016272733,0.012861002,0.007657958,0.00207075,0.000348819,0.025598936,0.01866391,0.013133789,0.00602199,0.000787894,2.67E-05,0.019926392,0.016003532,0.012664843,0.007450577,0.001949336,0.000343886,0.024855744,0.018102176,0.012788014,0.005699387,0.000803508,3.92E-05,0.08809363,0.0795875,0.071349114,0.055925366,0.030372223,0.013608216,0.16601603,0.149658,0.13360251,0.10286306,0.051148396,0.019183997,0.094501294,0.08710536,0.07989711,0.06613335,0.041407388,0.021938868,0.12116212,0.11418603,0.10733514,0.09401481,0.06952881,0.048277996,0.054721728,0.05437921,0.05460069,0.055356706,0.05620303,0.05747189,0.057057937,0.057468273,0.096797961,0.096584731,0.096719499,0.09717465,0.097673977,0.098400939,0.096985425,0.094601769,0.10467075,0.10463182,0.10489948,0.10524614,0.10573773,0.10637247,0.10679317,0.10722275,0.003489106,0.000221277,0.012719683,0.002642214,0.014733749,0.002319549,0,0.035991294,0.020257652,0.01614164,0.01268148,0.007413584,0.002041673,0.000385548,0.026460506,0.01914371,0.013375224,0.005869364,0.000740695,6.06E-05,0.018683013,0.002443204,0.009069441,0.000495051,0.030949054,0.008943534,0.9832788,0.61593246,0.062219452,0.058022454,0.05406772,0.046790842,0.034516018,0.024917109,0.017490705,0.008096041,0,-0.55904586
1,239,0,0.50902817,0,0.65777256,0,0.17059113,0,0.18636645,0,0.22156463,0,0.39701382,0,0.66091881,0,0.52588056,0,-0.11180202,0,0.22116707,0,0.11315424,0,0.10735267,0.10092055,0.11278124,0.10637146,0.099095844,0.092003986,0.07835431,0.053511497,0.03278707,0.19403389,0.18034114,0.16700879,0.14136739,0.09502403,0.05647668,0.11236211,0.10508104,0.09791874,0.08411498,0.059179302,0.03831162,0.08040148,0.07209131,0.06405277,0.049051616,0.025100453,0.010438974,0.1520752,0.13589485,0.12011585,0.09016368,0.04137229,0.014055354,0.02019215,0.016117258,0.012629374,0.007320622,0.002191054,0.00048971,0.025238901,0.018496925,0.013198654,0.006186536,0.000855412,7.58E-05,0.09531452,0.0875247,0.08002945,0.06593362,0.042012442,0.024381477,0.17653267,0.1607836,0.14546284,0.11637792,0.06777611,0.03425179,0.01893743,0.014991722,0.011684943,0.006704785,0.001857107,0.000385048,0.022961654,0.016351191,0.011313623,0.004929144,0.000582002,2.94E-05,0.020279102,0.016298031,0.012889221,0.007680634,0.002077821,0.000350379,0.025598185,0.018662572,0.013126968,0.006027617,0.000784567,2.69E-05,0.019918121,0.016001888,0.012661331,0.007450894,0.001952497,0.000344592,0.02484714,0.01809497,0.012790408,0.005701034,0.000802821,3.87E-05,0.088328734,0.07981953,0.07157422,0.05613188,0.030521225,0.013692089,0.16685297,0.15049617,0.13443354,0.10366481,0.0517742,0.019525167,0.09340365,0.085939236,0.07864948,0.06477701,0.03993467,0.020541914,0.11778603,0.11071356,0.10377366,0.0903092,0.065578595,0.04426598,0.054330862,0.054229969,0.054533142,0.055356365,0.05623313,0.057526239,0.057093208,0.057537677,0.097105645,0.097146211,0.097364504,0.097884383,0.098409348,0.099152106,0.097699421,0.095302828,0.10498046,0.10509426,0.10548098,0.1058756,0.10639884,0.10705178,0.10747694,0.10790508,0.003475864,0.000220648,0.012800825,0.002656515,0.014996922,0.002359161,0,0.23937148,0.020234896,0.016124226,0.012665046,0.007402308,0.002037216,0.00038497,0.026435956,0.01913324,0.013368147,0.005862058,0.000737648,6.05E-05,0.016982935,0.001868037,0.008024229,0.000335524,0.027240733,0.006701774,0.99091077,0.8954463,0.062106486,0.057909142,0.05396397,0.04670739,0.034438368,0.02485586,0.01743016,0.008066546,0,0.33389271
1,240,0,0.23524417,0,0.12327415,0,0.13469628,0,0.29482001,0,0.065595875,0,0.027491701,0,0.27361115,0,-0.043753123,0,0.38265278,0,-0.12394698,0,0.11545142,0,0.024184585,0.10109851,0.11499887,0.10508248,0.0976959,0.09046653,0.076564126,0.05135378,0.030485298,0.19489364,0.18107282,0.16758554,0.1416864,0.094858214,0.055846985,0.11245535,0.10511566,0.09791276,0.083971344,0.05879135,0.0377445,0.081293784,0.0729673,0.06490909,0.049840923,0.025668291,0.010756105,0.15465157,0.13848686,0.12270512,0.09265466,0.043211192,0.014936864,0.020220058,0.016133355,0.012635074,0.007326566,0.002180714,0.000479802,0.025124572,0.018438097,0.013168499,0.006192593,0.000817571,6.44E-05,0.09675061,0.08891514,0.081367336,0.067183994,0.043020386,0.025107726,0.17984043,0.16408572,0.14872368,0.11951609,0.07032424,0.03599149,0.018869178,0.01495671,0.011630847,0.006647667,0.001829968,0.000374055,0.022811579,0.01623234,0.011214071,0.004883219,0.000564624,2.68E-05,0.02028554,0.016322061,0.012921361,0.007705093,0.002092964,0.000357474,0.025542557,0.018614093,0.013090056,0.006023096,0.0007764,2.79E-05,0.019883908,0.015973309,0.012638318,0.007439588,0.00195604,0.000345595,0.024775768,0.018041447,0.01276092,0.005695237,0.000798545,3.77E-05,0.089896135,0.08136729,0.07308033,0.05752248,0.03157073,0.014321709,0.17022067,0.15388349,0.1378204,0.10694332,0.054347083,0.020952474,0.097522505,0.090177216,0.08302677,0.069290064,0.044482637,0.024594355,0.11818508,0.11106862,0.10409678,0.09056186,0.06565778,0.044176802,0.053965714,0.054093951,0.054474892,0.055361603,0.056266812,0.05758365,0.057130459,0.057608186,0.099113812,0.099401384,0.099695991,0.10026469,0.10079924,0.10153534,0.10000363,0.09748003,0.10699536,0.10725481,0.10774541,0.10817348,0.10870912,0.10935188,0.10975938,0.11015719,0.003614909,0.000231454,0.013298185,0.002797359,0.01599457,0.002545814,0,-0.16483704,0.020170057,0.01606995,0.012618496,0.007376337,0.002027431,0.000382173,0.026340624,0.019075148,0.013324862,0.005837724,0.000731203,5.99E-05,0.01488161,0.001234599,0.01096873,0.000810645,0.027046477,0.006485631,0.77343255,0.7442964,0.061854847,0.057670694,0.05372318,0.04650588,0.034269184,0.024718806,0.017306434,0.008023296,0,0.15495884
1,241,0,-0.14633234,0,0.247673,0,-0.11392592,0,-0.090657574,0,-0.33974077,0,-0.12867479,0,0.64275219,0,-0.056759659,0,-0.1822945,0,-0.11215143,0,0.11725829,0,-0.094666233,0.098152772,0.11679357,0.11116201,0.10395841,0.096910164,0.08331792,0.05843231,0.037272166,0.20097324,0.18735582,0.17406262,0.14851974,0.10201468,0.06286443,0.11531119,0.10801535,0.10084355,0.08695624,0.061797813,0.040560495,0.08387618,0.075486936,0.06736365,0.0520838,0.027273186,0.011674724,0.15882641,0.14264987,0.12681147,0.09655788,0.04608585,0.016352857,0.019886874,0.01587725,0.012462717,0.007257811,0.002154624,0.0004971,0.02493545,0.018255116,0.013016472,0.006064491,0.000861412,9.10E-05,0.098196134,0.09034999,0.08275616,0.068495795,0.04407376,0.025876496,0.18258858,0.16683638,0.15145117,0.12210807,0.072394736,0.037361573,0.018881038,0.014949506,0.01166913,0.006720241,0.001868884,0.000391516,0.022799121,0.016242858,0.011240903,0.004890353,0.000587023,2.96E-05,0.020179229,0.01620595,0.012806797,0.007623151,0.002062556,0.000347442,0.025378518,0.018503753,0.013022959,0.005969204,0.000782204,2.65E-05,0.019854575,0.01594422,0.01261795,0.007422865,0.001941674,0.000342775,0.0246439,0.01794806,0.012677064,0.005649927,0.000796762,3.90E-05,0.09140934,0.082867,0.07454601,0.05889905,0.032635245,0.014996835,0.17311886,0.15681374,0.14074308,0.10981545,0.0566321,0.022231827,0.1046318,0.09752944,0.0905744,0.07712408,0.052595302,0.032194987,0.11892336,0.11177964,0.10478424,0.09119649,0.066154204,0.04451356,0.054037823,0.054177317,0.054561742,0.055453951,0.056363173,0.057629507,0.057197231,0.057693454,0.10102397,0.1013297,0.10162438,0.10218562,0.1027089,0.10336809,0.10181349,0.09918479,0.10891183,0.10917839,0.10966733,0.11008733,0.11060788,0.11122619,0.1116132,0.11198328,0.004007175,0.00026223,0.013720376,0.002934819,0.016714383,0.002687727,0,-0.31947787,0.02018962,0.016087927,0.012640012,0.007389655,0.002035566,0.000384324,0.026240801,0.01898365,0.013263776,0.005822371,0.000735424,6.01E-05,0.020727063,0.003076468,0.01706047,0.002484781,0.02724318,0.006498243,0.73646104,0.7678449,0.06201816,0.057839334,0.05389507,0.046638545,0.034407876,0.02484098,0.017442012,0.008076111,0,-0.28052978
1,242,0,0.069461029,0,-0.29255663,0,0.048527082,0,-0.006978634,0,0.02377404,0,-0.19748623,0,0.52413033,0,-0.16699577,0,0.06381586,0,-0.018003679,0,0.11385272,0,-0.13189283,0.094882514,0.11337753,0.11212917,0.10507157,0.09814782,0.08487606,0.060382944,0.03949919,0.19900106,0.18553706,0.17240772,0.14722067,0.10132586,0.06284755,0.11893123,0.11181861,0.10483949,0.09143651,0.06697586,0.046048086,0.08161164,0.073266394,0.065197125,0.050088327,0.025833987,0.010849427,0.1541264,0.13791984,0.12210404,0.09202791,0.0426806,0.014672975,0.019771062,0.015784845,0.012403964,0.007289145,0.002135732,0.000489205,0.025136065,0.018348755,0.013068158,0.006075361,0.000878289,0.000101138,0.09563575,0.08783195,0.08031271,0.066215605,0.04223455,0.024535634,0.17735909,0.16159831,0.14626619,0.11718831,0.06833222,0.03460289,0.018918352,0.014995181,0.011681902,0.006750629,0.001884258,0.000396088,0.022926275,0.016336808,0.011291996,0.004911912,0.00059639,2.90E-05,0.020202061,0.016209625,0.012798062,0.007604404,0.00206734,0.000347042,0.025506724,0.018595185,0.01309756,0.005988143,0.000791126,2.64E-05,0.019931683,0.015996117,0.012654322,0.007444078,0.001946384,0.000343577,0.024783254,0.01804945,0.012728129,0.005674623,0.000802159,3.99E-05,0.08857292,0.0800639,0.071816884,0.05635303,0.030709663,0.013828755,0.1677361,0.1513948,0.13533884,0.10455871,0.05246115,0.019900652,0.10755963,0.10064213,0.0938682,0.08073722,0.056770984,0.036531445,0.11273234,0.10551424,0.09842838,0.08471948,0.05959483,0.03827525,0.054087623,0.054258116,0.05465479,0.055558127,0.056474065,0.05767392,0.057274933,0.057794678,0.097391077,0.097716003,0.098030532,0.098629803,0.099190951,0.099829546,0.098399016,0.096043525,0.10527326,0.10555875,0.10608331,0.106537,0.10710364,0.10778773,0.10822548,0.10866082,0.003647094,0.000232401,0.012852234,0.002690243,0.015142179,0.002399136,0,-0.15967744,0.020285135,0.01616814,0.012699684,0.007423215,0.00204391,0.00038514,0.026405796,0.019093651,0.013340627,0.005861851,0.000742926,6.04E-05,0.022970164,0.004218014,0.021030862,0.004274444,0.021781532,0.00387272,0.7329497,0.6923813,0.06240777,0.058209687,0.054231975,0.046899613,0.03462756,0.025003351,0.017585231,0.008157033,0,-0.15925554
1,243,0,0.57439941,0,0.73254676,0,0.37801154,0,-0.038018135,0,0.1704603,0,0.098797939,0,0.21351805,0,0.13613783,0,0.37639368,0,0.17177733,0,0.11083569,0,-0.05419113,0.093367628,0.11035205,0.11040578,0.1033763,0.09649972,0.08332997,0.05899932,0.038395867,0.19530314,0.1818767,0.16878615,0.14368796,0.098110616,0.060171057,0.11540583,0.1082715,0.10127474,0.08787946,0.063503094,0.042825557,0.07917732,0.07089007,0.062883005,0.047977235,0.024338756,0.010016847,0.14941429,0.13321742,0.11743144,0.08757782,0.039499328,0.01316285,0.01978299,0.01578626,0.012404188,0.007281757,0.002136091,0.000495313,0.025294174,0.018456554,0.013136652,0.006107763,0.000887771,0.00010246,0.09332371,0.08557135,0.07812623,0.06417078,0.04061278,0.02335929,0.17270678,0.15695904,0.14169484,0.11284955,0.06483744,0.03228451,0.018972266,0.015038439,0.011714261,0.006771024,0.001891141,0.00039779,0.023059662,0.016430851,0.011355512,0.004939042,0.000599867,2.95E-05,0.02025526,0.01625038,0.012829248,0.007621354,0.002072829,0.000347802,0.02564891,0.018698823,0.013171181,0.00602011,0.00079589,2.65E-05,0.019989505,0.01604205,0.012689461,0.007465044,0.001951362,0.000344412,0.02492338,0.01815118,0.012797181,0.005705851,0.000806681,4.02E-05,0.086053774,0.07758744,0.06940602,0.054121632,0.02904423,0.012824244,0.1629298,0.14656113,0.13053575,0.09989673,0.048865948,0.017957445,0.1011805,0.09415486,0.08728863,0.07402163,0.050014146,0.030280573,0.10713897,0.09980839,0.092646696,0.078803524,0.053628366,0.03269713,0.05412537,0.054323914,0.054731392,0.055644615,0.056566236,0.057710794,0.057339751,0.057879063,0.094175826,0.094518007,0.09485004,0.095482899,0.096077097,0.096701304,0.095378472,0.093262433,0.10205325,0.10235555,0.10291186,0.10339539,0.10400324,0.10474683,0.10523111,0.10572759,0.003288736,0.000205854,0.012122902,0.002489429,0.013892731,0.002168986,0,0.1534722,0.020344784,0.016215948,0.012736405,0.007444469,0.00204941,0.000386004,0.02655485,0.019200478,0.013414833,0.005894668,0.000747246,6.07E-05,0.02214811,0.003974849,0.015874812,0.002268527,0.017073547,0.002117415,0.79415405,0.7704684,0.06260287,0.058393605,0.054399952,0.047042724,0.034735378,0.025080662,0.017641975,0.00818655,0,0.11461458
1,244,0,0.044507043,0,0.1714769,0,-0.02707902,0,-0.09242498,0,-0.1419271,0,-0.003598334,0,-0.19601969,0,-0.056706694,0,-0.17165949,0,0.35861978,0,0.10645654,0,-0.062065676,0.089634109,0.1059645,0.11299526,0.10618496,0.09953772,0.08668345,0.06285064,0.042495735,0.19392338,0.18075168,0.16793154,0.14324914,0.09857002,0.061501596,0.11173174,0.10461254,0.0976348,0.084336154,0.060212184,0.039945506,0.07624428,0.06802257,0.060104918,0.045456488,0.022579256,0.009075077,0.14328036,0.12709272,0.1113565,0.081830546,0.03551844,0.011346308,0.019666657,0.01565774,0.012325953,0.007295231,0.002173145,0.000476113,0.025458334,0.018517215,0.01314402,0.006115332,0.000902603,0.000106624,0.09007906,0.08240772,0.07507385,0.061309673,0.038358934,0.021729756,0.16594443,0.15026107,0.1351216,0.10666637,0.059881937,0.029113851,0.019065747,0.015129543,0.011792928,0.00682732,0.001926106,0.000410408,0.023282155,0.016585052,0.011432839,0.00496419,0.000607563,3.14E-05,0.020303166,0.016264435,0.012822599,0.007603731,0.002079198,0.00034712,0.025823122,0.018835848,0.013275498,0.006046201,0.000807927,2.63E-05,0.020098861,0.01611579,0.012731493,0.007507125,0.001961274,0.000343941,0.025108332,0.018280087,0.012864731,0.005742311,0.000819539,4.11E-05,0.08241785,0.07403133,0.065971725,0.05095461,0.026760722,0.011495749,0.1559376,0.13955922,0.12359249,0.09320242,0.04391854,0.015349266,0.09905602,0.09210133,0.08529296,0.07216599,0.0485232,0.029257344,0.1079977,0.10083659,0.0938249,0.0802732,0.055698838,0.035111807,0.054141133,0.054378369,0.054799705,0.055726401,0.056655266,0.057745543,0.057403185,0.057962868,0.089510432,0.089875522,0.090230891,0.090911036,0.091551611,0.092181541,0.091001171,0.089220524,0.097378803,0.097703806,0.098305317,0.098831499,0.099498632,0.10032886,0.10088218,0.10147205,0.002889694,0.000177707,0.011132098,0.0022336,0.012200484,0.001870366,0,0.15555696,0.020469584,0.016326109,0.012813376,0.007495386,0.002060126,0.000385798,0.02676968,0.019351188,0.013518957,0.005947356,0.000757572,6.07E-05,0.026140722,0.006256605,0.015288841,0.002199211,0.019471947,0.003176901,0.77936184,0.79497355,0.06314284,0.05888979,0.0548529,0.047401592,0.035004716,0.025312709,0.017838556,0.008336308,0,-0.2875926
1,245,0,-0.42973123,0,0.19066721,0,0.091677893,0,-0.13889118,0,-0.34375147,0,-0.34534198,0,-0.26231804,0,-0.10079036,0,-0.21897672,0,-0.10213288,0,0.10853206,0,-0.20830772,0.087230607,0.10803415,0.12267195,0.11603577,0.10952702,0.096890435,0.073339336,0.052627686,0.20324384,0.1903326,0.17771529,0.15343621,0.10923096,0.071937814,0.11279634,0.10564461,0.09863479,0.08525199,0.060954917,0.040498234,0.07867514,0.070397176,0.06240696,0.04753718,0.024032049,0.009859061,0.14757009,0.13134308,0.11553927,0.08573818,0.038166266,0.012536244,0.019634722,0.015687313,0.012328757,0.007314049,0.002271577,0.000504014,0.025359683,0.018475967,0.013163625,0.006180355,0.000937921,0.000114545,0.09180595,0.084106214,0.07670154,0.062814206,0.039531704,0.022574214,0.16925947,0.15355514,0.13840057,0.10978369,0.062198315,0.030626195,0.01904505,0.015116811,0.01180915,0.006804587,0.00194187,0.000410705,0.023196213,0.016512232,0.011374307,0.004925763,0.000606617,3.31E-05,0.020217324,0.016180353,0.012749112,0.007535795,0.002079155,0.00035216,0.025686555,0.018743785,0.013225041,0.005998316,0.000808584,2.87E-05,0.020104054,0.01609141,0.012696458,0.007515641,0.001973485,0.00033992,0.02498614,0.018173832,0.012772082,0.005712673,0.000825474,4.46E-05,0.084191464,0.07578495,0.067667596,0.052490957,0.027920892,0.012199082,0.15935719,0.14300288,0.1269959,0.09646641,0.046330463,0.016580896,0.10433805,0.09747116,0.0907347,0.07774133,0.054115336,0.03441483,0.11479788,0.10776909,0.10087744,0.08751921,0.063113295,0.042249884,0.054265803,0.054488674,0.054905927,0.055830577,0.056760372,0.057791485,0.057474284,0.058050437,0.09174635,0.092104447,0.092451584,0.09311463,0.093738659,0.094279465,0.093074355,0.091169115,0.099623073,0.099939871,0.10052453,0.10103479,0.10167861,0.10247448,0.10299936,0.10354919,0.003212484,0.000200183,0.011665965,0.002391204,0.012951235,0.001997675,0,-0.36590949,0.020476371,0.01634136,0.012823293,0.007505018,0.002058608,0.00038505,0.026655328,0.019265741,0.013461088,0.005930294,0.000759708,5.95E-05,0.03547712,0.012176173,0.019505177,0.003801415,0.025692716,0.00609342,0.6660383,0.8249648,0.063341916,0.05908518,0.05503243,0.04755063,0.035106976,0.025425458,0.017967816,0.008474528,0,-0.064651423
1,246,0,-0.28671713,0,0.76521254,0,-0.002035713,0,-0.083307774,0,0.03004184,0,0.094577277,0,0.15960713,0,-0.22098649,0,-0.083400219,0,-0.085066884,0,0.10735866,0,-0.27321591,0.088714813,0.10685412,0.12649149,0.11995095,0.11352061,0.10100795,0.07770062,0.057005696,0.20547657,0.19270045,0.18021749,0.1562343,0.11240698,0.07541007,0.10692578,0.09964892,0.09249956,0.078831635,0.05426762,0.034061532,0.07803346,0.069768764,0.06179846,0.04698607,0.023645116,0.009655212,0.14614405,0.12991357,0.11412296,0.08438672,0.03722352,0.012105826,0.019711891,0.015746525,0.012378728,0.007379838,0.002297375,0.000517621,0.025414862,0.018564122,0.01324709,0.006242432,0.000961818,0.000115585,0.09096693,0.08328423,0.07591562,0.06208669,0.038948912,0.022167524,0.16749756,0.15182249,0.13670559,0.10819859,0.060911164,0.029795578,0.019068768,0.015130315,0.011827059,0.00681162,0.001951458,0.000406959,0.02323885,0.01653745,0.011388007,0.00492185,0.000606735,3.65E-05,0.020220097,0.016176349,0.012756627,0.007523229,0.002083652,0.000355473,0.025734574,0.01877656,0.013255809,0.00600528,0.000814051,2.98E-05,0.020148443,0.016109634,0.012716326,0.00753349,0.001984858,0.000337868,0.025025578,0.018196989,0.012784696,0.005732159,0.000830021,4.67E-05,0.083237186,0.074859366,0.06676418,0.05165797,0.027343202,0.011862798,0.15752108,0.14116915,0.12517014,0.09470657,0.045030538,0.015904842,0.09892094,0.09193197,0.08509595,0.071913354,0.048163157,0.028832005,0.11056869,0.10345414,0.096486084,0.08300642,0.058477968,0.03775576,0.054338348,0.054571881,0.054994101,0.05592431,0.056857741,0.057832422,0.057541902,0.058136452,0.090512877,0.090877011,0.091231746,0.091909786,0.092548385,0.093048203,0.09190212,0.090103521,0.098387187,0.098711313,0.099310156,0.099833621,0.10049597,0.10131859,0.10186444,0.10244221,0.00312449,0.000194249,0.011431359,0.002326549,0.012493881,0.001910444,0,-0.18258704,0.020521428,0.016380275,0.01285474,0.007523522,0.002060872,0.000386871,0.026707932,0.01930211,0.013488759,0.005944678,0.000766438,5.91E-05,0.039704915,0.015318372,0.014884486,0.002040983,0.021740232,0.004133493,0.5764053,0.892178,0.063558124,0.059285417,0.055224296,0.04772465,0.035221074,0.02553095,0.018079778,0.008548204,0,-0.6168771
1,247,0,0.002488906,0,0.31124036,0,0.11751356,0,0.028369891,0,0.30015235,0,0.46985289,0,0.31166291,0,0.038934993,0,-0.14194476,0,0.001215411,0,0.10820592,0,-0.023965298,0.089000459,0.10769517,0.1222206,0.11558104,0.10906972,0.096430756,0.07287999,0.05219274,0.20266657,0.18975028,0.17712915,0.15283865,0.10863718,0.07138558,0.10480873,0.097434,0.090214826,0.07633293,0.05148843,0.031265832,0.07841481,0.07014341,0.062160827,0.047314215,0.023874665,0.009774324,0.14708316,0.13085866,0.11506138,0.08528696,0.037855454,0.012393698,0.019632017,0.01568036,0.012323229,0.007310665,0.002261662,0.000497716,0.025367396,0.018476412,0.013160504,0.006175363,0.000935623,0.000114603,0.09157879,0.08388443,0.07648607,0.06261476,0.039376188,0.02246104,0.1688092,0.1531108,0.13796179,0.10936611,0.06187444,0.030416703,0.019049691,0.015120329,0.011811308,0.006806282,0.001941817,0.000411227,0.023209112,0.016521567,0.011380429,0.00492894,0.000607019,3.30E-05,0.020224147,0.01618636,0.012753511,0.007539148,0.002079654,0.0003521,0.025701277,0.018754467,0.013232155,0.006001963,0.000808836,2.87E-05,0.02010815,0.016095908,0.012700114,0.007517193,0.001973622,0.000340092,0.025000606,0.018184962,0.012780281,0.005715829,0.000825686,4.45E-05,0.08394717,0.075545184,0.06743493,0.052278697,0.027764333,0.012105236,0.15889251,0.14253707,0.1265342,0.09602142,0.045999095,0.016409371,0.09812095,0.09108171,0.08419788,0.07093654,0.04704797,0.02769809,0.10902268,0.1018422,0.09480595,0.08120747,0.05649039,0.035718672,0.054443448,0.05467235,0.055093364,0.056024572,0.056960267,0.057876803,0.05761193,0.058223702,0.091436633,0.091799126,0.092151048,0.092824315,0.093458496,0.093887276,0.092748028,0.090912345,0.099315617,0.0996369,0.10023078,0.10074962,0.10140452,0.10221584,0.10275202,0.10331555,0.003176733,0.000197686,0.011596526,0.00237216,0.012840684,0.00197836,0,-0.13844829,0.020480644,0.016344529,0.012825725,0.007506423,0.002059079,0.000385078,0.026670141,0.019276492,0.013468433,0.005933286,0.00075984,5.96E-05,0.035082057,0.011916094,0.013910423,0.001719724,0.019889496,0.003279542,0.5596663,0.9254399,0.063350774,0.059092477,0.05503868,0.04755681,0.035111926,0.025427412,0.017967008,0.008472658,0,0.82356905
1,248,0,-0.4700492,0,0.35329763,0,-0.10408451,0,0.29500399,0,0.20558569,0,0.094369141,0,0.0312116,0,-0.15973434,0,-0.10127141,0,-0.10303958,0,0.1065712,0,-0.021428761,0.087256021,0.1060533,0.12954454,0.12306372,0.11668797,0.10428406,0.08112745,0.060451753,0.20744047,0.19476853,0.18239775,0.15860637,0.11505184,0.07822871,0.099947594,0.09243072,0.085099064,0.07105804,0.046032324,0.02612652,0.07762629,0.06936983,0.06141129,0.04663885,0.023403997,0.009527314,0.14523874,0.12900619,0.11322347,0.08352993,0.036628637,0.011837822,0.019736491,0.015757363,0.012391157,0.007372051,0.002289999,0.000517666,0.025483673,0.01861885,0.013290164,0.006259604,0.000973437,0.000113202,0.090418935,0.082748964,0.075401306,0.061610628,0.03857435,0.021901112,0.16635819,0.15069984,0.13560562,0.10717238,0.06009095,0.029270852,0.019090101,0.015148333,0.011846279,0.006823806,0.001956927,0.000403084,0.023270724,0.016554845,0.011391779,0.004916315,0.000606401,3.82E-05,0.020222366,0.016178435,0.012762802,0.007515279,0.002089329,0.000357827,0.025767082,0.018797865,0.013275233,0.00601265,0.000818092,3.08E-05,0.020176813,0.016128302,0.012737047,0.007546771,0.001993774,0.000336873,0.02505075,0.018211966,0.012792394,0.005747188,0.000832888,4.87E-05,0.08261891,0.07425757,0.0661781,0.05112087,0.026971608,0.011651463,0.15633205,0.13997954,0.1239884,0.09357316,0.04420276,0.015480169,0.09655002,0.08951137,0.08262792,0.06939018,0.04560419,0.02648653,0.10896391,0.10182369,0.09483482,0.08131881,0.05677944,0.03615432,0.054505282,0.054750958,0.055178672,0.056117166,0.057056935,0.057917087,0.057679255,0.058309634,0.089707504,0.090080885,0.090443146,0.091136605,0.091789846,0.092184387,0.091116021,0.089419548,0.09758558,0.097916833,0.098529903,0.099066205,0.099745477,0.10059245,0.10115683,0.10175832,0.003070524,0.000190511,0.011283529,0.0022858,0.012209989,0.001853061,0,-0.20917575,0.020553334,0.016407168,0.012877383,0.00753684,0.002061621,0.000387994,0.02674212,0.019326536,0.013506925,0.005955292,0.000771194,5.88E-05,0.04304272,0.017904982,0.013031769,0.001504561,0.020374542,0.003550454,0.32833436,0.9714538,0.06370346,0.059418976,0.055356488,0.047856446,0.035301834,0.025608744,0.018160056,0.008594928,0,0.37883376
1,249,0,-0.74873319,0,-0.37326577,0,-0.2578005,0,-0.13492413,0,-0.39918893,0,-0.27055375,0,-0.057089044,0,-0.34880469,0,-0.24087603,0,0.018403661,0,0.1064546,0,-0.3514659,0.086012759,0.10593023,0.14458598,0.13832234,0.13216344,0.12014266,0.0974703,0.07688575,0.22014157,0.20785706,0.19583586,0.17272782,0.13020913,0.093546726,0.10978662,0.10259837,0.09556005,0.08215064,0.057881784,0.037663985,0.07827782,0.06999765,0.062020034,0.04719943,0.023805961,0.009755688,0.1461307,0.12987034,0.11405593,0.084280334,0.037110016,0.012054939,0.019716213,0.015703982,0.012350918,0.007324684,0.002230112,0.000523497,0.025543194,0.018662842,0.013315947,0.006281175,0.001019012,0.000122424,0.09040501,0.08275518,0.07540833,0.06163631,0.038579676,0.021907326,0.16627966,0.15061975,0.13552983,0.10713644,0.060030483,0.029219514,0.019105773,0.015167261,0.011843562,0.006843634,0.001987436,0.000385343,0.023274917,0.016536297,0.011368477,0.004884661,0.000603,4.02E-05,0.020214977,0.016174292,0.01275193,0.007505323,0.0021036,0.000364886,0.025757246,0.018790556,0.013280294,0.006017462,0.000825303,3.42E-05,0.02024004,0.016197832,0.012781537,0.00758533,0.002032799,0.000334294,0.025032379,0.018185088,0.012754069,0.005779077,0.000846017,5.87E-05,0.08256548,0.07421665,0.06613362,0.051067982,0.027002733,0.011710613,0.15623553,0.13988017,0.12387884,0.09347992,0.044120327,0.015457469,0.10419981,0.09737408,0.0906793,0.07779014,0.054342184,0.034804452,0.10892467,0.10178597,0.094798826,0.08128637,0.05675559,0.036140118,0.054596624,0.054843566,0.055273634,0.056214703,0.057157597,0.057960404,0.057748663,0.058396694,0.08960409,0.08997798,0.090342989,0.091040557,0.091698653,0.092036596,0.09099984,0.089334648,0.097482,0.097815771,0.098432576,0.098972934,0.099657171,0.10051102,0.10108042,0.1016879,0.003162285,0.000196917,0.011343932,0.002296247,0.012173469,0.001802526,0,-0.27648138,0.020621646,0.016463066,0.012929548,0.007568182,0.002056882,0.000391387,0.026734894,0.019318735,0.013508547,0.005968536,0.000783832,5.69E-05,0.058901444,0.030929107,0.01995271,0.004075856,0.020368177,0.003551654,0.028873157,0.9365108,0.0640425,0.059789877,0.05572556,0.048186596,0.03554629,0.025804901,0.01840729,0.008737505,0,-0.70437594
1,250,0,-0.46898593,0,-0.095483227,0,-0.21837789,0,-0.047561314,0,0.065952846,0,-0.15867667,0,0.10498518,0,-0.018371933,0,-0.053310304,0,-0.079605393,0,0.10371031,0,0.17543349,0.086193671,0.10317872,0.14741756,0.14122821,0.1351238,0.12321731,0.10076334,0.080346964,0.22073057,0.20857129,0.19667834,0.17381667,0.13176058,0.09540243,0.11198316,0.1049374,0.0980685,0.08493376,0.061134756,0.04104697,0.07620229,0.067979224,0.060057413,0.045431253,0.022584274,0.009099293,0.14201155,0.12576488,0.1100036,0.08048058,0.034525905,0.010908022,0.019730518,0.015710028,0.012340406,0.007299676,0.002219776,0.000528015,0.025623964,0.018727412,0.013342702,0.006307859,0.001035755,0.000132145,0.088334575,0.080748335,0.073465526,0.05985552,0.037174698,0.020935686,0.1620556,0.1464685,0.131459,0.1032963,0.057030026,0.027344953,0.019170916,0.015218801,0.011883202,0.006871074,0.002003168,0.000386468,0.023406299,0.01662205,0.011429481,0.004909667,0.000604537,4.11E-05,0.020268822,0.01621772,0.012784949,0.007526044,0.00211413,0.000367877,0.025889102,0.018888047,0.013349704,0.006053089,0.000831127,3.51E-05,0.020312387,0.016259544,0.012826874,0.007614484,0.002050911,0.000337307,0.025162145,0.018270262,0.012814954,0.005817467,0.000853827,6.21E-05,0.080310725,0.072007604,0.063995026,0.049113322,0.025618535,0.010915571,0.15185687,0.13549894,0.11953632,0.08935846,0.041144893,0.013993871,0.10704811,0.10035154,0.09379705,0.081133105,0.058018982,0.038550943,0.10661539,0.09948691,0.09251659,0.0790423,0.05468388,0.034367718,0.054639055,0.054914132,0.055352939,0.056303557,0.057252004,0.05799908,0.057815077,0.058482317,0.086692696,0.087084867,0.087464576,0.088192812,0.088880985,0.08920136,0.088263667,0.086815717,0.094568936,0.094917157,0.095563481,0.096131876,0.096855058,0.097766577,0.098382465,0.099053868,0.002889122,0.000176703,0.010749083,0.002139043,0.011200676,0.001612457,0,-0.21349762,0.02069279,0.016517505,0.012974371,0.007595935,0.002061394,0.000392992,0.026869858,0.019414803,0.013579389,0.006004296,0.000790999,5.67E-05,0.062402852,0.034116898,0.023376053,0.005886537,0.018986471,0.003076196,0.01,0.94570374,0.064286456,0.06002443,0.055958055,0.048405625,0.03571127,0.025928808,0.01849798,0.008793363,0,-0.20125219
1,251,0,0.20680268,0,0.49213936,0,0.25340349,0,-0.12191275,0,-0.06484864,0,0.40877202,0,-0.007955827,0,-0.015037298,0,-0.12048582,0,-0.018384061,0,0.1057905,0,0.015587008,0.08455313,0.10525326,0.15732491,0.15121368,0.14519678,0.13346747,0.11123602,0.09082835,0.23075455,0.21882245,0.20710933,0.18452169,0.14290084,0.10640582,0.10930625,0.10212145,0.09508785,0.08169656,0.05747042,0.037317593,0.078239575,0.0699519,0.06197817,0.0471689,0.023797045,0.009759693,0.14584732,0.12957078,0.11374292,0.08396496,0.03686938,0.01194366,0.019682014,0.01566373,0.012288414,0.007265115,0.002160469,0.000520512,0.025442908,0.018605271,0.013285547,0.006288555,0.001035767,0.000143515,0.08996354,0.08232947,0.07499968,0.06129432,0.038298577,0.021736471,0.1653327,0.14970905,0.13464212,0.1063064,0.059367035,0.028782574,0.019154586,0.015206271,0.011871132,0.006874285,0.002012965,0.00038804,0.023318652,0.016550431,0.011383538,0.004886047,0.000598433,4.19E-05,0.020239504,0.016188288,0.012766657,0.007521858,0.002122471,0.000372611,0.025787247,0.018811733,0.013307983,0.006039857,0.00083074,3.72E-05,0.020316994,0.0162685,0.012825162,0.007612667,0.002067813,0.000344157,0.025056941,0.018184,0.012760607,0.005808857,0.000859301,6.74E-05,0.08205875,0.07373014,0.065665245,0.05062901,0.02672489,0.011590793,0.15526958,0.13890596,0.12290985,0.09257646,0.043425262,0.01514093,0.09948568,0.09255998,0.08577503,0.07269803,0.04912804,0.02988047,0.11533046,0.1083788,0.10155072,0.0883429,0.064223416,0.043568186,0.05476636,0.055025168,0.055459894,0.056409422,0.05735845,0.058046486,0.057887294,0.058570825,0.088931445,0.089314392,0.089685868,0.09039809,0.091069437,0.09130038,0.090337989,0.088765772,0.09681381,0.097153724,0.097783997,0.098335979,0.099035527,0.09991148,0.10049762,0.10112641,0.003161475,0.000196683,0.01125605,0.002263558,0.011931197,0.001716489,0,-0.078582754,0.020683583,0.016508996,0.012970287,0.007597594,0.002058624,0.000394223,0.026755765,0.019331433,0.013529092,0.005992371,0.000794558,5.54E-05,0.07262093,0.043022074,0.015833717,0.002403517,0.02703826,0.006996044,0.01,0.9932931,0.06428832,0.060037762,0.05598104,0.048499532,0.035790496,0.025980338,0.01852962,0.008838931,0,-0.49276877
1,252,0,-0.35807264,0,0.93900127,0,0.14165699,0,-0.22965239,0,0.19375237,0,0.11123317,0,0.15734144,0,-0.042247703,0,-0.10974256,0,-0.051135009,0,0.10467631,0,-0.049261378,0.086226214,0.10413192,0.17868109,0.17282072,0.1670466,0.15575248,0.13419372,0.11418472,0.24891345,0.23746233,0.22624414,0.20456757,0.16434605,0.12826575,0.10140783,0.0940349,0.086817995,0.0729957,0.048369933,0.02858485,0.07795169,0.069659315,0.061699063,0.046933595,0.023661392,0.009696659,0.14506094,0.12876262,0.11292043,0.08316541,0.036287528,0.011681315,0.019658996,0.015651379,0.012265216,0.007251017,0.002125716,0.000532018,0.025412822,0.018545004,0.013241559,0.006314426,0.001042164,0.000146611,0.0891159,0.081509754,0.07422148,0.060612656,0.03775122,0.021418542,0.16362135,0.14805101,0.13294576,0.10474735,0.058176473,0.028005712,0.019204715,0.015248192,0.011902998,0.006911673,0.002021268,0.00038852,0.023365138,0.01657239,0.011397724,0.004858127,0.000576378,4.38E-05,0.020283801,0.016241852,0.012818955,0.007579898,0.002152448,0.000388849,0.02584728,0.018853487,0.013360967,0.006082192,0.000837648,4.52E-05,0.020426162,0.016385889,0.012921758,0.007654133,0.002125429,0.000364076,0.025111593,0.018210137,0.012790425,0.005832242,0.000882824,7.99E-05,0.08116492,0.07287742,0.06483975,0.049886495,0.026218489,0.011347449,0.15355553,0.13718477,0.12119747,0.09097062,0.042218268,0.014588141,0.09849434,0.09157111,0.08478844,0.07173199,0.04822934,0.029124547,0.1109944,0.103963,0.09707007,0.08373809,0.059495818,0.03900014,0.054840639,0.055110286,0.05554978,0.056504519,0.057457212,0.058088509,0.057956069,0.058657779,0.087763779,0.088153344,0.088532149,0.089258424,0.089943838,0.090133156,0.089227936,0.087757427,0.095644769,0.095991783,0.096635459,0.097200322,0.097917733,0.098819881,0.099426787,0.10008356,0.003132242,0.000193288,0.011061345,0.002200858,0.011507772,0.001592642,0,0.002026438,0.02078018,0.016594509,0.013033295,0.00763883,0.002064522,0.000399698,0.026794272,0.019360906,0.013566963,0.006028182,0.000812874,5.29E-05,0.09590513,0.06469923,0.01527266,0.002241114,0.022996003,0.004848857,0.6038388,0.7487484,0.064609036,0.06037119,0.056321036,0.048862975,0.03618158,0.026229503,0.018666126,0.00898261,0,-0.53699471
1,253,0,-0.83639721,0,0.18870467,0,-0.075507222,0,-0.056322847,0,-0.089477101,0,-0.23967723,0,-0.049030666,0,-0.2237533,0,-0.26193268,0,-0.11697456,0,0.10713489,0,-0.20185537,0.086232558,0.10658531,0.21157195,0.20601973,0.2005314,0.18979874,0.16914065,0.14965963,0.2798384,0.2691217,0.25858584,0.23812477,0.1994567,0.16407256,0.10417133,0.09680988,0.08959808,0.07575265,0.050992798,0.030880349,0.08065426,0.07229417,0.06424639,0.04927845,0.0253274,0.010650714,0.1501483,0.13380684,0.11787535,0.08778281,0.039458614,0.013110098,0.01957279,0.015595469,0.012242501,0.007222074,0.002080784,0.000525227,0.025099304,0.01827227,0.013044246,0.006225166,0.001091873,0.000154633,0.09094808,0.083321854,0.0759663,0.062250152,0.03901527,0.022307353,0.16743654,0.15178874,0.13660493,0.10815,0.060999878,0.029682603,0.019193135,0.015250132,0.011903467,0.006916003,0.001999538,0.000379307,0.023246627,0.016502194,0.011331973,0.004781905,0.000551016,4.43E-05,0.020292545,0.016283989,0.012844445,0.0076401,0.002187356,0.00041696,0.025743475,0.018793853,0.013335777,0.006093798,0.000849724,5.37E-05,0.02047902,0.01646301,0.012995286,0.007683824,0.002196102,0.00038588,0.02500768,0.01813531,0.01275934,0.005825402,0.000907842,9.48E-05,0.08322436,0.074907765,0.06683448,0.051734187,0.027570242,0.012170217,0.1576047,0.1412301,0.12519619,0.09478314,0.044956356,0.016050445,0.10593622,0.09913299,0.09246277,0.07960718,0.056165807,0.03648847,0.11488924,0.10789134,0.10102972,0.08773611,0.06345695,0.042700652,0.054975216,0.055225576,0.055659667,0.056612129,0.057565123,0.058136995,0.058029168,0.058746848,0.090406203,0.090785113,0.091153529,0.091859794,0.092524813,0.092618556,0.091679068,0.090057449,0.098294657,0.098631294,0.099255053,0.099800172,0.10048908,0.10134867,0.10192019,0.10252693,0.00353131,0.000224704,0.011666615,0.00239129,0.012374787,0.001696392,0,-0.19563293,0.020816267,0.016643418,0.013079716,0.00767131,0.00207082,0.000405646,0.026639909,0.019267373,0.013520258,0.00603056,0.000830616,5.02E-05,0.13153325,0.099262655,0.021372925,0.004710571,0.026172403,0.006426096,0.44214228,0.77254397,0.06472637,0.060496658,0.056461826,0.049011424,0.036507737,0.02641628,0.018796548,0.009091154,0,-0.55491485
1,254,0,1.7827824,0,0.29744772,0,-0.025004458,0,0.025934974,0,0.21804303,0,0.15623829,0,0.69027274,0,0.10257472,0,0.10662616,0,0.061929408,0,0.10748718,0,0.1859828,0.087174208,0.10693114,0.18279538,0.17695338,0.17119837,0.15992299,0.13839556,0.11836221,0.25431213,0.24291113,0.23174919,0.21013607,0.16997488,0.13377675,0.10264362,0.095193036,0.087937646,0.07397108,0.049024176,0.028923767,0.08037172,0.072015546,0.06398642,0.049012512,0.025111517,0.010513669,0.1497387,0.13342485,0.11752105,0.0874941,0.039287817,0.013041142,0.019598702,0.015602202,0.01223753,0.007232193,0.00211855,0.000529029,0.025253449,0.01842886,0.013155752,0.006288113,0.001041925,0.000145042,0.091283284,0.08361794,0.07625772,0.062501304,0.03926689,0.022459239,0.16803351,0.1523977,0.13723218,0.10877311,0.06137782,0.03001192,0.019153431,0.015208071,0.011871672,0.006893948,0.002015912,0.000387346,0.023236873,0.016482323,0.011333501,0.004826147,0.000571001,4.37E-05,0.020232873,0.016204484,0.012788939,0.00756568,0.002150142,0.000390482,0.02570886,0.018752132,0.013291425,0.006052779,0.000833959,4.58E-05,0.020379608,0.016352497,0.01289635,0.007637906,0.002126643,0.000365336,0.024975866,0.018112445,0.012723571,0.005801956,0.000880812,8.09E-05,0.08352155,0.07518829,0.06709766,0.051942028,0.0277152,0.012225669,0.15814649,0.14178543,0.12575419,0.09531073,0.045361944,0.016204692,0.10762555,0.10085265,0.09422045,0.081407756,0.058005728,0.038229056,0.10852781,0.10134921,0.09431647,0.08072504,0.05604653,0.035338745,0.055074004,0.055323287,0.05575823,0.05671257,0.057667974,0.058182081,0.058099979,0.058834878,0.090801481,0.091180372,0.091549133,0.092255255,0.092920291,0.092950314,0.092030333,0.090406656,0.09869264,0.099029471,0.099652793,0.10019745,0.10088528,0.10174274,0.10231201,0.10291465,0.003474342,0.000219537,0.011705073,0.002365065,0.012539105,0.001766574,0,0.19105399,0.020732103,0.016557511,0.013004925,0.007622372,0.002060128,0.000399351,0.026647761,0.019256169,0.013495554,0.005998901,0.000810555,5.24E-05,0.09999035,0.068457335,0.022882923,0.005457711,0.019594638,0.003181106,0.53524864,0.8162185,0.064461164,0.060237233,0.05619605,0.048757136,0.036123835,0.026182577,0.018632608,0.008970104,0,0.19619463
1,255,0,-0.64215706,0,0.044541779,0,-0.034099032,0,-0.041318974,0,-0.039352728,0,0.78140522,0,-0.066598694,0,-0.16831535,0,-0.022812885,0,-0.012916239,0,0.10959483,0,-0.18766115,0.089344294,0.10903396,0.18915792,0.18336613,0.17765713,0.16644813,0.14505228,0.12507634,0.26122057,0.24993126,0.2388936,0.21748787,0.1775778,0.14137597,0.10659985,0.09923923,0.09202604,0.078136995,0.053228054,0.032812838,0.0822544,0.073860474,0.06577478,0.050652612,0.026283382,0.011181459,0.15334491,0.13702509,0.12108146,0.0908667,0.04167603,0.014160594,0.019576697,0.015580702,0.012217196,0.007223869,0.002110627,0.000528497,0.025122406,0.01833352,0.013080582,0.006262264,0.001042351,0.00014637,0.09289336,0.08518969,0.07777848,0.063912,0.040404476,0.023246689,0.17131215,0.15562935,0.14042829,0.1117829,0.06381951,0.031537905,0.019116465,0.015179346,0.011848272,0.006881644,0.002009925,0.000385228,0.023140315,0.016413422,0.01128124,0.004794382,0.000564804,4.40E-05,0.020200714,0.01618521,0.012771912,0.007563499,0.002152606,0.00039519,0.02560965,0.018678177,0.013243411,0.006035095,0.000833685,4.72E-05,0.020355592,0.016340552,0.012888921,0.007630988,0.002136474,0.000368758,0.024875803,0.01804164,0.012677154,0.005781329,0.00088239,8.34E-05,0.08528595,0.07691812,0.06879587,0.053502228,0.028859138,0.012913192,0.16157068,0.14521945,0.12916538,0.09857422,0.04780538,0.017498551,0.1073621,0.10053504,0.09384094,0.080919795,0.05732071,0.03739294,0.11568154,0.10864609,0.1017454,0.088365,0.063888974,0.042910665,0.05520168,0.055435919,0.055866989,0.056818965,0.057775538,0.058230174,0.058172994,0.058923964,0.093069048,0.093440214,0.093800949,0.094489467,0.095137981,0.095076978,0.094131885,0.092381603,0.10096804,0.1012968,0.10190282,0.10243147,0.10309544,0.10391784,0.10445817,0.10502032,0.003764058,0.000241979,0.012205692,0.002500301,0.013358093,0.001898955,0,0.16217515,0.02070561,0.016538698,0.012991806,0.007615836,0.00205801,0.000399809,0.026536383,0.019177828,0.013444493,0.005980351,0.000811218,5.16E-05,0.10666396,0.07478198,0.02202654,0.00492917,0.02622222,0.006324978,0.42478496,0.817956,0.06438,0.060168583,0.056135334,0.04870992,0.036129706,0.02617545,0.018626144,0.008975725,0,-0.29478191
1,256,0,-0.66162397,0,0.37482434,0,-0.012534323,0,-0.16181254,0,0.051653944,0,0.049383169,0,0.60004421,0,-0.19541782,0,-0.23210109,0,0.030720285,0,0.11107172,0,-0.26313745,0.091370908,0.11050436,0.20926002,0.20364161,0.19810374,0.18724479,0.1664352,0.1468122,0.2799898,0.26917917,0.25856507,0.23794605,0.19902824,0.16332631,0.10603432,0.09858169,0.091317065,0.07728683,0.052101217,0.031552095,0.083901435,0.075472794,0.06732821,0.05209416,0.027348816,0.011803946,0.15641558,0.1400896,0.12409922,0.09371646,0.043724813,0.015146583,0.01950087,0.015528372,0.012189341,0.007192753,0.002077261,0.000525616,0.02494484,0.0181648,0.01297605,0.006197137,0.001079105,0.000151341,0.094009824,0.08629829,0.0788558,0.06491385,0.041187752,0.023801526,0.17362148,0.15791889,0.14267346,0.11387532,0.065590896,0.03260504,0.019115679,0.015186626,0.011852321,0.006888419,0.001995478,0.000379268,0.023072202,0.016375888,0.011248774,0.004750027,0.000550049,4.43E-05,0.020208841,0.016210739,0.012787492,0.007601599,0.002174275,0.00041192,0.025547255,0.01864591,0.013228969,0.006042561,0.000841322,5.22E-05,0.020388534,0.01638702,0.012934461,0.00764786,0.002179129,0.000381929,0.024816051,0.017995473,0.012658061,0.005777153,0.000896986,9.20E-05,0.08652725,0.078154005,0.07000807,0.054646537,0.02972039,0.013445603,0.16401401,0.14766686,0.13159686,0.10091948,0.049579274,0.018478239,0.10319179,0.09621374,0.08939172,0.07618786,0.052243363,0.032377608,0.11177478,0.10459143,0.09754802,0.08392651,0.05903592,0.03795121,0.055338016,0.055562141,0.055991054,0.056943651,0.057902136,0.058286491,0.058259651,0.059030577,0.094668229,0.095034314,0.095390013,0.096068767,0.096707122,0.09655304,0.095604527,0.093776947,0.10257311,0.1028968,0.10349296,0.10401162,0.10466084,0.10546122,0.1059832,0.10651958,0.004037597,0.000264787,0.012597532,0.002636708,0.013968336,0.001978538,0,-0.16050367,0.020726657,0.016568793,0.013020891,0.007635783,0.002061784,0.000403465,0.026442973,0.019121794,0.013416288,0.0059811,0.000821928,4.98E-05,0.1285473,0.09614441,0.017606402,0.002902899,0.021664465,0.003933154,0.28624323,0.86500657,0.06445144,0.06023772,0.056220688,0.048796874,0.036324188,0.026285741,0.018707158,0.009039798,0,-0.20365833
1,257,0,0.40863693,0,0.097663906,0,0.1892984,0,-0.10297259,0,0.74839391,0,0.1330269,0,-0.069662039,0,0.033379769,0,0.078827443,0,0.127431,0,0.11149206,0,0.24813358,0.091850999,0.11091879,0.18156633,0.17569087,0.16988324,0.15852834,0.1368265,0.11662279,0.25574288,0.24428475,0.23302649,0.21121763,0.17069022,0.13422045,0.1091584,0.10182586,0.09462914,0.08075524,0.055793732,0.035145514,0.083658546,0.07524275,0.067113705,0.051883534,0.027158884,0.011678769,0.1561118,0.13980053,0.12384645,0.09352047,0.04360678,0.015102037,0.019533003,0.015550596,0.012187367,0.007205824,0.002110856,0.00052926,0.025086896,0.018311689,0.013085284,0.006236774,0.001032061,0.000146011,0.09441587,0.086660646,0.07920207,0.06522553,0.041477833,0.023992829,0.17435034,0.15862262,0.14341049,0.11460571,0.06608536,0.033010703,0.01907989,0.015149065,0.01182592,0.006866892,0.00200835,0.000386007,0.023060216,0.016356554,0.011250784,0.004797873,0.000570158,4.31E-05,0.020151097,0.016134905,0.012734729,0.007528957,0.002137642,0.000385335,0.02550882,0.018607488,0.013186304,0.006002438,0.000826882,4.42E-05,0.020290356,0.016275328,0.01283434,0.007603631,0.002109083,0.000360862,0.024783462,0.017972112,0.012623113,0.005756361,0.000870292,7.83E-05,0.08689377,0.078486376,0.07033176,0.054918163,0.029890079,0.013528493,0.16465943,0.14832577,0.13227019,0.10155307,0.05008298,0.018700706,0.10089147,0.093836434,0.086933024,0.073603936,0.049479432,0.02968985,0.11562329,0.10853802,0.10158788,0.08811623,0.0634393,0.04228416,0.055439924,0.055661805,0.056090937,0.057045462,0.058005995,0.05833248,0.058331223,0.059119213,0.095137022,0.095502162,0.095857404,0.096535506,0.097172976,0.096953794,0.096023138,0.094188612,0.10304418,0.1033673,0.1039625,0.10447994,0.10512724,0.10592433,0.10644316,0.10697449,0.003984664,0.000259849,0.012666967,0.002623087,0.014172889,0.002057897,0,0.081798431,0.020642752,0.016484808,0.012947332,0.007589038,0.002051583,0.000397152,0.0264463,0.01911018,0.013391321,0.005950106,0.000801993,5.24E-05,0.09811396,0.06645208,0.015326584,0.002060273,0.025544036,0.005847842,0.2565926,0.8708291,0.0641803,0.059970554,0.05594693,0.048538398,0.035933834,0.026053462,0.018542083,0.008922249,0,0.066417703
1,258,0,0.006505159,0,-0.031912568,0,0.045305057,0,-0.15792179,0,0.25076423,0,0.54706468,0,0.70150593,0,0.08255288,0,-0.036183117,0,0.050594726,0,0.11340176,0,-0.10989613,0.092773604,0.11282532,0.16718669,0.16111234,0.15514089,0.14345527,0.12124792,0.10066953,0.24435721,0.23258542,0.2209913,0.19850135,0.15683036,0.11988261,0.11151731,0.10420575,0.09702109,0.083155744,0.058133714,0.037271556,0.0848273,0.076395206,0.068237364,0.05291312,0.027892377,0.012094528,0.15849732,0.14220911,0.12625909,0.09585811,0.045360815,0.015963761,0.019504046,0.015525623,0.012185103,0.007199633,0.00212454,0.000515117,0.025012009,0.018279273,0.013057041,0.00618782,0.001028343,0.000144902,0.09592605,0.08812106,0.080617145,0.06653689,0.042500824,0.024708575,0.177368,0.16159321,0.14633912,0.11743358,0.06834328,0.034468327,0.019027583,0.015104693,0.011791657,0.006834379,0.00200414,0.000385961,0.022978725,0.016308418,0.011219673,0.004809343,0.0005842,4.18E-05,0.020098833,0.016076474,0.012683617,0.00747984,0.002115532,0.000373429,0.02541156,0.018536614,0.013121077,0.005960946,0.000820365,3.80E-05,0.020193815,0.01617411,0.012750264,0.007566035,0.002064596,0.000346303,0.024691528,0.017911786,0.012573217,0.005729912,0.000852153,6.94E-05,0.08849204,0.08005021,0.07184695,0.05633648,0.0309074,0.014123562,0.16769814,0.15137872,0.13533072,0.10451151,0.052400816,0.019904956,0.10126119,0.09416115,0.08720938,0.07378658,0.04946267,0.029500438,0.11256671,0.10534871,0.09826346,0.0845562,0.059441466,0.038140967,0.055545706,0.055754091,0.05617916,0.057132164,0.058093002,0.058371666,0.058390339,0.059190898,0.097190509,0.097548713,0.097895966,0.098558663,0.09918026,0.098884166,0.097927838,0.095975769,0.10510482,0.10542006,0.10600016,0.10650262,0.10712833,0.10789413,0.10838753,0.10888435,0.004170138,0.00027475,0.013103112,0.002754521,0.015005004,0.002249569,0,-0.13348085,0.0205524,0.016407229,0.012889957,0.007552328,0.002045395,0.000393191,0.02636294,0.019048197,0.013335795,0.005912887,0.000787558,5.41E-05,0.08208855,0.05123595,0.01504422,0.001916908,0.021673271,0.003832396,0.19115938,0.874734,0.06388665,0.059675694,0.055652253,0.048247006,0.035626832,0.025848955,0.018433565,0.008815714,0,-0.25037214
1,259,0,-0.52227532,0,0.021042374,0,-0.10353975,0,-0.24310647,0,-0.19592617,0,-0.40189299,0,0.099684587,0,-0.15122623,0,0.067968927,0,-0.010880565,0,0.11303374,0,-0.11048988,0.093243193,0.11244921,0.18012027,0.17422347,0.16838655,0.15697832,0.1351825,0.11488736,0.25547948,0.24395372,0.2326484,0.21072486,0.16996847,0.13338298,0.11660486,0.10943379,0.10240834,0.08890558,0.06433136,0.04344308,0.08491161,0.07647544,0.06830847,0.052988514,0.027961431,0.012141502,0.15853485,0.14223598,0.12626922,0.095843464,0.045330252,0.015947273,0.019489845,0.015513552,0.012153099,0.007191216,0.00210972,0.000527614,0.024997858,0.018232455,0.013022385,0.006202776,0.001032717,0.000145967,0.09563752,0.08785056,0.08035386,0.06630036,0.042341694,0.024603933,0.17680554,0.16105163,0.14581318,0.11688875,0.067956775,0.034220092,0.019050268,0.015124456,0.011807111,0.006854619,0.002005386,0.000385244,0.022992268,0.016308647,0.011219714,0.004788616,0.000571227,4.28E-05,0.020118728,0.01610599,0.012711545,0.007512455,0.002131699,0.000382341,0.025431257,0.018551396,0.013145253,0.005982184,0.000824135,4.33E-05,0.020252587,0.01624042,0.012806453,0.007589323,0.002099394,0.000358354,0.024709305,0.017917164,0.012583632,0.00573838,0.000865264,7.66E-05,0.0882048,0.079773895,0.07159242,0.05608877,0.030749273,0.014051783,0.1671793,0.15085626,0.134801,0.10399973,0.051988494,0.01972353,0.11160276,0.10479933,0.098123066,0.08521472,0.06151307,0.041192003,0.1169631,0.10987269,0.10291903,0.08943202,0.064673886,0.04337969,0.055652174,0.055866405,0.056294248,0.057251293,0.058215837,0.05842562,0.058475515,0.059297038,0.096819491,0.097182192,0.097533215,0.098203569,0.098832959,0.098472062,0.097559523,0.095661237,0.10473575,0.10505451,0.10564161,0.10615071,0.10678508,0.10756293,0.1080653,0.10857304,0.004191893,0.000277023,0.013051343,0.002729734,0.014859037,0.002186153,0,-0.11116329,0.020604925,0.016453793,0.012922907,0.007574729,0.002048366,0.00039617,0.026369443,0.01905457,0.013350581,0.005930107,0.000798019,5.25E-05,0.096318156,0.06465691,0.025220132,0.006447131,0.026448527,0.006264994,0.08047272,0.8704339,0.06406057,0.059856836,0.055837747,0.048442427,0.035844274,0.02599384,0.018502597,0.008898915,0,-0.2723967
1,260,0,1.9749776,0,0.38672437,0,0.26572599,0,0.25508658,0,0.17693427,0,-0.079703566,0,-0.31343044,0,0.22320142,0,0.12251226,0,0.25063145,0,0.11118866,0,0.24687305,0.091843825,0.11059611,0.15860191,0.15246132,0.14639929,0.13456614,0.11215002,0.09151406,0.23550431,0.22353105,0.21176842,0.18903545,0.1469517,0.11000045,0.11119002,0.10392684,0.09678563,0.08306887,0.058310047,0.037647076,0.08278104,0.07438709,0.0662924,0.05110508,0.02657963,0.011329137,0.15467536,0.13838197,0.12246496,0.09224567,0.042708404,0.014666422,0.019570757,0.01557669,0.012226964,0.00723284,0.002161383,0.00051915,0.025184805,0.01840417,0.013138614,0.006209471,0.001016177,0.000140067,0.09423474,0.086469755,0.079016306,0.06502207,0.041272648,0.023825424,0.17400143,0.15824857,0.14303741,0.11428412,0.06573088,0.032808553,0.019051198,0.015124578,0.011807759,0.00683572,0.001999871,0.000385131,0.023073114,0.016376894,0.011264402,0.004835755,0.000593555,4.13E-05,0.020131752,0.016103517,0.012698268,0.00747973,0.002108672,0.000369397,0.025514442,0.018614337,0.013165661,0.005974012,0.000821778,3.63E-05,0.02020021,0.016174119,0.012752582,0.007570337,0.002052596,0.000340845,0.024793748,0.017995428,0.012627246,0.005745406,0.000848064,6.55E-05,0.08667661,0.07826277,0.07008707,0.0546999,0.029685397,0.013354795,0.16421402,0.14788222,0.1318409,0.1011311,0.04979597,0.018469678,0.10648441,0.09959567,0.092847176,0.079796344,0.05599718,0.03597686,0.12456885,0.11769739,0.11094888,0.09784247,0.07372745,0.05263262,0.055717005,0.055947206,0.056382268,0.057345947,0.058314904,0.058468374,0.058545193,0.059384734,0.094870295,0.095242099,0.095604406,0.096295989,0.096946642,0.096555815,0.095718995,0.093974342,0.10278233,0.10311197,0.10371918,0.10424754,0.10490857,0.10572485,0.10625724,0.10680433,0.003831327,0.00024741,0.012556866,0.002610745,0.014094314,0.002113016,0,0.14693905,0.020569216,0.016417796,0.012898992,0.007555524,0.002048053,0.00039171,0.026476445,0.019130694,0.013387614,0.005928198,0.000785145,5.51E-05,0.07306735,0.043092072,0.020687826,0.004216793,0.035116795,0.011806237,0.10879719,0.9179553,0.06392594,0.059696898,0.055661414,0.048206776,0.03557005,0.025827514,0.018420476,0.008780206,0,0.82991478
1,261,0,-0.77821954,0,-0.009625739,0,-0.15497802,0,-0.27659403,0,-0.19397528,0,0.45547324,0,-0.28368008,0,-0.2265994,0,-0.12577935,0,0.03700819,0,0.10641194,0,-0.069854205,0.088742652,0.10580937,0.17437816,0.16846383,0.16262412,0.15122427,0.1294766,0.10932031,0.24632066,0.23475562,0.22340283,0.20147534,0.16085091,0.12456357,0.10946547,0.10226508,0.09520995,0.081769034,0.057456654,0.037233423,0.07939459,0.071063966,0.06306426,0.048165664,0.024511643,0.010167845,0.14793275,0.13162968,0.11575676,0.08583709,0.038137775,0.012514199,0.019614639,0.015613561,0.012231532,0.007242539,0.002129069,0.000531721,0.025310526,0.018470341,0.013197419,0.0062934,0.001048073,0.00014792,0.090576336,0.082927644,0.07558678,0.061867647,0.038760383,0.022104152,0.16660622,0.150988,0.13585974,0.10747798,0.06031517,0.029360333,0.019166376,0.015215634,0.011878439,0.00689394,0.002017514,0.000387446,0.023281408,0.016513797,0.011361654,0.004851729,0.000580405,4.32E-05,0.020240873,0.01620088,0.01278533,0.007553585,0.002142165,0.00038303,0.025749821,0.018783487,0.013307614,0.006054401,0.000833747,4.31E-05,0.020371107,0.016332088,0.01287743,0.007633328,0.002106499,0.000358917,0.025019923,0.018140743,0.012739811,0.005809258,0.000874008,7.63E-05,0.08273691,0.074413925,0.066337205,0.051242728,0.027200729,0.011911433,0.15663995,0.14027515,0.12426005,0.09387857,0.044323374,0.015646482,0.09739863,0.09038218,0.08352228,0.07031423,0.046560925,0.02737823,0.123294,0.11648748,0.1098004,0.0968475,0.07307274,0.052321877,0.0557291,0.056003004,0.056452898,0.057430766,0.058407049,0.058506114,0.058611485,0.059470881,0.089795823,0.090194074,0.090581347,0.091323435,0.092023721,0.09164849,0.090961474,0.089577221,0.097699515,0.09805361,0.09870947,0.099284022,0.10000949,0.10092051,0.10152881,0.10217871,0.003328981,0.000208365,0.011484236,0.002315546,0.0122152,0.001724087,0,-0.33545036,0.020725725,0.016549034,0.012997314,0.007617586,0.002060056,0.000398022,0.02670109,0.019292835,0.013515167,0.006000591,0.000806088,5.34E-05,0.090979606,0.05993512,0.013742597,0.001708991,0.03509276,0.012067047,0.01,0.9333541,0.06443391,0.060204763,0.05615831,0.048717536,0.036032725,0.026131649,0.018604428,0.008941553,0,-0.49791874
1,262,0,-0.38890255,0,-0.07293211,0,0.11763408,0,-0.14957807,0,0.034428744,0,0.93248705,0,0.056121026,0,-0.034531928,0,-0.24014716,0,0.17072526,0,0.10954734,0,-0.074750043,0.089017169,0.10894084,0.18693069,0.1811152,0.17538196,0.16413775,0.14266671,0.12264209,0.25932556,0.24798627,0.2368923,0.21538128,0.17533284,0.13907401,0.11588676,0.10878968,0.10183542,0.08853054,0.06429914,0.0436941,0.0822701,0.07387627,0.065790795,0.050665542,0.026289772,0.011183703,0.15341172,0.13709342,0.12115197,0.09093748,0.041729115,0.014186369,0.019583244,0.015585355,0.012219893,0.00722717,0.002110543,0.000526025,0.025115864,0.018322947,0.013074785,0.006253836,0.00104098,0.000146366,0.09296582,0.08525739,0.07784438,0.06397093,0.04045564,0.023280172,0.1714704,0.15578328,0.14058484,0.11193154,0.06393084,0.031617593,0.019114027,0.015177381,0.011847507,0.006880495,0.002010852,0.000385846,0.023136659,0.016411008,0.011281535,0.004798536,0.000566314,4.38E-05,0.020195413,0.016178386,0.01276728,0.007557189,0.002149449,0.000392843,0.025603011,0.018673614,0.013238667,0.006031067,0.000832231,4.65E-05,0.0203464,0.016330397,0.012879699,0.007627016,0.002129844,0.000366949,0.024870679,0.018037645,0.012672876,0.005779238,0.000880117,8.22E-05,0.085352995,0.07698243,0.06885826,0.053557567,0.028898275,0.012934887,0.16171809,0.14536884,0.12931554,0.09871706,0.047914296,0.017552413,0.09204129,0.08468266,0.07752607,0.063866645,0.0394526,0.02048277,0.12091764,0.11399975,0.10721124,0.09403629,0.0698529,0.048870686,0.055877263,0.056126518,0.056568721,0.057542415,0.058518559,0.058557504,0.058687002,0.059561624,0.093156989,0.093541618,0.093914919,0.094630058,0.095303649,0.094820821,0.094082924,0.092499893,0.10107014,0.10141032,0.10203958,0.10258843,0.10327683,0.10413277,0.10469581,0.10528263,0.003765397,0.000241973,0.01222376,0.002503739,0.013400375,0.001910947,0,0.027872658,0.020697568,0.016531458,0.012985338,0.007611588,0.002057091,0.000399282,0.026533553,0.0191749,0.013440933,0.005977027,0.000809446,5.19E-05,0.10421446,0.072412,0.008213751,0.000407561,0.03169418,0.009612718,0.01,0.9423842,0.064354315,0.060142417,0.056109425,0.048684977,0.036092438,0.026154388,0.018612437,0.008965197,0,-0.2104747
1,263,0,-0.68050476,0,-0.37539567,0,-0.054311788,0,-0.22120862,0,0.49908192,0,0.17378818,0,-0.1657266,0,-0.019520605,0,-0.22691746,0,-0.089050876,0,0.10561766,0,-0.1604132,0.088826194,0.10500155,0.20216271,0.19650793,0.19093764,0.18002982,0.15915401,0.13953933,0.27056777,0.25965655,0.24895553,0.2282111,0.18912062,0.15350474,0.1269359,0.1202544,0.11371446,0.10110106,0.07788302,0.057548303,0.07939281,0.07105917,0.06305445,0.048186406,0.024550207,0.010208135,0.1477661,0.13143599,0.11553808,0.0855919,0.03793262,0.012412826,0.019608011,0.015611745,0.012252935,0.007242026,0.002096687,0.000532989,0.025205238,0.018380264,0.01312824,0.006268047,0.001072453,0.000155106,0.08994333,0.08233824,0.075013354,0.061369237,0.03832251,0.021827098,0.16540033,0.14978795,0.13462943,0.10631764,0.059509594,0.028765881,0.019205531,0.01525574,0.011904699,0.006919585,0.002008319,0.000382062,0.023307765,0.016540525,0.011363706,0.004802805,0.000558815,4.49E-05,0.020302542,0.016281052,0.012843023,0.007628302,0.002179552,0.000410321,0.02580513,0.01882913,0.013356318,0.006098259,0.000847583,5.17E-05,0.020478848,0.01645426,0.012987099,0.007678983,0.002180962,0.000381112,0.02506485,0.018174838,0.012781171,0.005831322,0.000902198,9.11E-05,0.08212574,0.07382787,0.065774836,0.05076062,0.026854213,0.011743571,0.15548372,0.1391087,0.12309635,0.09277883,0.04349416,0.015285293,0.08977132,0.082493804,0.07542377,0.06191008,0.037898775,0.019461429,0.12206555,0.11524746,0.10855248,0.09559137,0.07181416,0.051120885,0.05590504,0.056189577,0.056644673,0.057630301,0.058612989,0.058597129,0.058754643,0.059648522,0.088990456,0.089395952,0.089790417,0.090547425,0.091262388,0.090782593,0.090172499,0.088889196,0.096895898,0.097256846,0.097926573,0.09851407,0.099256528,0.10019197,0.10081899,0.10149292,0.003342777,0.000209449,0.011344203,0.002291723,0.011880465,0.001624101,0,-0.16985502,0.020819558,0.016639683,0.013075304,0.007666311,0.002070131,0.000404454,0.026714295,0.019313782,0.013548315,0.006036266,0.000827218,5.04E-05,0.12136147,0.089281395,0.007707088,0.000380653,0.03400931,0.011365547,0.01,0.8787667,0.064740136,0.06050649,0.05647108,0.049008757,0.036455058,0.026383003,0.01877611,0.009069318,0,-0.51971243
1,264,0,-0.90204641,0,1.0577168,0,-0.18827614,0,-0.11660356,0,-0.30046005,0,-0.39291408,0,-0.55596094,0,-0.18794409,0,-0.086100957,0,-0.17816289,0,0.10344919,0,-0.10988018,0.085024633,0.10282574,0.2136706,0.20816109,0.20272616,0.19207044,0.17154425,0.1521973,0.27982897,0.26918867,0.25872412,0.23837431,0.1999557,0.16484976,0.11259165,0.10556155,0.09871279,0.08560383,0.061843637,0.041737173,0.07784141,0.06955017,0.061596762,0.0468759,0.023651514,0.009712255,0.14471419,0.12837894,0.1125092,0.082740344,0.035972744,0.011524751,0.019636711,0.015649322,0.012289257,0.007243177,0.002082529,0.000522785,0.02527656,0.018399816,0.013128268,0.006272598,0.001107049,0.000153168,0.08831266,0.08074856,0.073479556,0.05996274,0.03718217,0.021057827,0.16209188,0.1464916,0.13139668,0.10326936,0.057174407,0.027304912,0.019259939,0.01530484,0.011947583,0.006940763,0.002002539,0.000378924,0.023397349,0.016611274,0.01140393,0.004809075,0.000552006,4.41E-05,0.020365944,0.016348198,0.012894292,0.007674572,0.002198622,0.000421158,0.0259145,0.018923944,0.013428459,0.006138876,0.000857715,5.50E-05,0.020557385,0.01652903,0.013048472,0.007716019,0.002210853,0.000389772,0.02517455,0.018257823,0.012848109,0.005867262,0.000917114,9.72E-05,0.080365986,0.07209713,0.06409453,0.049264982,0.025779502,0.011138386,0.15205401,0.13566238,0.11969456,0.089540556,0.041158177,0.01413615,0.10101058,0.094175205,0.08746961,0.0745923,0.05127229,0.0320999,0.12906735,0.12241377,0.11588745,0.10330974,0.080008276,0.059420247,0.055962794,0.05626859,0.056731249,0.057724828,0.058712181,0.058639949,0.058824605,0.059736651,0.08670358,0.087122307,0.087528934,0.088310544,0.089049514,0.088545096,0.088017986,0.086909404,0.094606634,0.094979497,0.095673054,0.096283087,0.097057126,0.098039477,0.098704359,0.099430472,0.003130903,0.000193217,0.010895343,0.00219165,0.01111693,0.00148471,0,-0.053179178,0.02089526,0.01670896,0.013131724,0.00770204,0.002078642,0.000407576,0.02681157,0.01939496,0.013610718,0.006073875,0.000838422,5.06E-05,0.1341883,0.10202506,0.017800786,0.003239474,0.04195868,0.017207447,0.56575114,0.7091091,0.06496468,0.060722202,0.056672323,0.049200393,0.03666746,0.026529612,0.018873638,0.009136036,0,-0.47010873
1,265,0,100,0,0.029362029,0,0.78946958,0,0.48066535,0,1.222997,0,-0.044658814,0,-0.19094334,0,0.60408904,0,0.44541391,0,0.8153363,0,0.10010904,0,0.80604595,0.081916775,0.09947786,0.15158132,0.14545894,0.13942797,0.12769923,0.10551678,0.085294224,0.2222161,0.21021225,0.19848554,0.17587736,0.13444582,0.098424174,0.11625279,0.10942648,0.10277901,0.089994855,0.06677106,0.046835415,0.073705904,0.06555247,0.057712194,0.043332394,0.021172013,0.008351957,0.13706735,0.12085008,0.10515948,0.07597661,0.031551085,0.009640829,0.019776288,0.015740179,0.012357008,0.007310972,0.002181483,0.000523341,0.025712827,0.018789351,0.013411629,0.006334061,0.001034609,0.000142069,0.08584843,0.07834219,0.07113666,0.057733838,0.035507564,0.019807285,0.15699615,0.14150862,0.12658112,0.0987448,0.053545274,0.025181884,0.01924761,0.015279907,0.011928736,0.006904612,0.002019283,0.000388598,0.023559174,0.016720941,0.011500271,0.00493625,0.000605832,4.21E-05,0.020339906,0.016269786,0.012828692,0.007555642,0.00212918,0.000372759,0.026052333,0.01900585,0.013441208,0.006097888,0.000838422,3.69E-05,0.020408064,0.016339801,0.012883089,0.007647386,0.002072295,0.000343848,0.025317382,0.018374654,0.012892438,0.005864846,0.000865076,6.66E-05,0.07759233,0.06935013,0.061431397,0.046799134,0.023999365,0.010006747,0.14658462,0.13023177,0.11432784,0.08447702,0.037727922,0.012364545,0.09756948,0.09073055,0.08402462,0.071189135,0.04806372,0.029329773,0.12745728,0.12083104,0.11434775,0.10184646,0.07871313,0.058319207,0.056002078,0.056337328,0.056811462,0.057815233,0.058808624,0.058680905,0.058893325,0.059824216,0.083176351,0.083612113,0.084037179,0.084854243,0.085628596,0.085117993,0.084702858,0.083850372,0.091072274,0.09146338,0.092191752,0.092835561,0.093657068,0.094710579,0.095433968,0.096242403,0.002583235,0.000153114,0.010062006,0.0019604,0.010098432,0.001391716,0,0.54559795,0.020780161,0.01658537,0.013029917,0.007631173,0.002068018,0.000395226,0.02703255,0.019530855,0.013666008,0.006049541,0.000800543,5.62E-05,0.06738848,0.03868343,0.015676357,0.002509966,0.04108611,0.016745666,0.84495944,0.6950605,0.064581044,0.060307287,0.056229386,0.04869404,0.0359266,0.026085714,0.01860323,0.008864601,0,2.7618735
1,266,0,0.33411583,0,0.11001067,0,0.32542115,0,-0.04938746,0,0.50339743,0,1.4585275,0,1.7584455,0,-0.08152609,0,-0.083901191,0,0.15316286,0,0.10157206,0,-0.050003767,0.080007926,0.10093467,0.14624001,0.14005503,0.13395412,0.12206864,0.099656105,0.07931902,0.21851991,0.206361,0.19447999,0.17164476,0.1297078,0.09353595,0.12849486,0.12193398,0.11550942,0.10312716,0.080277465,0.060178842,0.074699655,0.06652028,0.058644373,0.044162557,0.02171989,0.008639298,0.13912058,0.12289492,0.107176,0.077854775,0.032780726,0.010158666,0.019762736,0.01573554,0.012360649,0.00731213,0.002223791,0.000528867,0.025707765,0.018787563,0.013384748,0.006326613,0.001038133,0.00013206,0.08695105,0.07940671,0.07216393,0.058660224,0.036237285,0.020294813,0.15926944,0.14373527,0.12877494,0.10077575,0.05510127,0.026153425,0.019203737,0.015244777,0.011903415,0.006882593,0.002006386,0.000387058,0.023486465,0.016678937,0.011468418,0.004926305,0.000606571,4.12E-05,0.02030369,0.016245555,0.012806792,0.007538816,0.002117552,0.00036845,0.025977971,0.018952705,0.013395202,0.006073546,0.000833858,3.52E-05,0.020347144,0.016287237,0.012848717,0.00762735,0.002054172,0.000337814,0.025248598,0.018332994,0.012858797,0.005837139,0.000856648,6.22E-05,0.07880294,0.07053073,0.06257179,0.047822203,0.024707884,0.010389661,0.14896107,0.13260524,0.11667563,0.086662956,0.039253958,0.013075265,0.08943994,0.08232294,0.075375475,0.062110245,0.03857858,0.020454753,0.1162925,0.10943765,0.1027076,0.089730404,0.0660028,0.045640748,0.056121129,0.05644702,0.056918546,0.057922222,0.058916828,0.058730273,0.058967712,0.059914631,0.084750254,0.085181761,0.085601433,0.086408172,0.087171903,0.086580171,0.086156741,0.08522422,0.092652733,0.093038298,0.09375596,0.094388895,0.095194304,0.096223028,0.096925023,0.097701652,0.002700377,0.000162359,0.010351673,0.002036363,0.01059108,0.001500847,0,0.20232982,0.020728039,0.01654553,0.012996244,0.007608548,0.002064741,0.000393589,0.026961705,0.0194809,0.013625351,0.0060243,0.000793525,5.68E-05,0.061477397,0.03342797,0.008637258,0.000579277,0.029146973,0.008443171,0.85108566,0.6820441,0.06439583,0.060126327,0.05605284,0.04848701,0.035770927,0.025971731,0.018528506,0.00880746,0,0.57869955
1,267,0,-0.28694438,0,-0.7748986,0,-0.028489727,0,0.039034198,0,-0.079888463,0,-0.31036268,0,0.59356894,0,-0.065002155,0,0.076739642,0,-0.049586934,0,0.09802697,0,-0.09521384,0.079917235,0.097382285,0.15712416,0.15109245,0.14515619,0.13358207,0.11164364,0.09156532,0.22584294,0.21398759,0.20240092,0.18009965,0.13915972,0.10334849,0.14706704,0.14089689,0.13483207,0.12304612,0.10108441,0.0812379,0.072253615,0.06414102,0.056356233,0.04212908,0.02038538,0.007944867,0.13412657,0.11793084,0.10228825,0.073315874,0.029864017,0.008929125,0.019794527,0.015758019,0.012375765,0.00732385,0.0021624,0.000524991,0.025762517,0.018830765,0.013449522,0.006370761,0.001061121,0.000149726,0.0843319,0.07687265,0.06973526,0.0564504,0.034501776,0.019148888,0.15388201,0.1384465,0.12356525,0.095976256,0.051457748,0.023888504,0.019298298,0.015318682,0.011958435,0.006929268,0.002031333,0.000391151,0.023650616,0.016784383,0.011545559,0.004949989,0.000601904,4.29E-05,0.020386424,0.01630571,0.012863114,0.007583289,0.002143252,0.000377931,0.02615591,0.01907827,0.013501991,0.006131628,0.000843313,3.87E-05,0.020480342,0.01640162,0.012929342,0.007671875,0.002091047,0.000350066,0.025415141,0.018436488,0.012940286,0.0058954,0.000875659,7.08E-05,0.075928524,0.06773208,0.059865292,0.045403868,0.023037355,0.009494071,0.14331116,0.12696928,0.11110887,0.08149127,0.03569132,0.011429878,0.09151194,0.08456511,0.07777598,0.06479959,0.041728143,0.023601606,0.10824177,0.10129421,0.09448151,0.0813786,0.057614394,0.037689805,0.056156904,0.056514666,0.056998484,0.05801264,0.059013171,0.058771363,0.059036629,0.060002401,0.08100964,0.081459735,0.081899,0.082742788,0.083543393,0.082949141,0.082642255,0.081979215,0.088905078,0.089310088,0.090064424,0.090732964,0.091589052,0.092694096,0.093459377,0.094326172,0.002417556,0.000140692,0.00966134,0.001858493,0.00945246,0.001260524,0,-0.09133102,0.020843195,0.01663783,0.013070546,0.007656626,0.002073052,0.00039798,0.027132586,0.019601995,0.013720902,0.00608067,0.000808671,5.56E-05,0.07364153,0.044371307,0.011213145,0.001195319,0.022211472,0.004729005,0.85623056,0.4596301,0.06479135,0.060516357,0.05643356,0.048917074,0.036115225,0.026203323,0.018684978,0.008929509,0,0.36195372
1,268,0,-0.22473335,0,0.68864984,0,-0.053251645,0,0.014032149,0,0.21776478,0,-0.12239437,0,0.038445097,0,-0.003985205,0,-0.036108116,0,-0.10501626,0,0.09823494,0,-0.21556678,0.077598285,0.09758344,0.16867633,0.16276425,0.15693818,0.1455943,0.1239469,0.10400146,0.2362523,0.2246572,0.21331637,0.19146903,0.15111582,0.11537022,0.14549303,0.13929373,0.1332038,0.12138049,0.099346355,0.07948139,0.072751775,0.06462462,0.05682903,0.042554658,0.020683672,0.008102247,0.13499472,0.11877478,0.10310548,0.074052796,0.03031758,0.009110716,0.019767005,0.015733857,0.012329417,0.007303382,0.002152266,0.00053562,0.02570667,0.018755777,0.013402023,0.006385714,0.001059876,0.000151155,0.084497556,0.077033006,0.06990064,0.056618832,0.0346135,0.019275462,0.15422879,0.1387743,0.12387791,0.096295126,0.05169792,0.024023592,0.019310625,0.0153294,0.011966933,0.006943917,0.002032301,0.000390148,0.023639793,0.016767733,0.011536428,0.004927644,0.000590184,4.37E-05,0.02039353,0.016321285,0.012879565,0.007607589,0.002156827,0.000384958,0.026146173,0.019071907,0.013510485,0.006145397,0.00084598,4.33E-05,0.02052218,0.01645148,0.012970642,0.007689363,0.002119094,0.000360684,0.025405757,0.018419461,0.012934628,0.005897741,0.000886189,7.68E-05,0.076129,0.067938514,0.060055878,0.04558697,0.023174731,0.009602938,0.14370571,0.12735398,0.1114928,0.08185599,0.035911035,0.011562092,0.0945984,0.08772902,0.081001,0.06814555,0.045118336,0.026708081,0.10351836,0.096447796,0.08953358,0.076212674,0.05224122,0.032468423,0.056255976,0.056614002,0.057098675,0.058115786,0.059118724,0.058818898,0.05910999,0.060092324,0.081252012,0.081703031,0.082142783,0.082988598,0.083790507,0.083134855,0.082851046,0.08219548,0.089150048,0.089555428,0.090311285,0.090980582,0.091837198,0.092942632,0.093707428,0.094572371,0.002478723,0.000144536,0.009742782,0.001871759,0.009503879,0.00125674,0,-0.22769119,0.020879235,0.016670687,0.013092585,0.007672587,0.002074687,0.000400549,0.027111923,0.019588225,0.01372036,0.006089788,0.000817114,5.42E-05,0.08597336,0.05564935,0.013651061,0.001881491,0.017671324,0.00273288,0.8496222,0.5239482,0.064910196,0.060649026,0.05657047,0.04907204,0.036287032,0.026315222,0.018737188,0.009000943,0,-0.070021889
1,269,0,1.549898,0,0.095216966,0,0.10530505,0,0.17216007,0,0.12640596,0,-0.068282526,0,0.1594542,0,-0.036292101,0,0.081899205,0,0.11378703,0,0.095788956,0,0.052849265,0.07679678,0.09512964,0.19803764,0.19242513,0.1868888,0.17607962,0.15534298,0.13592048,0.26130757,0.25042236,0.23975757,0.21907067,0.1802122,0.14510956,0.13411012,0.12775879,0.12155365,0.10954742,0.087266035,0.06748757,0.07144074,0.06334531,0.055619903,0.041505992,0.020030556,0.007776645,0.13220583,0.11598643,0.10034336,0.071482226,0.028716275,0.008438582,0.019784417,0.015750462,0.012360802,0.007302244,0.002113394,0.000535468,0.025687104,0.018723564,0.013375351,0.006387756,0.001104339,0.000156955,0.082662985,0.07525714,0.06817863,0.055098105,0.033376586,0.018502485,0.150476,0.13501248,0.12020409,0.092936166,0.049275894,0.022558678,0.019383257,0.015396828,0.012014472,0.006982541,0.002024888,0.000385,0.023741363,0.016847884,0.011573372,0.004888728,0.000567737,4.56E-05,0.02049141,0.016433429,0.01296263,0.007700787,0.002200426,0.000414975,0.026287043,0.01918123,0.013605898,0.006211978,0.000863544,5.29E-05,0.020670813,0.016609555,0.013109203,0.007750369,0.002202885,0.000385217,0.025533738,0.018514238,0.013019879,0.005940149,0.000919772,9.33E-05,0.074186206,0.06604711,0.058239788,0.044022765,0.022115428,0.009103128,0.13984585,0.12351175,0.10772451,0.07838234,0.03357976,0.010530151,0.09411523,0.08728977,0.080613606,0.06788138,0.045065917,0.026854685,0.09990812,0.09280591,0.08587382,0.07254119,0.04866199,0.029267766,0.056329729,0.056711431,0.057204806,0.058230809,0.059239496,0.058871756,0.059195132,0.060198995,0.078686266,0.079151517,0.079604985,0.080478301,0.081307482,0.080620468,0.080430886,0.079971692,0.086580968,0.087000014,0.087783077,0.088478708,0.089372255,0.090533681,0.091345152,0.092276973,0.002347976,0.000133326,0.009305485,0.00175575,0.008768265,0.00110523,0,0.031997404,0.021013845,0.016795268,0.013197279,0.007737316,0.002088543,0.00040805,0.027210165,0.019671837,0.013798936,0.00614746,0.000842757,5.12E-05,0.11797921,0.08638348,0.013894393,0.002016922,0.015149849,0.001908233,0.84599185,0.5260539,0.06534399,0.06107063,0.056996837,0.049465112,0.03680027,0.026629562,0.018950801,0.009152954,0,-0.19662391
1,270,0,0.52602269,0,-0.86029504,0,0.025773661,0,-0.38058196,0,0.12140329,0,-0.14740838,0,-0.18739818,0,0.079061092,0,-0.036763974,0,0.10240219,0,0.09648584,0,-0.014482075,0.075979457,0.095821485,0.2256923,0.220325,0.21502274,0.2046066,0.1844893,0.16558301,0.28709185,0.2766935,0.26647273,0.24661766,0.20902514,0.17464885,0.15410452,0.14803258,0.14205681,0.13047701,0.10885199,0.089118406,0.07247137,0.064334586,0.056577567,0.04239805,0.020641174,0.008100202,0.1341501,0.11788696,0.10217889,0.07313673,0.029725397,0.008841748,0.019843323,0.015825238,0.012449918,0.007337755,0.002102131,0.000528392,0.025678385,0.018689321,0.013344688,0.00637915,0.00115186,0.00016838,0.083154336,0.075743034,0.06866697,0.055508047,0.033683818,0.018750388,0.15153886,0.13605759,0.12119645,0.09379277,0.050000723,0.02302479,0.019409165,0.015426572,0.012049546,0.006998275,0.002007142,0.00037806,0.02371058,0.016841073,0.01155072,0.004865091,0.000555859,4.39E-05,0.020536471,0.01649331,0.013010084,0.007762459,0.002230998,0.000435112,0.026258739,0.019195968,0.013622169,0.006237225,0.000878609,5.99E-05,0.020730546,0.016678039,0.013174103,0.007798542,0.002245885,0.000402534,0.0255136,0.018512264,0.013037296,0.005957803,0.000942006,0.000104484,0.07477823,0.06663715,0.058821738,0.04457009,0.02251034,0.009340091,0.14104483,0.12469363,0.10888034,0.0794422,0.034251463,0.010866702,0.09625867,0.08945925,0.082818046,0.070126556,0.04728557,0.028874604,0.10480521,0.09780672,0.09096031,0.07779808,0.05404431,0.034349553,0.056419186,0.056796963,0.057289483,0.05831573,0.059325734,0.058911218,0.059254728,0.060271552,0.079443467,0.079907042,0.08035837,0.081227252,0.08205237,0.081307936,0.081123459,0.080633447,0.087341695,0.087758455,0.088536761,0.089227903,0.090114614,0.091265144,0.092066696,0.092983108,0.002472235,0.000142005,0.009496667,0.001829768,0.008962258,0.001123179,0,-0.07176558,0.021073531,0.016861841,0.013252846,0.007776633,0.002097235,0.000412746,0.02715069,0.019653942,0.01379496,0.006167244,0.00085816,5.13E-05,0.14787951,0.11584804,0.015492101,0.0025444,0.019381765,0.003485344,0.82679063,0.2556104,0.06548729,0.061213065,0.057138763,0.04963021,0.03704199,0.026810188,0.019055413,0.009245771,0,0.41205967
1,271,0,-0.94757126,0,-0.084909801,0,-0.062860886,0,-0.054019875,0,-0.33107769,0,0.26831768,0,0.69543289,0,-0.21362713,0,-0.19030273,0,-0.170936,0,0.095772,0,-0.1847862,0.075722329,0.095099665,0.26441306,0.25934097,0.25433508,0.24447466,0.22537972,0.20727964,0.3224589,0.31267086,0.30301887,0.28416586,0.24860439,0.21570496,0.14817564,0.14205031,0.13602416,0.12431716,0.10252405,0.082776845,0.07241939,0.06427963,0.056527272,0.04241772,0.02066839,0.008128123,0.13400806,0.11770596,0.10197002,0.072921894,0.029581504,0.008774714,0.019892031,0.01590486,0.012513311,0.007345121,0.002082898,0.000530115,0.02566724,0.018646702,0.01332088,0.006412246,0.001209934,0.000180804,0.08257257,0.07519817,0.06812803,0.05501785,0.033330694,0.018584495,0.15042572,0.1349449,0.12009539,0.09273219,0.049386073,0.022692261,0.019470947,0.015479502,0.012104538,0.007017214,0.001994274,0.00037089,0.023759069,0.016873918,0.011549963,0.004851386,0.000555718,4.19E-05,0.02065853,0.016599242,0.013103953,0.007842724,0.002279277,0.000458238,0.026333267,0.01927348,0.013672469,0.006286355,0.000904656,6.77E-05,0.020829802,0.01676599,0.01326261,0.007888432,0.002287998,0.000418941,0.025578436,0.018579548,0.013122518,0.00600336,0.000975089,0.000119619,0.07423527,0.06612025,0.05835145,0.04418695,0.022274489,0.009229785,0.14000535,0.12365536,0.10783661,0.07849056,0.033609297,0.010612259,0.09284569,0.08598997,0.07928491,0.06649878,0.043662466,0.025553085,0.09838151,0.09123826,0.08426499,0.07085946,0.04691696,0.027617982,0.056523037,0.05690883,0.057405678,0.058437157,0.059451064,0.058967531,0.059342328,0.06037943,0.078714765,0.079183335,0.079640678,0.080520576,0.081356455,0.08055363,0.080420373,0.080005993,0.086613007,0.087035626,0.087824538,0.08852571,0.089426072,0.090596927,0.091414886,0.092353949,0.002485979,0.00014238,0.009443881,0.001859797,0.008813382,0.001089247,0,-0.21775617,0.021194985,0.016981639,0.013350532,0.00784511,0.002125795,0.000423329,0.027168714,0.01970075,0.013841823,0.006207558,0.000877288,5.15E-05,0.19002278,0.15825024,0.012854966,0.001694854,0.013807816,0.0014953,0.65010583,0.17592248,0.06576706,0.06147646,0.05738681,0.049889185,0.037293836,0.027056687,0.019202406,0.009350425,0,-0.52174874
1,272,0,15.73481,0,1.3095221,0,0.2566661,0,0.15002399,0,0.20287993,0,0.21744311,0,-0.20673683,0,0.29111238,0,0.16707252,0,0.22356815,0,0.09694229,0,0.28816136,0.076094324,0.09626332,0.22143063,0.21603054,0.21068901,0.20021757,0.1799757,0.16097534,0.28346187,0.27298594,0.26270235,0.24270032,0.20489457,0.17033811,0.12978491,0.12334329,0.11702617,0.1048699,0.0823665,0.062531576,0.072814904,0.06466793,0.05689711,0.0426753,0.02082171,0.008193377,0.13484548,0.11857673,0.10285897,0.073766135,0.030118601,0.00900457,0.019820385,0.015801715,0.012426323,0.007331152,0.002100257,0.000529778,0.02564804,0.018673908,0.013327383,0.006360143,0.001137901,0.00016721,0.08354127,0.07611533,0.069023795,0.055842347,0.033941787,0.018914517,0.15233316,0.13683951,0.12196184,0.09450618,0.050512716,0.02332358,0.019392312,0.015412213,0.012037679,0.006991074,0.002008121,0.000378412,0.023683513,0.016820898,0.011540647,0.004861652,0.000554885,4.40E-05,0.020514414,0.016474437,0.012994693,0.007748315,0.002224227,0.00043166,0.026231732,0.019170398,0.013604031,0.006226216,0.000874742,5.87E-05,0.020710146,0.016659074,0.013157064,0.007785782,0.002240293,0.000399648,0.025486095,0.018488891,0.013017647,0.00594772,0.000937521,0.000102756,0.07518684,0.06703464,0.059198838,0.04490265,0.022734266,0.00945871,0.14185764,0.12550135,0.10967578,0.08017626,0.034736805,0.011085326,0.08998954,0.08302447,0.07622824,0.06324991,0.040243898,0.022338755,0.1093739,0.1024682,0.09569795,0.08269922,0.059056822,0.03917643,0.056640142,0.057017925,0.057512356,0.058544325,0.059559922,0.059017479,0.059417494,0.060470617,0.079976973,0.080441788,0.080894544,0.081767092,0.082595399,0.0817158,0.081581812,0.081108243,0.087880122,0.088297982,0.089078987,0.089771995,0.090659705,0.091810855,0.092611263,0.093523268,0.002509479,0.000144804,0.009589973,0.001849434,0.009106658,0.001147744,0,0.21722061,0.021050736,0.01684046,0.013235757,0.007765592,0.002094534,0.000411751,0.027127568,0.01963306,0.013779431,0.006157247,0.00085485,5.12E-05,0.14321138,0.11119425,0.01029246,0.000990928,0.023580967,0.00546136,0.8489585,0.22122693,0.065427184,0.061156947,0.057084713,0.04957568,0.03698623,0.026766775,0.019029448,0.009227565,0,0.6834669
1,273,0,4.9095093,0,0.16797596,0,0.40851372,0,0.38179329,0,0.26742422,0,-0.32579981,0,-0.4624095,0,0.093107011,0,0.39455993,0,0.39519822,0,0.094591156,0,0.095624723,0.076366966,0.09390531,0.17584684,0.17005053,0.16432086,0.15313374,0.13182224,0.11210085,0.24050145,0.22912878,0.2179943,0.19657935,0.15683198,0.12140814,0.12812872,0.121695,0.11540108,0.10327824,0.08087569,0.06117442,0.07010508,0.062055126,0.054371126,0.040378068,0.019271962,0.007377389,0.12969543,0.11352862,0.09796305,0.06933316,0.027414199,0.007920256,0.019833328,0.015791574,0.01238446,0.007317741,0.002142582,0.000535428,0.02586549,0.018874435,0.013474364,0.006440279,0.001067765,0.000149306,0.08185301,0.07448332,0.06743167,0.054400746,0.03286612,0.018131059,0.14882772,0.13340966,0.11864702,0.0914949,0.048177868,0.02191563,0.019380195,0.015387388,0.012011078,0.006974062,0.002038928,0.000391521,0.023795558,0.016877295,0.011603821,0.004939769,0.000583997,4.48E-05,0.02047316,0.016396673,0.01294,0.007654655,0.002175027,0.000395118,0.026328173,0.019202532,0.01360997,0.006196952,0.000853556,4.69E-05,0.020622304,0.016547024,0.013049247,0.007727708,0.002151685,0.000369603,0.025577728,0.018547826,0.013028783,0.005940368,0.000901857,8.30E-05,0.07326744,0.06514265,0.05736248,0.043222595,0.021553587,0.008751698,0.13802631,0.12171916,0.10595455,0.07675911,0.032546196,0.010045413,0.09201311,0.08516429,0.078471355,0.06571919,0.042974964,0.025012696,0.12027677,0.11361872,0.10710336,0.094613366,0.0715811,0.051571738,0.056697645,0.057097194,0.057600557,0.058640308,0.059660538,0.059061887,0.059488764,0.060559836,0.077511494,0.077989228,0.078455689,0.079353586,0.080207076,0.079306937,0.079258607,0.07896962,0.085410678,0.08584223,0.08664853,0.087366165,0.088289182,0.08949388,0.090339264,0.091316416,0.002198099,0.000123508,0.009062805,0.001693545,0.008470535,0.001067128,0,0.12976142,0.020978067,0.016753197,0.013157962,0.007711126,0.002083355,0.000403674,0.027287057,0.019716358,0.013816774,0.006140234,0.000829303,5.35E-05,0.09415511,0.0635061,0.012486907,0.001610934,0.03500462,0.012625078,0.94934916,0.19934371,0.06522604,0.060951494,0.0568616,0.049333252,0.03654994,0.026488673,0.018849086,0.009072694,0,0.77002541
1,274,0,-0.78521001,0,-0.27249445,0,-0.09832615,0,-0.26794747,0,-0.28892301,0,0.40956144,0,1.0636689,0,-0.20641643,0,-0.30393352,0,-0.10614288,0,0.09197283,0,-0.007126388,0.073244395,0.0912807,0.19498019,0.1893667,0.18382975,0.1730271,0.1523128,0.13294435,0.2563999,0.24549124,0.23483297,0.21411629,0.17529655,0.14038482,0.1226273,0.11614007,0.10981011,0.09763072,0.07522464,0.055701926,0.06842779,0.06043844,0.052822098,0.03904205,0.018431202,0.006952923,0.12622364,0.11008661,0.09459681,0.06627132,0.025582824,0.007202885,0.019862166,0.015812572,0.012411243,0.007333885,0.002125991,0.000540621,0.025857273,0.018853417,0.013461608,0.006425029,0.001102972,0.00015924,0.07991598,0.07260827,0.065631725,0.052771147,0.03159703,0.017323993,0.14480169,0.12945004,0.11480364,0.08795466,0.0456976,0.020454954,0.019449959,0.015449176,0.012054965,0.007005965,0.002032645,0.000386488,0.023910465,0.016967019,0.011655449,0.004924606,0.000572518,4.60E-05,0.020561509,0.01648835,0.013005923,0.007724751,0.002206641,0.00041547,0.02647349,0.019315774,0.013700693,0.006254384,0.000869041,5.30E-05,0.020740563,0.016664218,0.013152193,0.007775768,0.002208324,0.000385843,0.025714505,0.01864476,0.013110885,0.005981026,0.000925291,9.35E-05,0.071181156,0.063119724,0.0554392,0.04156046,0.02045888,0.008219346,0.13385738,0.11759977,0.101923,0.073086806,0.030205887,0.009056376,0.09414236,0.08740159,0.08083938,0.068305686,0.045795076,0.02783187,0.10750204,0.10065222,0.093958884,0.08116075,0.057868928,0.038396686,0.056748365,0.057173736,0.057686257,0.058734918,0.05976054,0.059105814,0.059560034,0.060649069,0.074764782,0.075258201,0.075738917,0.076665096,0.077546718,0.076630392,0.076674194,0.076587525,0.082660816,0.083106765,0.083941437,0.084686848,0.085649199,0.086914189,0.087810608,0.088862812,0.00204203,0.000112628,0.008602977,0.001575068,0.007767009,0.000942131,0,-0.18057114,0.021084893,0.016851071,0.013240685,0.00776231,0.002095188,0.00040914,0.027403874,0.019810574,0.013895313,0.006189316,0.000847823,5.16E-05,0.1150844,0.08371688,0.014867142,0.00244082,0.023164699,0.005448376,0.9379022,0.03320675,0.06556478,0.061276346,0.05718858,0.049630072,0.03691597,0.026713839,0.019009996,0.009180571,0,-0.38958603
1,275,0,-0.75247451,0,0.92860357,0,-0.021553951,0,0.1183415,0,-0.000398308,0,1.3449081,0,0.20548059,0,-0.09311579,0,-0.28659265,0,-0.1068241,0,0.08934603,0,-0.12699087,0.070048078,0.088647775,0.20389847,0.1983941,0.19297718,0.1823364,0.16187988,0.14273919,0.2631848,0.25247726,0.24198572,0.22157526,0.1832819,0.14867236,0.10656131,0.09979889,0.093212985,0.08062189,0.057958487,0.038943224,0.066516094,0.058600128,0.051067628,0.03751972,0.01746898,0.006473646,0.12234686,0.10626756,0.0908839,0.06293591,0.023666007,0.006464843,0.019910576,0.015865598,0.01245754,0.007348781,0.002115384,0.000532742,0.02595902,0.018896371,0.013482325,0.006441012,0.001134532,0.000158721,0.07800723,0.070765555,0.06387201,0.051153168,0.030377375,0.016547816,0.14080386,0.1255428,0.11101902,0.08448944,0.043312237,0.019065768,0.019511165,0.01550253,0.012100203,0.007028686,0.002029682,0.000384321,0.024026064,0.017054737,0.011708465,0.004937941,0.000567535,4.55E-05,0.020630421,0.016556984,0.013058531,0.007768667,0.002224152,0.00042478,0.026609113,0.019426713,0.013783847,0.006298227,0.000878611,5.58E-05,0.020822512,0.01673947,0.01321335,0.007811784,0.002234567,0.000393022,0.025849441,0.018744942,0.013188156,0.006020969,0.000939288,9.87E-05,0.06908722,0.0610944,0.053519655,0.039895695,0.019371273,0.007669973,0.12965603,0.11345935,0.09789082,0.06944175,0.027962692,0.008153399,0.08130156,0.074317716,0.06754701,0.05468291,0.032425053,0.01607748,0.10204771,0.095151655,0.08840924,0.075566776,0.0523378,0.0332852,0.056802149,0.057250893,0.057772572,0.058830306,0.059861075,0.059149934,0.059631467,0.060738511,0.072016029,0.07252222,0.073017293,0.073971866,0.074881228,0.073948668,0.074084424,0.074199948,0.079906064,0.080366506,0.081229861,0.082003016,0.083004983,0.084331461,0.085280517,0.08641107,0.001872418,0.000101245,0.008155005,0.001466671,0.007131996,0.000842156,0,-0.22581777,0.021164343,0.016921757,0.013297689,0.007798103,0.00210386,0.000411985,0.027531087,0.019911155,0.013970609,0.006230805,0.000858427,5.17E-05,0.12499829,0.09349963,0.00618174,0.000331258,0.01886866,0.003505163,0.94875926,0.010508073,0.06580475,0.06150476,0.057401236,0.04982723,0.037121214,0.026856458,0.019106146,0.009242036,0,-0.37966087
1,276,0,-0.34046074,0,0.81919592,0,-0.013139932,0,-0.062748282,0,-0.15036196,0,-0.000261202,0,0.74371728,0,-0.047645277,0,0.060802768,0,0.014843874,0,0.08894873,0,-0.049377761,0.069544589,0.088244125,0.19854692,0.19298397,0.18751758,0.17681454,0.15625075,0.1370301,0.25802138,0.24721672,0.23665524,0.21609469,0.17758171,0.1429056,0.10417529,0.09735662,0.09073531,0.078065075,0.055370077,0.036479875,0.06613235,0.058229025,0.050713688,0.03720598,0.017266557,0.006373115,0.12159991,0.1055393,0.09018102,0.06231556,0.023316057,0.006334373,0.019914795,0.01585697,0.012443542,0.007337384,0.00211281,0.000533373,0.02597942,0.018912606,0.013511058,0.006463155,0.001129712,0.000157591,0.07773415,0.0705001,0.06361827,0.050929718,0.030212026,0.016424555,0.14023729,0.12499475,0.11049444,0.084007435,0.042965993,0.01885946,0.019511975,0.015500778,0.012096909,0.007028432,0.00203419,0.000386169,0.024044968,0.017064659,0.011719132,0.004946078,0.000571554,4.60E-05,0.020628965,0.016548274,0.01305277,0.007759559,0.002219048,0.00042093,0.026626704,0.019432899,0.013786524,0.00629601,0.000876474,5.46E-05,0.020814186,0.016729381,0.013203959,0.007806054,0.002225195,0.000390053,0.02586555,0.018754652,0.013191605,0.00601989,0.000935206,9.64E-05,0.06878262,0.060800426,0.0532326,0.03964449,0.019203015,0.007577557,0.12904808,0.11286146,0.09730833,0.06891814,0.02764446,0.008021687,0.08289742,0.07596756,0.06924024,0.056453995,0.034234557,0.01766548,0.09589001,0.08887796,0.08200928,0.068936296,0.045598563,0.026975423,0.056893088,0.05734794,0.057871959,0.058933261,0.059967037,0.059198262,0.059705614,0.060829271,0.071621273,0.072131947,0.072630197,0.073591704,0.074508034,0.073524183,0.073697194,0.073861403,0.079513072,0.07997667,0.080846721,0.081626395,0.082637288,0.083976962,0.084936737,0.08608234,0.001836202,9.97E-05,0.008081993,0.001445378,0.00704249,0.000829331,0,-0.030270396,0.021157933,0.016913092,0.01329035,0.007792541,0.002102639,0.000411208,0.027555447,0.01992417,0.013977201,0.006229415,0.000855797,5.17E-05,0.11926091,0.08790983,0.007271778,0.000493502,0.013671966,0.00160776,0.57047975,0.69430554,0.065791525,0.06148873,0.05738657,0.049807973,0.037079263,0.026827382,0.019089242,0.00922343,0,-0.10570024
1,277,0,6.4443094,0,-0.10315975,0,0.23555958,0,-0.032331153,0,0.42211211,0,0.26840953,0,0.41790116,0,0.25356957,0,0.14319857,0,0.18054942,0,0.090825066,0,0.29464346,0.069073334,0.090140216,0.16015905,0.15422447,0.14838055,0.13702026,0.11539652,0.09561428,0.22422384,0.21254443,0.20116112,0.17923987,0.13906027,0.1038916,0.10787487,0.10109343,0.094493784,0.081857,0.059087824,0.039923538,0.06695216,0.058995493,0.051442415,0.037799615,0.017601602,0.006536479,0.1235197,0.10746285,0.09207781,0.06404206,0.024304308,0.006713964,0.019906664,0.015840746,0.012424914,0.007358964,0.002164622,0.000536193,0.02606744,0.019025851,0.013594307,0.006464504,0.001072047,0.000153506,0.07926906,0.071985945,0.06502258,0.052182812,0.03121218,0.01697806,0.14346237,0.12817818,0.1135883,0.086793914,0.0448114,0.019943984,0.019433798,0.015426649,0.01204061,0.006982436,0.002045348,0.000392463,0.023960063,0.016997142,0.011694672,0.005001229,0.000602411,4.40E-05,0.020526335,0.016421532,0.012957037,0.00764774,0.002166058,0.000384216,0.026499161,0.01932843,0.0136875,0.006222216,0.000855973,4.21E-05,0.020642687,0.016540734,0.013039037,0.007734071,0.002121205,0.000359048,0.025749542,0.018670583,0.013107101,0.005975189,0.000893665,7.54E-05,0.0703942,0.062354285,0.054688305,0.040866047,0.0199568,0.007890218,0.13232404,0.11608004,0.10043041,0.07173391,0.029360697,0.008681641,0.083615094,0.07664189,0.069869585,0.056988526,0.034540094,0.017770065,0.09301603,0.08586203,0.07887117,0.06553555,0.04191394,0.023362514,0.057025668,0.057465164,0.057985221,0.059044824,0.059993098,0.059250904,0.059782716,0.060921599,0.073787856,0.074290689,0.074781328,0.075727277,0.076540383,0.075553605,0.075705021,0.075751353,0.081686681,0.082142221,0.082995768,0.083758212,0.084744388,0.086044451,0.086968837,0.088059245,0.001888549,0.000105937,0.008361697,0.001535323,0.007596373,0.000922741,0,0.23468226,0.021003265,0.016767422,0.013169406,0.007715991,0.002086922,0.000402055,0.027481573,0.01985367,0.013902091,0.006165884,0.00082426,5.54E-05,0.077907905,0.048598226,0.007252698,0.000468971,0.010740115,0.000813387,0.7470035,0.6758425,0.06529044,0.06100067,0.0568921,0.04934023,0.036460657,0.026441168,0.018838853,0.009032862,0,0.81922339
1,278,0,33.800411,0,-0.48696469,0,0.68035848,0,0.22992506,0,0.84129145,0,0.086883726,0,0.49126995,0,0.71145271,0,0.57641698,0,0.93856673,0,0.09506523,0,1.1348577,0.073766231,0.094401635,0.11718444,0.11067138,0.10428102,0.09190737,0.06899801,0.049128428,0.18959422,0.17681758,0.16437809,0.1405675,0.097637266,0.06240391,0.12251239,0.1159511,0.10953584,0.09721098,0.07456154,0.054835368,0.068677776,0.060663752,0.053005036,0.039168835,0.01839642,0.006916911,0.12792511,0.11185639,0.096398436,0.06799214,0.026653681,0.007642382,0.019839047,0.01585166,0.012457371,0.007400349,0.002296306,0.000511017,0.025933312,0.018918281,0.01349262,0.006359357,0.000979886,0.000119824,0.08236789,0.07495318,0.067842,0.05468481,0.033211913,0.018166395,0.15005553,0.13466087,0.11981962,0.0924425,0.04909652,0.02244778,0.019272987,0.015293991,0.011952302,0.00688253,0.001969643,0.000412797,0.023748841,0.01690119,0.011641429,0.005035574,0.000620883,3.61E-05,0.02044504,0.016357671,0.012894615,0.007611617,0.002103962,0.00035761,0.026297435,0.019187296,0.013541566,0.006136878,0.000829415,2.99E-05,0.02035658,0.016281854,0.012847711,0.007610225,0.002001856,0.000342331,0.025577296,0.018598007,0.013067382,0.005850923,0.00084677,4.68E-05,0.073873386,0.06573164,0.057929978,0.0437087,0.021763682,0.008717704,0.1393243,0.12303332,0.10724992,0.07785365,0.033334583,0.010260399,0.0871384,0.080131605,0.07330866,0.06030435,0.037393652,0.019912994,0.096264936,0.08907245,0.08204261,0.068560116,0.044553746,0.025409002,0.057199571,0.05760397,0.058112679,0.05916485,0.060023555,0.059307661,0.059862682,0.061015438,0.078461566,0.078945786,0.079416881,0.080324317,0.081009422,0.079983259,0.080055296,0.079820107,0.086373788,0.086809236,0.087623033,0.088345961,0.089274807,0.090485599,0.091332216,0.092305039,0.002027139,0.000117438,0.009010333,0.001709308,0.008864029,0.001269381,0,0.54574068,0.020730074,0.016544793,0.012982646,0.007597312,0.002081725,0.000389917,0.02728742,0.01971966,0.013778177,0.006069655,0.000779855,6.05E-05,0.032841854,0.011078856,0.008562336,0.000642617,0.01207753,0.001032239,0.8994247,0.5578618,0.06417501,0.059863005,0.05575864,0.04817844,0.03556025,0.025767224,0.018230127,0.008611435,0,5.4806642
1,279,0,1.5152845,0,2.5570946,0,0.3277801,0,0.096733131,0,1.0759865,0,0.16699896,0,0.11870663,0,-0.053362749,0,0.086759975,0,0.33216202,0,0.09103508,0,0.058401423,0.073379927,0.09039181,0.09985092,0.09309489,0.08651386,0.07380756,0.05075658,0.031885374,0.17259093,0.15944919,0.14665262,0.12219553,0.07895409,0.04481039,0.10532726,0.09845433,0.091789864,0.07901401,0.05610877,0.03701852,0.06437442,0.056500897,0.04905503,0.035724167,0.016212376,0.005858632,0.12018593,0.10426407,0.08905004,0.061426885,0.022922695,0.006182366,0.020026304,0.015941218,0.012510478,0.007386908,0.002152248,0.000474818,0.026139216,0.019018989,0.013520706,0.006272471,0.000912965,0.000115129,0.07928975,0.07198698,0.06498459,0.052095566,0.03125558,0.01683975,0.14401135,0.12865327,0.11396633,0.087133706,0.045487244,0.02029797,0.01932025,0.015320371,0.011934792,0.006908448,0.001936554,0.000409703,0.023911146,0.017035512,0.01176177,0.005111372,0.000623714,3.25E-05,0.020597015,0.016512234,0.013029312,0.00773246,0.002107104,0.000352358,0.02655423,0.019360745,0.013640192,0.006224337,0.000826451,2.71E-05,0.020354062,0.016330278,0.012910028,0.007597984,0.001983487,0.000349335,0.02581167,0.018795121,0.013238991,0.005904147,0.000836681,4.19E-05,0.07067074,0.06264663,0.05499762,0.041076187,0.019900857,0.007778116,0.13301939,0.11678999,0.10113214,0.07224544,0.029737892,0.008650473,0.08440076,0.0774322,0.07065979,0.057774037,0.03526591,0.018356483,0.09448885,0.08736328,0.08039567,0.0670859,0.043441642,0.024734259,0.057232087,0.057670508,0.058192633,0.059256563,0.060033583,0.059350644,0.059933418,0.061104726,0.074390517,0.074893783,0.075385799,0.076333379,0.076969282,0.076036938,0.076231051,0.076284315,0.082293926,0.082750481,0.083604818,0.084366725,0.085352784,0.086650559,0.087571359,0.088653655,0.001638124,9.40E-05,0.008271265,0.001519376,0.007905209,0.001136824,0,0.42661194,0.02071846,0.016515862,0.012967211,0.007579538,0.002084776,0.000391505,0.02750178,0.019879945,0.013887037,0.006102698,0.000774447,6.25E-05,0.017480446,0.002679721,0.007634933,0.000523683,0.01176589,0.001030264,0.94912153,0.7656672,0.06382446,0.05953236,0.055449594,0.04793213,0.035396084,0.0255684,0.017997945,0.008376493,0,0.905642
1,280,0,0.68234609,0,-0.41304475,0,0.27335208,0,0.069036312,0,0.47723997,0,0.27397,0,0.31788505,0,0.17704048,0,0.073773683,0,0.23958183,0,0.08955358,0,-0.078535641,0.070113663,0.08893092,0.0930224,0.086079404,0.07936217,0.066500165,0.043456685,0.025127184,0.16614005,0.15277599,0.13979945,0.11518546,0.0717558,0.03818623,0.11344031,0.10680556,0.10032749,0.0879471,0.065394916,0.04611631,0.06257029,0.054768402,0.047421895,0.03431702,0.015348897,0.005461555,0.11715542,0.10131079,0.086206764,0.058942605,0.021570876,0.005674479,0.020343466,0.016244747,0.012744372,0.007427787,0.002197684,0.000508564,0.026217204,0.019180123,0.01367339,0.006367807,0.000907992,9.56E-05,0.078227796,0.07095519,0.06400834,0.05121482,0.030565562,0.016422683,0.14200543,0.12662126,0.11203641,0.08544918,0.044351533,0.019651048,0.019351777,0.015323502,0.011959312,0.006891314,0.001917147,0.000401764,0.023963867,0.017070737,0.011812555,0.00513795,0.000617961,3.12E-05,0.02068023,0.016605387,0.013120486,0.007806362,0.002112106,0.000355569,0.02667427,0.019445566,0.01368501,0.006269554,0.000821549,2.78E-05,0.020355083,0.016344137,0.012933382,0.007606819,0.001989139,0.00035107,0.025906581,0.018865768,0.013321348,0.00593523,0.000836596,4.10E-05,0.069589466,0.06160589,0.054009624,0.040199798,0.01926524,0.007464967,0.13087212,0.11466874,0.099047504,0.07039342,0.028562434,0.008148655,0.079727724,0.07267187,0.065839596,0.052861977,0.03050043,0.014369938,0.09068518,0.08348032,0.07644233,0.06305835,0.03946352,0.021163473,0.057309898,0.057761702,0.058288104,0.059357755,0.060050779,0.05939822,0.060007258,0.061195449,0.073016087,0.073527484,0.07402643,0.074989721,0.075552421,0.074672124,0.074926009,0.075091592,0.080918216,0.081381818,0.082251845,0.083028738,0.084036528,0.085367493,0.08631641,0.087439871,0.001500313,8.63E-05,0.00801851,0.001456623,0.007613708,0.001084928,0,0.12500797,0.020691274,0.016486032,0.012951213,0.007569136,0.002083604,0.000392805,0.027573114,0.019941501,0.013929713,0.006111166,0.000771179,6.29E-05,0.011992991,0.00104286,0.005041416,0.000190955,0.009120906,0.000532021,0.9555455,0.6654839,0.06358599,0.059302658,0.055255655,0.047809128,0.035270274,0.02546256,0.017877007,0.008277657,0,3.8493128
1,281,0,0.2145602,0,-0.55470576,0,0.15913641,0,-0.072767936,0,0.021375155,0,0.14641569,0,0.10134717,0,0.4181018,0,-0.051966775,0,0.49378445,0,0.08939316,0,-0.17383724,0.070553442,0.08879519,0.092706524,0.08575293,0.07902154,0.06614477,0.043091867,0.02478353,0.16593544,0.15255712,0.13956572,0.1149385,0.07148021,0.037912678,0.12189227,0.11542545,0.10911296,0.09697618,0.074660115,0.05523256,0.06255848,0.054757547,0.047411785,0.034308597,0.015343801,0.005459321,0.11717863,0.10133457,0.08623076,0.058965158,0.021584384,0.005679754,0.020388134,0.016274652,0.012774571,0.007437382,0.002203696,0.000509469,0.02621666,0.019188782,0.013680471,0.006369549,0.000904198,9.64E-05,0.07826445,0.07098885,0.064039916,0.051243626,0.030587083,0.016440831,0.142094,0.12670693,0.11211727,0.0855283,0.04440979,0.019686384,0.019352585,0.015321999,0.011958957,0.006886728,0.001914805,0.000401057,0.023963587,0.017070282,0.011812073,0.005137354,0.000616396,3.11E-05,0.020683443,0.016609747,0.013124793,0.007810955,0.00211251,0.000355655,0.026675323,0.019446371,0.013684765,0.006270896,0.000821011,2.78E-05,0.020352934,0.016343579,0.012933102,0.007607007,0.001989073,0.000350978,0.025905915,0.018865183,0.013322914,0.005936199,0.000836587,4.09E-05,0.069632456,0.061647307,0.054049935,0.04023512,0.019285038,0.007476104,0.13096194,0.11475812,0.09913326,0.070472084,0.028609972,0.008167493,0.08143399,0.07442326,0.06762505,0.05470512,0.032330997,0.015917396,0.09050203,0.08329065,0.076242484,0.06284779,0.03924266,0.020954749,0.05742799,0.05788256,0.058411019,0.059484236,0.060074726,0.059457924,0.060097866,0.061305521,0.073073456,0.073587345,0.074088495,0.07505582,0.075515032,0.074671915,0.074958536,0.075147853,0.08097849,0.081444111,0.082317718,0.083097032,0.084108734,0.085444649,0.086396728,0.087523459,0.001499558,8.64E-05,0.008026781,0.001459357,0.007629368,0.001086955,0,0.03749643,0.020686768,0.016482178,0.012947945,0.007567341,0.002083023,0.000392803,0.02757011,0.019940527,0.013929117,0.006110172,0.000770731,6.29E-05,0.011719378,0.000980787,0.00603398,0.000303826,0.008964802,0.000507969,0.96194404,0.45762485,0.06356353,0.05927948,0.055235453,0.047795426,0.03525746,0.02545125,0.017867636,0.008271388,0,-0.39081614
1,282,0,0.34565992,0,0.49711844,0,0.18094514,0,0.097860466,0,0.71240926,0,-0.20572453,0,-0.35636901,0,0.059920968,0,0.015691706,0,-0.32162238,0,0.08996459,0,-0.13326978,0.069335695,0.089383475,0.09191407,0.08491756,0.078125246,0.065171756,0.04204097,0.02375117,0.16588293,0.15243268,0.13938518,0.11467104,0.07103694,0.037343983,0.12056126,0.11404942,0.10770208,0.09549833,0.0730916,0.053641725,0.062907815,0.05509484,0.047731116,0.034583904,0.015510376,0.00553593,0.11805355,0.10219473,0.087066546,0.05970496,0.021995468,0.005833841,0.020517528,0.016388878,0.012864198,0.007492658,0.002242023,0.000512935,0.026269194,0.019244086,0.013701694,0.006416448,0.000906137,8.70E-05,0.078775145,0.07147913,0.06450481,0.051664855,0.030912608,0.016664002,0.14319906,0.12779324,0.11314793,0.08648232,0.045095377,0.020091796,0.019349694,0.015316033,0.011949384,0.006869353,0.001904682,0.000395922,0.023939652,0.017049436,0.01179966,0.005134826,0.000609769,3.08E-05,0.02068571,0.016618015,0.013136094,0.007823941,0.002114439,0.000356219,0.026654655,0.019431617,0.013670015,0.006270275,0.000818089,2.78E-05,0.020335916,0.016334094,0.012925344,0.007603607,0.00198999,0.000350837,0.025880327,0.01884601,0.013315611,0.005933415,0.000835779,4.05E-05,0.07020414,0.062196888,0.05457852,0.04070134,0.019579878,0.007629892,0.13210852,0.11589463,0.10023765,0.07146875,0.029229594,0.008421839,0.08313283,0.07614622,0.06936209,0.056461923,0.034005757,0.017303476,0.10111485,0.09416174,0.08736033,0.07437089,0.050975364,0.031857453,0.057519033,0.057969965,0.058497175,0.059570922,0.060092632,0.05949915,0.06015918,0.061379365,0.073829332,0.07434202,0.074840813,0.075804059,0.07618782,0.075358737,0.075650635,0.075809117,0.08173836,0.082201465,0.083070491,0.083845107,0.084849925,0.086174265,0.087115626,0.088224957,0.001526182,8.82E-05,0.008154099,0.001492562,0.007811264,0.001114695,0,0.00819291,0.020659901,0.016460525,0.012929898,0.007556477,0.002079261,0.000392404,0.027532643,0.019918708,0.013914296,0.006100502,0.000768238,6.28E-05,0.010877422,0.000794893,0.006930309,0.000419397,0.017559547,0.00290817,0.9659103,0.51378673,0.06345474,0.059167825,0.055136517,0.04771718,0.035190012,0.02539945,0.017818836,0.008243051,0,1.3467062
1,283,0,-0.26146579,0,-0.75237298,0,0.004699236,0,-0.25691638,0,0.075688595,0,0.35944871,0,-0.48494403,0,-0.37824086,0,0.052108855,0,0.002545637,0,0.08392675,0,0.009500712,0.066692411,0.08336445,0.09401408,0.08729349,0.08075118,0.06813818,0.04558276,0.027452588,0.16299869,0.1498691,0.13710062,0.11288062,0.07049031,0.03799269,0.14026436,0.1341669,0.12818176,0.11661458,0.0951283,0.07581773,0.059178412,0.051519062,0.044360373,0.031698644,0.013788845,0.004754972,0.10984214,0.09416958,0.07932983,0.052980997,0.018382283,0.004512268,0.020191932,0.016076306,0.012610537,0.007423593,0.0021632,0.000488323,0.026472941,0.019295426,0.013736179,0.006375735,0.0009126,0.000111649,0.07459707,0.067440785,0.060624134,0.04818752,0.028315237,0.014908609,0.13422744,0.11906946,0.10477305,0.07884491,0.03971779,0.016978433,0.019430406,0.015402288,0.011997286,0.006940577,0.001940891,0.000408089,0.0241937,0.017236652,0.011907056,0.005176703,0.000629132,3.21E-05,0.020732477,0.016628208,0.013124741,0.00779239,0.002120487,0.000355303,0.026893433,0.019605245,0.013809299,0.006307189,0.000834539,2.76E-05,0.020471878,0.016427202,0.012990972,0.007642584,0.00199613,0.000352079,0.026138164,0.019033452,0.013413216,0.005980161,0.000845633,4.22E-05,0.06553874,0.057703227,0.050288588,0.03694686,0.017199421,0.006416944,0.12270542,0.10662152,0.091202125,0.06347994,0.024385147,0.006518805,0.078170754,0.07123703,0.06453031,0.051810227,0.03005877,0.014406952,0.11185304,0.10522279,0.098778,0.08643694,0.063849635,0.044578258,0.057518234,0.058020442,0.058566972,0.059656821,0.060098658,0.059539346,0.060228302,0.061468022,0.06763936,0.06818025,0.068709264,0.069730952,0.070086664,0.069381838,0.069843231,0.070425861,0.075534169,0.076028278,0.076957535,0.077791009,0.078882695,0.080342061,0.081401273,0.082690308,0.001259879,7.33E-05,0.00717387,0.001268517,0.006440094,0.000884238,0,-0.13769866,0.020831505,0.016603043,0.01303757,0.007618529,0.002095562,0.000394002,0.027839879,0.020124666,0.01405763,0.006174671,0.000782211,6.33E-05,0.01413329,0.001699153,0.005261454,0.000247443,0.029020885,0.009117965,0.9737581,0.22752431,0.06413483,0.059823368,0.055723876,0.048179887,0.035576187,0.02568673,0.01807008,0.008394036,0,-0.29492462
1,284,0,0.46142623,0,-0.9637423,0,0.20866831,0,-0.021174062,0,-0.00558112,0,-0.36089879,0,0.49147312,0,0.1003687,0,0.006525615,0,0.025759667,0,0.0846322,0,-0.11746641,0.065265523,0.084090106,0.089286275,0.082375884,0.07569657,0.06291174,0.040246096,0.022465533,0.15988678,0.14654146,0.13361295,0.10915751,0.066378735,0.034029644,0.18352464,0.1779112,0.17239587,0.16160803,0.14112909,0.1221698,0.059149448,0.051496845,0.04434143,0.031686604,0.01378121,0.004751069,0.11034772,0.09467527,0.079823285,0.05342684,0.018627495,0.00460137,0.020520149,0.016382143,0.012865822,0.007500649,0.002230955,0.000510634,0.026445061,0.019368922,0.013804073,0.006435902,0.000913367,9.51E-05,0.07514355,0.06797546,0.061137125,0.048649687,0.028646428,0.015163369,0.13556096,0.12033395,0.10600495,0.08000524,0.04053417,0.017480804,0.019433588,0.015384426,0.012007182,0.00690822,0.001919361,0.000400372,0.024162328,0.017209694,0.011909586,0.005177813,0.000619325,3.14E-05,0.020772789,0.016683819,0.013184545,0.007848924,0.002121679,0.000357131,0.02690007,0.019609876,0.013798134,0.006324648,0.000826958,2.80E-05,0.020434603,0.016410558,0.01298618,0.007638376,0.001997558,0.000352276,0.026121974,0.019022545,0.013436018,0.005986628,0.000843475,4.11E-05,0.06620893,0.05836952,0.050908152,0.037476383,0.017511418,0.006570011,0.12408841,0.10797705,0.09252645,0.06464385,0.025067998,0.006760201,0.084746435,0.0779375,0.0713293,0.058798674,0.03683255,0.02015961,0.10620271,0.09945358,0.09287925,0.080335654,0.057517227,0.038445156,0.057632361,0.058129488,0.058675046,0.059765901,0.060121633,0.059591263,0.060305231,0.061560627,0.06857181,0.069110816,0.069637521,0.070654689,0.070916474,0.070229038,0.070697259,0.07124235,0.076471142,0.076962659,0.077886653,0.078714211,0.079796991,0.081241488,0.082286628,0.083552291,0.001258705,7.38E-05,0.007303826,0.001300826,0.006648465,0.000919149,0,0.17632599,0.02076512,0.016544139,0.012995862,0.007595135,0.002090237,0.000394222,0.02779499,0.020104261,0.014043161,0.006158534,0.000776228,6.34E-05,0.010154113,0.000726358,0.009183127,0.000904075,0.023499766,0.005869675,0.97849554,0.01,0.06379717,0.059493225,0.05543631,0.047972172,0.035384025,0.025540771,0.017926447,0.008296186,0,-0.23507971
1,285,0,0.22674408,0,-0.11891121,0,0.099264329,0,0.3997751,0,-0.077718571,0,-0.16330649,0,-0.44836647,0,-0.059358293,0,-0.14557111,0,0.12824917,0,0.085827336,0,0.18739789,0.065374872,0.08530981,0.08968266,0.08273321,0.07601158,0.0631691,0.04036486,0.022473836,0.16131118,0.14792594,0.13494653,0.11041128,0.067360155,0.0346475,0.16446331,0.15862553,0.15290585,0.14179447,0.12080657,0.1015143,0.060154725,0.05245454,0.045241993,0.03245517,0.014233538,0.00495507,0.11246148,0.096736066,0.08180186,0.05512636,0.019521313,0.004925306,0.020554194,0.016414607,0.012887738,0.007505935,0.002251173,0.000508584,0.026419356,0.019347474,0.01377127,0.006433263,0.000913222,8.96E-05,0.07616404,0.0689551,0.062079955,0.049490996,0.029272541,0.015579781,0.13773055,0.12243928,0.10802369,0.08183582,0.041808534,0.018205114,0.019418579,0.015371622,0.011994182,0.006897043,0.001913431,0.000398242,0.024105648,0.01716765,0.011880804,0.005169071,0.000615939,3.12E-05,0.020752398,0.01667027,0.01317617,0.00784664,0.00212052,0.000357174,0.02683419,0.019562086,0.013762507,0.006311304,0.000823905,2.80E-05,0.020405618,0.016389363,0.012969182,0.007628948,0.001996113,0.000351869,0.026055824,0.018973846,0.013404547,0.005972833,0.000841367,4.09E-05,0.06733253,0.059447467,0.05193751,0.03837766,0.018078811,0.006859308,0.1263643,0.11021376,0.09470099,0.066556215,0.026203992,0.007200017,0.09197522,0.08530441,0.078807056,0.06643276,0.044284582,0.026766917,0.12359411,0.11715084,0.1108453,0.09869163,0.076253146,0.056573182,0.057777258,0.058264424,0.05880763,0.059898183,0.060150236,0.05965456,0.060398399,0.061672169,0.070062459,0.070596629,0.071118507,0.072126282,0.072271521,0.071599798,0.072067814,0.072543693,0.077967189,0.07845349,0.079367169,0.080184106,0.081251471,0.082670395,0.083691837,0.084919183,0.001327165,7.73E-05,0.007535417,0.001354208,0.006963749,0.000972157,0,-0.061693327,0.02073162,0.016517414,0.012974663,0.007582543,0.002086426,0.000393663,0.027720042,0.020052692,0.014007454,0.006141504,0.00077354,6.32E-05,0.010088777,0.00069681,0.014217684,0.002325648,0.040006574,0.016594442,0.98430085,0.01,0.06368214,0.05938218,0.055335063,0.047887582,0.035317373,0.025491484,0.017885577,0.008274955,0,0.47176526
1,286,0,-0.13102449,0,0.20686476,0,-0.15803989,0,-0.26471457,0,0.22588613,0,0.21198493,0,2.8384829,0,0.13710907,0,0.46695783,0,-0.076568743,0,0.08550168,0,-0.25886885,0.066140847,0.08500413,0.09574946,0.089008056,0.08245028,0.06979748,0.047061738,0.028691927,0.16605242,0.1529128,0.14012268,0.11580825,0.073093526,0.040033292,0.1718829,0.16612512,0.16048399,0.14949344,0.12869434,0.10949925,0.060888857,0.053151384,0.04589448,0.033008948,0.01456432,0.005104074,0.11328626,0.09752579,0.082546934,0.05573811,0.019829787,0.005035078,0.020118805,0.016012017,0.012565662,0.007391834,0.002157715,0.000485879,0.026334178,0.019183474,0.01365255,0.006329043,0.000905885,0.000111288,0.076162666,0.06895577,0.06207547,0.04948361,0.02927886,0.0155334,0.13752161,0.12227079,0.10784929,0.08160028,0.0416161,0.018049885,0.019393554,0.015374733,0.011975784,0.006929405,0.001938902,0.00040801,0.024097728,0.017168462,0.01185886,0.0051558,0.000626918,3.21E-05,0.020688055,0.016591148,0.013094897,0.007773688,0.002116097,0.000354472,0.026779953,0.01952321,0.013752131,0.006280107,0.000831541,2.75E-05,0.02043106,0.016394071,0.012963967,0.007627321,0.001991887,0.000351295,0.026028536,0.018953573,0.013355617,0.005954887,0.000842341,4.20E-05,0.06725078,0.05935095,0.05185383,0.038311627,0.018080056,0.006855943,0.12617953,0.11003795,0.0945313,0.06638473,0.026123201,0.007192161,0.095502384,0.08891044,0.08246864,0.07019274,0.04807376,0.030290669,0.10867944,0.1019518,0.09538745,0.08286096,0.06000842,0.040750816,0.057874208,0.058365563,0.058910448,0.060004541,0.060171033,0.059705026,0.060474585,0.061764472,0.069906396,0.070443865,0.070967918,0.071980991,0.072041972,0.071403895,0.071903597,0.072412297,0.077813401,0.078301776,0.079220424,0.080041082,0.081114262,0.082541532,0.083569484,0.084805346,0.001378146,7.92E-05,0.007533337,0.001346998,0.006899289,0.00096588,0,-0.006762994,0.0207917,0.016571907,0.013012805,0.007604336,0.002091767,0.000393204,0.02772526,0.020041896,0.01399999,0.006150094,0.000779382,6.31E-05,0.015032839,0.001927444,0.017100187,0.003458185,0.025481278,0.006918302,0.98958075,0.01,0.064018466,0.059715424,0.055621713,0.04808955,0.03551111,0.025641434,0.018040279,0.00838377,0,0.52276055
1,287,0,0.77243882,0,0.12422396,0,0.45586453,0,0.44431935,0,0.16212349,0,0.22368344,0,-0.19124736,0,0.055965387,0,-0.071263473,0,0.2194091,0,0.08620572,0,0.030534065,0.066132303,0.08572901,0.08719161,0.08013853,0.073296964,0.060293466,0.037402596,0.019720398,0.1599376,0.1464089,0.13332419,0.10859998,0.06529706,0.032613795,0.14847176,0.1424223,0.13649277,0.12502202,0.10361391,0.08417753,0.060165852,0.052469615,0.045257878,0.032470275,0.014244411,0.004960322,0.11294887,0.09722093,0.082275465,0.055551708,0.01975661,0.005011462,0.020705502,0.016510071,0.012925047,0.007480861,0.00223006,0.000493419,0.026431615,0.019372655,0.013843974,0.006494162,0.000872265,7.31E-05,0.07666227,0.06943056,0.062527984,0.04990493,0.029580515,0.015808782,0.13888104,0.12358052,0.10909653,0.08284365,0.042523853,0.018636413,0.0193694,0.015343343,0.011939893,0.006836517,0.001882474,0.00038735,0.024027908,0.017096965,0.011821371,0.005152335,0.000599344,2.87E-05,0.020780498,0.016709743,0.013220352,0.007879986,0.002134819,0.000361959,0.026842315,0.019562472,0.01375501,0.006321892,0.000818239,2.88E-05,0.0203878,0.01637932,0.012959027,0.007626941,0.002000839,0.000353261,0.026045868,0.01896661,0.013410515,0.005979103,0.000839782,4.00E-05,0.06791172,0.059998956,0.05246583,0.03883605,0.018357908,0.007003607,0.12753008,0.11136961,0.09581533,0.06756293,0.026794463,0.007429062,0.09462473,0.088003725,0.08152632,0.06918992,0.046988606,0.029218484,0.11981504,0.11328465,0.10691789,0.09463749,0.072050504,0.052393228,0.05798955,0.05847451,0.059019188,0.060114011,0.060194209,0.059757504,0.06055212,0.061857585,0.070840753,0.07137471,0.071897187,0.072905383,0.072871737,0.072251561,0.072758191,0.073229224,0.078750622,0.079237099,0.080150217,0.080964756,0.082029403,0.083442007,0.084456142,0.085669329,0.001328463,7.74E-05,0.007649155,0.001396469,0.00713886,0.000990501,0,0.43229306,0.020687424,0.016482498,0.012942015,0.007561541,0.002078626,0.000391911,0.027686508,0.020039288,0.013997015,0.006130651,0.000768468,6.29E-05,0.008003135,0.000396411,0.01617458,0.003045743,0.03606202,0.013689779,0.99477583,0.01,0.063484125,0.05919131,0.05514614,0.047727585,0.035176992,0.025379669,0.01777523,0.008230849,0,0.23025857
1,288,0,0.33374903,0,-0.44902173,0,0.36551539,0,-0.003127397,0,0.80017953,0,-0.52328042,0,-0.29896667,0,-0.13006717,0,0.002163122,0,0.12420457,0,0.08883328,0,0.92100626,0.069370562,0.088379614,0.08807612,0.08095318,0.07402854,0.06085666,0.037681468,0.019741822,0.16285963,0.1492671,0.13608874,0.11114038,0.067335196,0.033889614,0.14448793,0.13837053,0.13236001,0.12070178,0.099037394,0.07948073,0.062119,0.054343283,0.047023457,0.033979002,0.01514753,0.005370666,0.11710956,0.10128633,0.08620018,0.058965795,0.021604136,0.005688931,0.020679856,0.016492082,0.012922727,0.007483157,0.002229945,0.000489742,0.02629052,0.019290803,0.013779513,0.006477765,0.00085434,6.79E-05,0.07870749,0.0714059,0.064435884,0.05161125,0.03086063,0.016654689,0.143219,0.12783316,0.11317597,0.08653485,0.045135856,0.020158835,0.01930308,0.015298489,0.011897011,0.00680174,0.001872459,0.000383654,0.023870101,0.016984137,0.011734339,0.005109402,0.000591289,2.81E-05,0.02074135,0.016686546,0.013208126,0.007874598,0.002137096,0.000364416,0.02671674,0.019467533,0.013688655,0.006296346,0.000811622,2.90E-05,0.020334978,0.016335573,0.012924464,0.007606905,0.001998792,0.000352989,0.025917908,0.018871669,0.013346525,0.005953962,0.000834755,3.95E-05,0.07017316,0.062167045,0.05454548,0.040668838,0.019539168,0.007612231,0.13206889,0.11585252,0.10018601,0.07144897,0.029186904,0.008410134,0.11072067,0.10429897,0.09802474,0.085961916,0.06387434,0.045015223,0.1292067,0.12279136,0.116511,0.10437048,0.08186947,0.061945383,0.058137414,0.058601549,0.059139297,0.060230738,0.060222636,0.059813564,0.060632088,0.061951744,0.073811507,0.074335213,0.074845682,0.075831295,0.075682922,0.075050262,0.075517445,0.075818492,0.081731508,0.082205429,0.083094611,0.083884482,0.084913319,0.08626887,0.08723222,0.088366535,0.001467658,8.47E-05,0.008138111,0.001510565,0.007822057,0.001094703,0,0.040335222,0.020620238,0.016427396,0.012897619,0.007536962,0.002070466,0.00039001,0.027542038,0.019940061,0.013926099,0.006097856,0.000763187,6.24E-05,0.007883043,0.000359937,0.029805014,0.010226682,0.04493616,0.020132631,0.7513068,0.62720054,0.06325824,0.058977917,0.054941133,0.047556438,0.035041377,0.025275411,0.017693434,0.008200046,0,0.81464399
1,289,0,0.11892218,0,-0.48018219,0,-0.11686775,0,-0.068868517,0,0.63118963,0,0.41423029,0,-0.68737972,0,-0.16294003,0,-0.20558792,0,0.2648848,0,0.08460036,0,-0.1095684,0.067569784,0.08416254,0.08693992,0.079923324,0.07312154,0.06019338,0.03743343,0.019843865,0.15875569,0.14526542,0.1322256,0.10760297,0.06453287,0.03217629,0.14582217,0.13975972,0.13381273,0.12231924,0.1008964,0.08150543,0.05931929,0.05166244,0.04449896,0.031823315,0.013863016,0.004788247,0.11113469,0.0954504,0.08057389,0.05408681,0.018980961,0.004728828,0.020729281,0.016537372,0.012952589,0.007512547,0.002241129,0.000499195,0.0265149,0.019442195,0.013887475,0.006520141,0.000887475,7.49E-05,0.075759366,0.068558775,0.061688524,0.04915326,0.029022908,0.01543818,0.13696067,0.12170699,0.10730784,0.08122052,0.041386917,0.017988639,0.019399568,0.015363767,0.011961349,0.006853556,0.001890799,0.000390196,0.024099289,0.017152308,0.011860708,0.005168135,0.000604298,2.94E-05,0.020796075,0.016718198,0.013224463,0.007881366,0.00213324,0.00036078,0.026896134,0.019603502,0.013784488,0.006332729,0.000821272,2.86E-05,0.020412562,0.016399518,0.012974708,0.007635484,0.002001937,0.000353374,0.026102727,0.019008016,0.013437449,0.005989689,0.00084196,4.03E-05,0.06691183,0.059041575,0.051550895,0.038033623,0.017850641,0.006744048,0.12552382,0.10939129,0.09389402,0.06585904,0.025780182,0.007029007,0.10168579,0.09519177,0.08886519,0.076747954,0.05474521,0.03656932,0.15568988,0.14970294,0.14382032,0.13234824,0.11073314,0.090941735,0.058168985,0.05866933,0.059221064,0.060324165,0.060234502,0.059857919,0.060704235,0.062042255,0.069520129,0.07006399,0.070596136,0.071622887,0.071431002,0.070893118,0.071485786,0.072087525,0.077430877,0.077926993,0.078858518,0.079690008,0.080779953,0.082230484,0.083276349,0.084535577,0.00127068,7.45E-05,0.007441619,0.001346491,0.006856594,0.000945033,0,-0.082760263,0.020718234,0.016507728,0.012962654,0.007573356,0.002082299,0.000392796,0.027750453,0.020083403,0.014028244,0.006145427,0.00077106,6.32E-05,0.008151753,0.000423641,0.022441827,0.006036518,0.07320972,0.044098623,0.7607502,0.5552333,0.063590914,0.059291616,0.055243693,0.047812555,0.035243098,0.025429523,0.017818581,0.008248646,0,-0.36775323
1,290,0,-0.00862914,0,-0.79429027,0,-0.067198616,0,-0.12258553,0,-0.065856624,0,0.080169475,0,-0.99653796,0,-0.020515691,0,-0.015609648,0,0.14509207,0,0.08398846,0,0.052105813,0.066059963,0.0835702,0.090276845,0.08338372,0.07671615,0.06394251,0.041236505,0.023341034,0.16105542,0.14772718,0.13481309,0.1103573,0.06753008,0.034995604,0.1819703,0.17632782,0.17079991,0.15998062,0.13944781,0.12044745,0.059614796,0.05193815,0.044756185,0.032039646,0.013987965,0.00484428,0.1112236,0.09552604,0.08063797,0.05411965,0.018987598,0.004730247,0.020433215,0.016315952,0.012798719,0.007445715,0.002206939,0.000510647,0.02639887,0.01931006,0.01376932,0.006415137,0.000911375,9.62E-05,0.075488284,0.06831397,0.061458457,0.048936177,0.028863383,0.015296692,0.13628855,0.12103823,0.10668129,0.08060846,0.040951543,0.017705126,0.019422578,0.015378626,0.012002547,0.006914397,0.001923211,0.000403099,0.024137784,0.017194793,0.011898267,0.005174948,0.000621712,3.13E-05,0.020755786,0.016666621,0.013169084,0.007835898,0.002119658,0.000356827,0.026867652,0.019586207,0.013783452,0.00631505,0.000827118,2.80E-05,0.02042741,0.016402634,0.012979587,0.007633952,0.001996108,0.000352246,0.026094034,0.019001948,0.013418139,0.005978266,0.000842536,4.12E-05,0.06658128,0.05872694,0.051249243,0.037775148,0.017703107,0.006666931,0.12485893,0.10873335,0.0932637,0.065287165,0.025449403,0.006910199,0.096114226,0.08954378,0.083136305,0.070907176,0.04885974,0.031076336,0.23434705,0.2290546,0.22381808,0.21353321,0.19374365,0.1749801,0.05826236,0.058768432,0.059322673,0.060429809,0.060255302,0.059908747,0.06078081,0.062134883,0.069061392,0.069608855,0.070144665,0.071179145,0.070906551,0.070406872,0.071037923,0.071691852,0.076972614,0.077472356,0.078411434,0.079249795,0.080349793,0.081815102,0.082873171,0.08414982,0.001289884,7.54E-05,0.007383698,0.001315838,0.006748023,0.000938351,0,-0.033744706,0.020762652,0.016542548,0.012995302,0.007594646,0.002090401,0.000394069,0.02776988,0.02008371,0.014028668,0.006153719,0.000776278,6.34E-05,0.01079985,0.000844049,0.017791048,0.003782159,0.15726234,0.12502089,0.74775183,0.3811656,0.06380382,0.05950485,0.055444337,0.04797376,0.03538991,0.025547707,0.017935814,0.008303772,0,-0.35120401
1,291,0,0.072731479,0,-0.91135771,0,0.069666028,0,-0.084929768,0,0.12538478,0,0.7285996,0,-0.80202316,0,0.38744367,0,0.4344116,0,0.10262393,0,0.08030798,0,-0.16933188,0.063486169,0.07990645,0.08630131,0.079408586,0.07274815,0.06002194,0.03765993,0.02033125,0.1551319,0.14179735,0.12891,0.10456971,0.062282868,0.030935045,0.19786088,0.19241281,0.18704428,0.1765037,0.1564751,0.13782355,0.05664601,0.049125988,0.04212079,0.029801844,0.012690203,0.004271369,0.10539546,0.08987287,0.07524633,0.04956075,0.016651321,0.003914878,0.02067697,0.016516214,0.012963475,0.007549509,0.002258008,0.000516499,0.026681127,0.019544559,0.013914224,0.006514309,0.000919185,8.82E-05,0.07292808,0.06583257,0.05908855,0.046826243,0.027303273,0.014305,0.1309062,0.11584873,0.10170016,0.07616802,0.037902463,0.016047677,0.019497946,0.015433047,0.012040385,0.00692125,0.001918862,0.000398796,0.024311263,0.017313363,0.011982005,0.005213757,0.000618935,3.13E-05,0.020844614,0.0167455,0.013236664,0.007883567,0.002130288,0.000358834,0.027068952,0.01973289,0.013881442,0.006366895,0.000830449,2.82E-05,0.020492388,0.016459612,0.013024425,0.007661579,0.002004988,0.000353433,0.026283208,0.019138843,0.013522135,0.006025009,0.000848523,4.11E-05,0.06379016,0.056038626,0.04870355,0.035558324,0.016299024,0.005970308,0.11919262,0.10316347,0.08785712,0.06059874,0.022727452,0.005867946,0.08506043,0.07833971,0.07183517,0.059483316,0.037782256,0.021215517,0.25803468,0.25294155,0.24790052,0.23795569,0.2187895,0.20055228,0.058302479,0.058841904,0.059407126,0.060525235,0.060268889,0.05995454,0.060854057,0.062225904,0.065355898,0.065922472,0.066475707,0.067546548,0.067225692,0.066811671,0.067554224,0.068469547,0.07326082,0.073778706,0.07475547,0.075630739,0.076785125,0.078335572,0.079468554,0.080860896,0.001096615,6.52E-05,0.006817692,0.00119638,0.006028622,0.000806145,0,0.075390681,0.020816017,0.016584389,0.013026638,0.007612359,0.002094206,0.000395101,0.027957117,0.020224605,0.014127093,0.006192583,0.000779508,6.37E-05,0.00869464,0.000528294,0.010101818,0.001178981,0.18316323,0.1510884,0.764979,0.1587149,0.06393866,0.059618562,0.055556174,0.048079707,0.035456087,0.025590485,0.017951928,0.008304019,0,-0.15625974
1,292,0,0.15952238,0,-0.55491068,0,0.09661151,0,0.11978652,0,0.080984446,0,0.88810591,0,13.696024,0,-0.053087384,0,-0.1762196,0,0.15718213,0,0.07985184,0,-0.093815417,0.061278893,0.07946957,0.088590026,0.08179326,0.07519874,0.06255139,0.04021097,0.022664558,0.15676461,0.14352591,0.13070789,0.10646307,0.064328715,0.03281275,0.22027628,0.2149927,0.20975944,0.19952571,0.18014893,0.16194455,0.056808077,0.049276285,0.04226069,0.029917423,0.012756749,0.004298883,0.10542376,0.0898925,0.07526049,0.04956127,0.016647376,0.003911491,0.020410791,0.016282655,0.012772495,0.007476779,0.002205312,0.000511245,0.026555909,0.019416412,0.013835239,0.006435552,0.000915011,9.72E-05,0.07276073,0.065688774,0.058937356,0.046690848,0.027217431,0.014218764,0.1304834,0.11545814,0.10131313,0.07579564,0.037652202,0.015879812,0.01948342,0.015431765,0.012036453,0.006942225,0.001931025,0.000405307,0.024303975,0.017312052,0.011978976,0.005208499,0.000628571,3.14E-05,0.020819442,0.016713733,0.01320374,0.007851942,0.002126226,0.000357689,0.027054682,0.01972198,0.013881396,0.006355731,0.000834203,2.81E-05,0.020505104,0.016461443,0.013025998,0.007660786,0.002002791,0.000353562,0.026279742,0.01913728,0.013508034,0.006018467,0.000848376,4.17E-05,0.06358197,0.055834137,0.048513457,0.03539915,0.01620856,0.005925883,0.11876474,0.10275026,0.087455146,0.060248908,0.022523642,0.005802761,0.075410314,0.06849177,0.061803468,0.04914906,0.027732814,0.012705175,0.17973313,0.17403942,0.1684275,0.1574126,0.13639794,0.11701473,0.058399149,0.058942962,0.059511309,0.06063216,0.060290384,0.060006038,0.060931038,0.062318999,0.065061319,0.065630855,0.066187818,0.067264036,0.066860827,0.066482564,0.067259487,0.068216402,0.072967227,0.073488741,0.074470783,0.075351115,0.076513506,0.078075372,0.079217852,0.080623474,0.001105321,6.56E-05,0.006775637,0.00118157,0.005962811,0.000797837,0,0.22361007,0.020846007,0.016609434,0.013047559,0.007624695,0.002098492,0.000395383,0.027971746,0.020226408,0.01412754,0.006198387,0.000782528,6.38E-05,0.010467787,0.000831146,0.004305011,0.000164714,0.09915737,0.06829266,0.78404266,0.12784451,0.06408434,0.05976884,0.055689055,0.048173565,0.035543405,0.025662897,0.018021962,0.008348768,0,2.6219465
1,293,0,0.80456351,0,-0.38116708,0,0.4379827,0,0.12371019,0,0.8739904,0,0.10445881,0,-0.005180375,0,-0.059953425,0,-0.15813222,0,0.37698338,0,0.08073735,0,0.14812795,0.063463681,0.0803756,0.08450913,0.07752955,0.070768744,0.057945583,0.035511065,0.018357728,0.15433657,0.14089441,0.12791213,0.10344145,0.06091505,0.029587166,0.20448576,0.19909708,0.19377036,0.18328968,0.16341925,0.14486495,0.056829534,0.049302567,0.0422867,0.029944705,0.012773071,0.004308075,0.10612265,0.09058535,0.07592957,0.050146293,0.016950017,0.004017872,0.020794354,0.016588995,0.012990639,0.007531737,0.002247116,0.000499525,0.02667483,0.019557094,0.013969094,0.006557286,0.00089259,7.51E-05,0.073462196,0.06634707,0.059568506,0.04726346,0.027619211,0.014542694,0.13212964,0.11702625,0.10283057,0.07719868,0.038619533,0.016460417,0.01945714,0.015410291,0.011995748,0.006871112,0.001894136,0.000390313,0.024242504,0.017252715,0.011929517,0.005197867,0.00060615,2.92E-05,0.020861892,0.016772237,0.013267772,0.007907459,0.00214078,0.000362335,0.027063502,0.019724581,0.013869052,0.006372429,0.000825804,2.88E-05,0.020474132,0.016448844,0.013013731,0.007658569,0.002008242,0.000354493,0.026263917,0.01912522,0.013520917,0.006027175,0.000846935,4.05E-05,0.06439979,0.05662357,0.049258113,0.036035903,0.016587889,0.006116336,0.12044343,0.10438902,0.089040525,0.061627474,0.023316238,0.006080605,0.07639663,0.069466636,0.06276527,0.050074417,0.028514192,0.013249562,0.17534527,0.16960707,0.16395031,0.15286255,0.13172777,0.11225451,0.058518548,0.059056399,0.059622649,0.060744063,0.060315431,0.060059957,0.061009953,0.062412913,0.066185277,0.066752786,0.067305961,0.068376002,0.067876001,0.067512686,0.06829234,0.069199182,0.074096883,0.074614261,0.075589234,0.076461316,0.077612099,0.079154476,0.08027847,0.081653487,0.001109139,6.59E-05,0.006929114,0.001231527,0.006198573,0.000831333,0,0.42939343,0.020777684,0.016554685,0.012998953,0.007594396,0.002087744,0.000393714,0.027918918,0.020205446,0.014112991,0.006181671,0.000775185,6.35E-05,0.007230306,0.000340582,0.004596476,0.000184163,0.09439274,0.063739516,0.8856029,0.051921926,0.06377158,0.059459515,0.05539901,0.0479457,0.035340343,0.025498504,0.017863676,0.008269863,0,2.4737861
1,294,0,0.5598952,0,3.2045236,0,0.31657122,0,-0.22234945,0,0.82103908,0,0.20867863,0,12.042601,0,0.17353939,0,0.24228883,0,0.032343727,0,0.08021216,0,-0.25890414,0.062490778,0.079869375,0.08212082,0.07507207,0.06823714,0.05534246,0.032957524,0.016138693,0.15215868,0.13865802,0.12561552,0.10104308,0.058502555,0.027570967,0.18750313,0.18195744,0.17648593,0.16581744,0.14550348,0.12668431,0.056103934,0.04862068,0.041648924,0.029410787,0.012466691,0.004177362,0.10502794,0.089531414,0.07493157,0.049321707,0.016542057,0.003880502,0.020818872,0.016610514,0.01301848,0.007550379,0.002260825,0.000498674,0.026667604,0.019561093,0.013976791,0.006574742,0.000865899,6.76E-05,0.0731734,0.0660725,0.059316844,0.047046408,0.027466724,0.014464198,0.13162631,0.11655705,0.10237901,0.07681043,0.03838621,0.016343525,0.019424979,0.015394704,0.011968386,0.006832777,0.001878431,0.000382071,0.024199748,0.017216535,0.011889135,0.005175606,0.000596704,2.79E-05,0.020900978,0.016818712,0.013314773,0.007939754,0.0021573,0.000368858,0.027117688,0.019758431,0.013892471,0.006392845,0.000821824,2.97E-05,0.020484326,0.016453812,0.013017612,0.00766154,0.002014648,0.000355916,0.026305277,0.019152451,0.013545113,0.006045552,0.000846335,3.98E-05,0.06411682,0.056344666,0.049000133,0.03580461,0.016431203,0.006047275,0.11986338,0.10381812,0.088486865,0.061156437,0.02304922,0.005967288,0.07538857,0.06844702,0.061733626,0.049034573,0.027539762,0.012494647,0.14684665,0.14080052,0.13484739,0.12328544,0.10161004,0.08193819,0.058614121,0.059156913,0.059726218,0.060851034,0.060337321,0.060111686,0.061087335,0.062506135,0.065816956,0.066387715,0.066944766,0.068021413,0.067440087,0.067113319,0.067929151,0.06888204,0.073729294,0.074250491,0.075231949,0.076110027,0.077269617,0.078825067,0.079959776,0.081350223,0.001067283,6.35E-05,0.006866295,0.001232715,0.006135617,0.000815426,0,0.34490538,0.02076005,0.016537227,0.012982334,0.007587196,0.00208281,0.00039195,0.027943874,0.020232426,0.014129621,0.006184463,0.000773098,6.32E-05,0.005748041,0.000192362,0.00415727,0.000150569,0.06450812,0.03661981,0.9211608,0.09751191,0.06368544,0.059376154,0.055306405,0.047875784,0.0352698,0.025433276,0.017802853,0.008254201,0,0.55308786
1,295,0,-0.13834702,0,2.8657511,0,-0.11469516,0,-0.25787721,0,-0.086076912,0,0.11941302,0,-0.70367762,0,-0.070199753,0,-0.069855566,0,-0.1106422,0,0.08044597,0,-0.060811458,0.062041475,0.08012301,0.08996814,0.08317426,0.07657996,0.063918464,0.04146918,0.023740947,0.1587563,0.14552584,0.13269997,0.10841934,0.06611383,0.034212336,0.16132398,0.15549365,0.1497833,0.13869776,0.11776486,0.09856531,0.057765096,0.05018072,0.043106508,0.03063362,0.013170097,0.004479068,0.10731348,0.0917225,0.07700122,0.05102068,0.01738174,0.004162611,0.020339184,0.016226197,0.012736053,0.007458877,0.002200972,0.000512324,0.026494501,0.019373955,0.013824062,0.006413736,0.000918093,0.000100974,0.07358526,0.06648353,0.059696745,0.047366455,0.027714444,0.014531766,0.1322239,0.11712956,0.10291872,0.07722282,0.038618848,0.016396437,0.019456381,0.015413217,0.012017107,0.006935107,0.001931308,0.000404467,0.024242539,0.017270753,0.011947995,0.005194745,0.000628395,3.09E-05,0.020789923,0.016687723,0.013181197,0.007836658,0.002123808,0.000357069,0.026989385,0.019673951,0.013849561,0.00633848,0.000833177,2.80E-05,0.020485446,0.016443852,0.013011101,0.007652143,0.002000531,0.00035315,0.026218364,0.019093042,0.013473152,0.006003453,0.000846673,4.17E-05,0.06447669,0.056694973,0.049326874,0.03610454,0.016655045,0.006144913,0.1205978,0.10454997,0.08919499,0.061742954,0.023375198,0.006124978,0.07536709,0.068410486,0.061683044,0.0489577,0.027418025,0.012364319,0.17818001,0.17246602,0.16683099,0.15578008,0.13470334,0.11526245,0.058724885,0.059264374,0.059833934,0.060960776,0.060361216,0.060164836,0.061165657,0.062599979,0.066254214,0.066822723,0.067379544,0.06845594,0.067785118,0.067483191,0.068317119,0.069264458,0.074167271,0.074688049,0.075668702,0.076545322,0.07770267,0.079253617,0.080383433,0.08176458,0.001165731,6.88E-05,0.006955244,0.001220117,0.006182521,0.00083856,0,-0.2318403,0.020829596,0.016597133,0.013037498,0.007618605,0.002096812,0.000394967,0.027910894,0.020180862,0.014095996,0.006185649,0.000781425,6.36E-05,0.011240998,0.000978383,0.004066999,0.000142189,0.09738457,0.066566296,0.90651137,0.13674393,0.06404882,0.059734523,0.05565848,0.048141938,0.035525125,0.025649974,0.018018015,0.008350022,0,1.171859
1,296,0,0.79586267,0,-0.3721141,0,0.24806068,0,0.58569608,0,1.0245734,0,0.055076267,0,8.5513987,0,0.44756249,0,0.49696832,0,0.29049784,0,0.07908871,0,-0.1955343,0.06159856,0.07878368,0.08162712,0.074591786,0.06776983,0.054909166,0.032611873,0.015896441,0.15115967,0.13767637,0.12465327,0.10012697,0.057729613,0.027052205,0.17267306,0.16698177,0.1613926,0.15049829,0.12988037,0.11085061,0.055525552,0.048072957,0.041138276,0.028982498,0.012221087,0.004072277,0.10383982,0.088379934,0.07383514,0.048406884,0.016092265,0.003726964,0.020833932,0.016622225,0.013024317,0.007553825,0.002257734,0.000496205,0.026707174,0.019596245,0.01400238,0.006584318,0.000865174,6.68E-05,0.07261796,0.06553847,0.05880612,0.04659167,0.027134052,0.014252548,0.130456,0.11542541,0.10129937,0.07584623,0.03773171,0.015989745,0.019441046,0.015407761,0.011978933,0.006839919,0.001880625,0.00038271,0.024238048,0.017243823,0.01190827,0.005183863,0.000597851,2.80E-05,0.02091553,0.016830018,0.013323517,0.007944699,0.002158363,0.000368941,0.027157081,0.019787097,0.013912619,0.006401764,0.000823152,2.97E-05,0.020499311,0.016466,0.013027196,0.007667178,0.002015961,0.000356104,0.026343744,0.01918046,0.013564896,0.006053974,0.000847614,3.99E-05,0.06350876,0.055760354,0.048447028,0.0353261,0.01613206,0.005903877,0.11862959,0.10260297,0.087315306,0.060147945,0.022480542,0.005750841,0.07588337,0.06897654,0.062300608,0.04966333,0.028238768,0.013115824,0.13511734,0.12895054,0.12288836,0.11111698,0.08920911,0.06962023,0.058805192,0.059358285,0.059932743,0.061065268,0.060381374,0.060215485,0.061242474,0.062693059,0.065003667,0.065580845,0.066144721,0.067235795,0.066492781,0.066240228,0.067130065,0.068180031,0.072916838,0.073444862,0.074440495,0.075331255,0.076509644,0.078093041,0.079250941,0.080674859,0.001034392,6.15E-05,0.006747303,0.001206181,0.00598624,0.000789356,0,0.062052106,0.020775821,0.016549824,0.012992297,0.00759282,0.002084382,0.000392259,0.02798489,0.020261789,0.014149951,0.006193399,0.000774259,6.33E-05,0.005621987,0.000185402,0.004552676,0.000185636,0.052612565,0.026645437,0.9762372,0.09014778,0.06373479,0.05942212,0.05534982,0.047912955,0.03529775,0.025453886,0.017817315,0.008260411,0,-0.23249512
1,297,0,-0.028665665,0,-0.44383031,0,0.016726955,0,-0.052142752,0,-0.041654693,0,0.15024676,0,-0.70479153,0,-0.23421225,0,-0.14944172,0,0.064803846,0,0.07859341,0,0.28043927,0.062341241,0.078307204,0.08326754,0.07630112,0.06955641,0.056776285,0.03449987,0.017565792,0.1522193,0.13879819,0.12584291,0.10143691,0.05915916,0.028333165,0.15651855,0.15065084,0.14490223,0.13377202,0.1127844,0.09360543,0.055677723,0.048213907,0.04127031,0.029088965,0.012281427,0.00409703,0.10382007,0.08835496,0.07380665,0.048372578,0.01607202,0.003718989,0.020798238,0.016587187,0.012986844,0.007523167,0.002243445,0.000497202,0.026727218,0.019592417,0.014001283,0.006569874,0.000884767,7.46E-05,0.07241928,0.065343164,0.058610085,0.04641499,0.02699863,0.014148193,0.1299437,0.11491843,0.10081791,0.07540414,0.037408967,0.01580487,0.019481244,0.015430328,0.012009379,0.006877341,0.001894564,0.000390197,0.02430452,0.0172948,0.011958191,0.005211016,0.000606533,2.91E-05,0.020893918,0.01679938,0.013290161,0.007921062,0.002145149,0.000363372,0.027142346,0.019781189,0.013908584,0.006391461,0.000827629,2.90E-05,0.020502232,0.016471287,0.013031588,0.007669211,0.002011363,0.000355058,0.026338844,0.019179711,0.013560181,0.006045103,0.00084918,4.05E-05,0.06326506,0.055529684,0.048226114,0.035140924,0.016026227,0.005845138,0.11813668,0.1021219,0.086851105,0.05974448,0.022251597,0.005672983,0.07635369,0.06946761,0.06281151,0.050209176,0.028803566,0.01359712,0.17121412,0.16545528,0.15977067,0.14864883,0.12747113,0.10800371,0.058902023,0.059460162,0.060037511,0.061173125,0.06040357,0.060267779,0.06132034,0.062786655,0.064666753,0.065247323,0.065814878,0.066912034,0.066087036,0.065870834,0.066796,0.067889894,0.07258105,0.073112665,0.074114289,0.075010321,0.076197356,0.077793183,0.078961337,0.080399905,0.00104232,6.19E-05,0.006705278,0.001183959,0.005920435,0.000782424,0,0.11780768,0.020803481,0.016574826,0.01301441,0.007603339,0.002089951,0.000394033,0.02799637,0.020261955,0.01415214,0.006198139,0.000776952,6.36E-05,0.006745404,0.000295827,0.004856586,0.000217989,0.09020408,0.059873953,0.982909,0.01,0.06384765,0.059530254,0.05546316,0.048000976,0.035379604,0.025525935,0.0178797,0.008278129,0,0.46276102
1,298,0,-0.012901899,0,2.626801,0,-0.072544162,0,-0.20312,0,-0.12872339,0,0.002832248,0,1.7481356,0,0.21286472,0,-0.20706882,0,0.2361959,0,0.07640346,0,0.17935678,0.059338366,0.07613378,0.08684403,0.08008128,0.07351517,0.06092528,0.038824778,0.021565966,0.15351164,0.14030676,0.12754041,0.10341276,0.061695464,0.030910283,0.12656775,0.12037353,0.11431222,0.10259313,0.08102415,0.06205823,0.054953918,0.04752623,0.04062958,0.028547335,0.011972649,0.003961721,0.10166705,0.0862573,0.07180412,0.04668346,0.015257477,0.003439758,0.02046503,0.016331479,0.012814056,0.007506611,0.002213905,0.000513815,0.026686285,0.019518672,0.013909048,0.006470184,0.000921107,9.77E-05,0.07104327,0.064028405,0.057357673,0.04528747,0.02619329,0.013570468,0.12684493,0.11197137,0.097964376,0.072834924,0.0356659,0.014816297,0.019529013,0.01546734,0.012065154,0.006957782,0.001935314,0.000406375,0.024417082,0.017392213,0.01203435,0.005232558,0.000630998,3.16E-05,0.020868495,0.01675345,0.013235316,0.007871032,0.002131023,0.00035852,0.027180761,0.019813767,0.013945528,0.006385438,0.000837831,2.82E-05,0.02055187,0.016499305,0.013055966,0.007678295,0.002007376,0.000354346,0.026402079,0.01922618,0.013571213,0.006046448,0.000852238,4.19E-05,0.061702892,0.05402874,0.04680852,0.03393394,0.015295983,0.005488932,0.11492265,0.098994926,0.08384117,0.05716392,0.020816196,0.005162905,0.07959128,0.0728322,0.06629155,0.053921934,0.032608725,0.01691415,0.15716729,0.15127446,0.14548524,0.13416801,0.11280071,0.09329742,0.058969325,0.059546896,0.060131429,0.061274856,0.060421729,0.060317191,0.061396321,0.062879474,0.062535387,0.06312682,0.063705386,0.06482504,0.06393735,0.063783218,0.064783695,0.066036748,0.070445953,0.070988998,0.07201399,0.072932458,0.074153089,0.075801362,0.077015941,0.078526687,0.000998864,5.91E-05,0.006411975,0.001103118,0.005533112,0.000717787,0,0.001078846,0.020892303,0.016646016,0.013076229,0.007641302,0.002102955,0.000396198,0.028100183,0.020319194,0.014192119,0.0062262,0.000785872,6.41E-05,0.009742199,0.000723161,0.007097696,0.000557316,0.07572353,0.046669964,0.98750854,0.01,0.06422525,0.059900228,0.055810984,0.048280224,0.035621062,0.025718266,0.01805992,0.008365548,0,0.001601954
1,299,0,-0.36595139,0,0.44299281,0,-0.23528927,0,0.27540643,0,-0.34244946,0,0.39126931,0,-0.88425213,0,-0.083674832,0,-0.060164858,0,-0.22999096,0,0.07578625,0,-0.21389051,0.059096663,0.07553873,0.09736381,0.090812765,0.08441401,0.07212038,0.049979206,0.031900477,0.16180453,0.1488957,0.13635522,0.1127182,0.07141316,0.039692793,0.11778874,0.11146515,0.1053035,0.09342706,0.071712635,0.05289124,0.05576766,0.04829265,0.0413395,0.029138215,0.012319949,0.004106874,0.10246706,0.08700937,0.07250024,0.0472226,0.015504225,0.003516422,0.020119661,0.016028622,0.012621828,0.007490396,0.002266959,0.000487578,0.026748471,0.019442046,0.013845147,0.006451326,0.000960711,0.00011353,0.07092693,0.06388854,0.05724815,0.045174643,0.026114406,0.013507012,0.12637906,0.11148837,0.097476736,0.07228841,0.03532155,0.014594753,0.01954653,0.015513121,0.012095475,0.006995405,0.00197823,0.000421721,0.024467349,0.017425276,0.012005074,0.005209161,0.000637336,3.32E-05,0.02079736,0.01665629,0.013127661,0.007778628,0.002130206,0.000355392,0.027122594,0.019784406,0.013943779,0.006342659,0.000848611,2.81E-05,0.02060733,0.016519004,0.013043957,0.00769902,0.002012495,0.000351446,0.026377713,0.019199504,0.013505197,0.006028961,0.000862509,4.37E-05,0.061424896,0.053751983,0.04656034,0.033739816,0.015218169,0.005483767,0.11435541,0.098436184,0.08330832,0.05667753,0.020549156,0.005107146,0.077810474,0.07102533,0.0644693,0.052067544,0.03084794,0.015468734,0.18739176,0.18178375,0.17623714,0.16537432,0.14462195,0.12539968,0.059085775,0.059669473,0.060257237,0.061404866,0.060449237,0.060380394,0.061490136,0.062992092,0.062106206,0.062701542,0.063284259,0.064411769,0.063426589,0.063315897,0.064359128,0.065666254,0.07001771,0.070564917,0.071597667,0.072522991,0.073754149,0.075418056,0.076645703,0.078175366,0.001042629,6.10E-05,0.00637076,0.00108371,0.005444746,0.000689408,0,-0.22095601,0.020983001,0.016736655,0.01313196,0.007681365,0.002108883,0.000394079,0.028115466,0.020319456,0.014192881,0.006241985,0.000794702,6.33E-05,0.01810268,0.003276944,0.006135154,0.000406675,0.1075782,0.0764414,0.9806514,0.01,0.064770356,0.060410604,0.05626649,0.048620563,0.03589952,0.0259587,0.01829978,0.008566206,0,-0.33981328
1,300,0,0.11053628,0,1.7078607,0,0.15496878,0,-0.18900506,0,0.18862474,0,0.001865057,0,14.220884,0,0.55530681,0,0.23930959,0,0.41786724,0,0.077913076,0,0.062161005,0.058614161,0.07768801,0.09749062,0.09089599,0.08445818,0.07207698,0.049761,0.031547826,0.1636418,0.15069613,0.1380812,0.11424654,0.07253486,0.040371336,0.10342671,0.09677906,0.090299234,0.07799521,0.055851918,0.037359737,0.05743871,0.049868084,0.04281183,0.03038029,0.013030645,0.004416107,0.10595773,0.09038466,0.075716436,0.049909525,0.016810287,0.003961023,0.020124484,0.016023822,0.012608862,0.007474381,0.002235514,0.000485259,0.026648605,0.019375747,0.013764313,0.006406138,0.000946652,0.000111519,0.07256981,0.065473735,0.058750518,0.046506956,0.02709375,0.014124909,0.12987222,0.11485472,0.10070453,0.075166345,0.037231863,0.015611771,0.019497216,0.015471363,0.012059143,0.006979458,0.001969307,0.000419576,0.024352945,0.017345289,0.011954309,0.005188931,0.000634713,3.28E-05,0.020759827,0.016628934,0.013108477,0.007771494,0.00212486,0.000354502,0.027008912,0.019699113,0.01388263,0.00632025,0.000844186,2.75E-05,0.020555042,0.016480146,0.013017631,0.00767654,0.002005138,0.000351219,0.026263803,0.019119026,0.013452788,0.006003858,0.000856848,4.30E-05,0.06324311,0.055481065,0.048200674,0.035145,0.016086293,0.005889555,0.11806852,0.10207479,0.08680068,0.059664372,0.022200571,0.00570858,0.082523175,0.07577089,0.06923117,0.056844067,0.035274155,0.01906367,0.14673375,0.14069709,0.13476,0.12322213,0.10159811,0.08197081,0.059228264,0.059794856,0.060377408,0.061518797,0.06047883,0.060437894,0.06157066,0.063087738,0.064545263,0.065132591,0.065706197,0.066812041,0.065719623,0.065604997,0.066620693,0.067794579,0.072465528,0.073002879,0.074015949,0.074920768,0.076121664,0.077736108,0.078918179,0.080373594,0.001144817,6.68E-05,0.006711343,0.001164579,0.005870979,0.000766569,0,0.042961366,0.02092814,0.016690636,0.013097683,0.007659953,0.002103888,0.000393502,0.027991755,0.020230776,0.014130858,0.006213399,0.000790549,6.32E-05,0.017689211,0.003036145,0.008549295,0.000812002,0.06458254,0.036745995,0.69691,0.6801601,0.06457272,0.060221862,0.05609238,0.048470102,0.035789605,0.02587789,0.018235207,0.008522589,0,-0.023295161
1,301,0,-0.37187212,0,0.77081737,0,-0.12517301,0,-0.15835277,0,-0.17303624,0,0.45008547,0,1.439017,0,-0.18268171,0,-0.23680402,0,-0.024047618,0,0.07601174,0,-0.38897827,0.060070054,0.075802796,0.10808612,0.10165583,0.095397584,0.08330631,0.061164908,0.04249485,0.17118149,0.1585789,0.14634575,0.12306628,0.08205452,0.049466506,0.093624495,0.08681795,0.08019914,0.067632295,0.045492142,0.027691208,0.056930598,0.049391855,0.042363204,0.030003143,0.012829465,0.004323896,0.10433797,0.088802285,0.07419484,0.04860647,0.016163658,0.003737896,0.020141803,0.016085379,0.012645261,0.007520416,0.002339475,0.000522861,0.026690176,0.019472513,0.013882048,0.00653735,0.001008562,0.000123949,0.07147523,0.06441192,0.05774531,0.045609638,0.026423741,0.013745112,0.12739722,0.11250396,0.0984127,0.07302949,0.035754487,0.014846534,0.019547379,0.015510534,0.012121447,0.006979276,0.001997911,0.000418268,0.024435567,0.017388288,0.011975083,0.005177944,0.000638589,3.76E-05,0.020734617,0.016588336,0.013077138,0.007716549,0.002133545,0.000362843,0.027059248,0.019741626,0.013932577,0.006312271,0.000853292,3.09E-05,0.02065041,0.016514348,0.013031598,0.007719028,0.00203078,0.000346699,0.026318295,0.01913544,0.013443527,0.006020475,0.000871129,4.83E-05,0.06190907,0.054205216,0.046995997,0.03412271,0.015518408,0.005645292,0.11535321,0.09939427,0.0842457,0.057449464,0.020983307,0.005305882,0.07351924,0.06662965,0.05997236,0.0474039,0.026296481,0.011734764,0.13219531,0.12601887,0.11994999,0.10818776,0.086325034,0.06686003,0.059302499,0.059885077,0.060474434,0.061499209,0.060498832,0.060488605,0.061616053,0.063181114,0.062718449,0.063314429,0.063898073,0.06489967,0.063865733,0.06380832,0.064860607,0.066205485,0.070634856,0.071182581,0.072215185,0.073140372,0.074370457,0.076030749,0.077253084,0.078771066,0.001116438,6.53E-05,0.006495831,0.001107539,0.00553216,0.000680572,0,-0.33288604,0.02102632,0.016780462,0.013166939,0.007703985,0.002109799,0.000395116,0.028074015,0.020285653,0.014172343,0.006241455,0.000801956,6.21E-05,0.027420094,0.008220097,0.003802558,0.000135192,0.050051942,0.024685852,0.6031949,0.7737793,0.06510482,0.060728475,0.056564666,0.048874095,0.036070116,0.026136866,0.018494533,0.0087369,0,-0.56931353
1,302,0,-0.21365242,0,-0.36431033,0,-0.017641873,0,0.10941189,0,-0.11347319,0,-0.18913856,0,0.78941999,0,-0.24546343,0,-0.015232648,0,0.14062001,0,0.081920795,0,-0.11686192,0.062119691,0.08174249,0.12180119,0.11547384,0.10927712,0.0972818,0.07500513,0.055510208,0.18733434,0.17489892,0.16281068,0.13966489,0.09828267,0.06418805,0.10379008,0.09704055,0.09046275,0.077917844,0.05541676,0.036672685,0.062240582,0.054441456,0.04711581,0.03405117,0.015221222,0.005400877,0.11476221,0.09891337,0.083848715,0.056803282,0.02035082,0.005225891,0.020125138,0.016054673,0.012612699,0.007497857,0.002321298,0.000528679,0.026499161,0.019370245,0.013839938,0.006517386,0.001021541,0.000117981,0.075973004,0.06877273,0.061885834,0.049348146,0.029136408,0.01553653,0.13678026,0.12163585,0.10722309,0.08090764,0.040914603,0.017686417,0.019446135,0.015435182,0.012067141,0.006956962,0.002000324,0.000401592,0.024138432,0.01716451,0.011800055,0.005081247,0.000629069,4.09E-05,0.02058794,0.016470315,0.01299279,0.007643023,0.002132225,0.000366403,0.026729004,0.019494988,0.013772948,0.006235541,0.000850191,3.32E-05,0.020569751,0.016444037,0.012988544,0.007695516,0.00204093,0.000342401,0.025980363,0.018883962,0.013256114,0.005970264,0.000866054,5.34E-05,0.06679746,0.058885712,0.05140107,0.03795798,0.01801429,0.006841602,0.12524186,0.10912003,0.09362124,0.06561426,0.025649348,0.007111268,0.08342338,0.07657161,0.069925666,0.057308014,0.035308104,0.018777074,0.12306049,0.11662429,0.11032503,0.09819037,0.07578978,0.05616054,0.059510813,0.060043829,0.060616929,0.061506887,0.060538078,0.060552899,0.061670446,0.063279133,0.069173243,0.069743511,0.070300153,0.071123267,0.070059613,0.069940822,0.070845079,0.071829852,0.077108192,0.077627294,0.078602161,0.079470239,0.080614911,0.082138267,0.083236793,0.084558598,0.001486899,8.44E-05,0.007486138,0.001342032,0.00671265,0.000855563,0,0.13537283,0.020951254,0.016725767,0.013128886,0.007682137,0.002095854,0.000395266,0.027736476,0.020042134,0.014006193,0.006176557,0.000802948,6.02E-05,0.039230622,0.016170213,0.00815536,0.000675956,0.03965388,0.016376212,0.55775195,0.7055937,0.06499312,0.060631666,0.056488175,0.048847046,0.03601793,0.026138606,0.018576708,0.0088008,0,-0.23755849
1,303,0,0.21501655,0,0.095695744,0,0.15235428,0,-0.20536995,0,0.28198252,0,0.12156696,0,-0.006266015,0,0.059539492,0,-0.17464454,0,-0.020727839,0,0.082428925,0,0.17600764,0.067157082,0.08227188,0.11675941,0.1103491,0.10407373,0.09195225,0.0695348,0.050141387,0.18345365,0.17088513,0.15867688,0.1352921,0.09355713,0.059550293,0.10332205,0.09653606,0.0899346,0.07732656,0.054755583,0.035996336,0.062508084,0.054695018,0.047354583,0.034257207,0.01533673,0.005454805,0.11547095,0.09961503,0.084530026,0.05740461,0.020681316,0.005345646,0.020077802,0.016028505,0.012593942,0.007487185,0.002324985,0.000526666,0.026390625,0.019281076,0.013763366,0.006480219,0.001004947,0.000118755,0.076439306,0.06922086,0.06231372,0.0497112,0.029427864,0.015693137,0.13779755,0.12260558,0.1081639,0.081754945,0.04153442,0.018024743,0.01942814,0.015414309,0.012053469,0.006941474,0.00198959,0.000410982,0.024112241,0.017152973,0.011804161,0.005094558,0.000627828,3.90E-05,0.020584606,0.016467264,0.012989553,0.007649773,0.002124392,0.000363273,0.026699921,0.019477412,0.013752489,0.006227839,0.000846165,3.16E-05,0.02053363,0.016412538,0.012960117,0.007678057,0.002026389,0.000342575,0.025960475,0.018872455,0.013255826,0.005951791,0.000861907,4.99E-05,0.067335814,0.059402548,0.051896993,0.03838372,0.018264743,0.006960521,0.12633859,0.1102044,0.094670966,0.066533744,0.026204584,0.0073058,0.08005459,0.07309999,0.066364884,0.05357833,0.03155768,0.015494809,0.11897896,0.11245166,0.10609043,0.093821615,0.07127276,0.05168247,0.059627188,0.060155847,0.060728477,0.061496545,0.060564233,0.060608214,0.061718724,0.0633742,0.06990292,0.070471077,0.071026201,0.071721956,0.070689117,0.070591244,0.071474803,0.072467062,0.077840767,0.078358086,0.079328913,0.080192909,0.081331451,0.082843932,0.083932017,0.085236219,0.001504183,8.53E-05,0.007583772,0.001364743,0.00686674,0.000898345,0,-0.10922457,0.020912427,0.016692035,0.013099525,0.007665186,0.002096445,0.000393994,0.02770458,0.020019133,0.013988774,0.006164308,0.000796746,6.08E-05,0.03416246,0.012442978,0.005880637,0.000309467,0.03543854,0.013291097,0.5858635,0.722373,0.06480974,0.0604489,0.056312878,0.048677713,0.035909057,0.026041895,0.018458782,0.008731799,0,0.24385362
1,304,0,0.6926238,0,0.1794716,0,-0.028072011,0,-0.33934012,0,0.14009607,0,0.038950023,0,-0.8665415,0,-0.072644378,0,0.044615798,0,0.10669625,0,0.08503017,0,0.24596529,0.06765468,0.08489986,0.1123369,0.10583961,0.0994577,0.08715072,0.06445388,0.045065556,0.18175383,0.16898091,0.15656844,0.13283671,0.090443015,0.05617512,0.10770745,0.10094879,0.09436717,0.08177681,0.05907657,0.039969925,0.064350456,0.05647055,0.049028624,0.035703342,0.016211726,0.005862019,0.11941799,0.10348792,0.088278584,0.06070673,0.0224911,0.006017393,0.019960653,0.01594884,0.012534915,0.007448188,0.002326401,0.000521102,0.026202668,0.01911723,0.013626106,0.006407475,0.000975772,0.000121732,0.07843154,0.07114153,0.06416023,0.05135858,0.03069018,0.01647624,0.14200993,0.12672105,0.11212716,0.08537468,0.044092968,0.019485025,0.019369682,0.015372558,0.012011149,0.00691771,0.001976728,0.000416006,0.023991622,0.017074812,0.01176233,0.0050896,0.000626592,3.52E-05,0.020553645,0.016446354,0.01296066,0.007655511,0.002113568,0.000358373,0.02656565,0.01938344,0.013677279,0.006200281,0.000836423,2.99E-05,0.020452013,0.016363667,0.012910863,0.007644599,0.002008466,0.000344794,0.025841525,0.018791527,0.01320353,0.005907715,0.00085426,4.66E-05,0.06956523,0.061553936,0.05394369,0.040176004,0.019396095,0.00751288,0.13082439,0.11463731,0.098999634,0.07037041,0.028561754,0.008223108,0.08318139,0.076221794,0.0694668,0.056621507,0.034272775,0.017607693,0.15438867,0.14836334,0.14241995,0.13086261,0.10908319,0.08917195,0.059781198,0.060286659,0.060852583,0.061493204,0.060595688,0.060667219,0.061769752,0.063470578,0.072859635,0.073415156,0.073958727,0.074505649,0.073480475,0.073371587,0.074184834,0.075041182,0.080805115,0.081310212,0.082255839,0.08309564,0.084197986,0.085652561,0.086688656,0.087911717,0.001641808,9.32E-05,0.008028786,0.001475105,0.007527931,0.001035514,0,0.2130328,0.020826366,0.016620237,0.01304121,0.007631015,0.002091501,0.000391162,0.027563443,0.019918857,0.013915974,0.006128908,0.000785606,6.13E-05,0.029332219,0.008989043,0.007180017,0.000466994,0.071355,0.042285576,0.67992663,0.74154377,0.06445088,0.060120825,0.055997305,0.048380762,0.035714008,0.0258703,0.018291397,0.008631594,0,-0.038734285
1,305,0,0.69232733,0,0.071790731,0,0.16218848,0,-0.067295287,0,0.28167811,0,0.02740838,0,2.3181616,0,0.29954311,0,0.24316935,0,0.08554659,0,0.090613306,0,-0.13532362,0.073120636,0.09052092,0.10942279,0.10276768,0.09625779,0.08367057,0.060485505,0.040876072,0.18368115,0.17070605,0.15804297,0.13372472,0.09035026,0.0551208,0.1182825,0.11162332,0.10510958,0.0926263,0.069785744,0.050079167,0.06848882,0.060480017,0.05282925,0.039015792,0.018284054,0.006860782,0.12801088,0.11195017,0.0965073,0.068112455,0.026741348,0.007679146,0.019846553,0.015830543,0.012459137,0.007388047,0.002249167,0.000489022,0.025964376,0.018868247,0.013419374,0.006258402,0.000942175,0.000116682,0.082633406,0.07521152,0.06809441,0.05491719,0.03340117,0.018278861,0.15081766,0.13538708,0.12051223,0.09310899,0.049656767,0.022778315,0.019254025,0.01528396,0.011923129,0.006889743,0.00195267,0.000417562,0.023730054,0.016900241,0.011643431,0.005049958,0.000618054,3.27E-05,0.020474963,0.016396176,0.012920877,0.00765234,0.002099724,0.000351203,0.026293792,0.0191833,0.013523499,0.006146913,0.000824021,2.78E-05,0.020303207,0.01627124,0.012846443,0.007588222,0.001985862,0.000345772,0.025573034,0.018612131,0.013089327,0.00584601,0.000838754,4.30E-05,0.07424381,0.06609944,0.058288578,0.044025462,0.02192967,0.008807565,0.14015739,0.12386932,0.1080729,0.07858035,0.033831786,0.010451092,0.089805946,0.08286382,0.07608516,0.063154764,0.040244114,0.022416566,0.13641141,0.1300317,0.12378043,0.11167595,0.08909709,0.06891109,0.059981804,0.060442363,0.060993443,0.061500327,0.060634736,0.060731322,0.061824108,0.063568656,0.078992509,0.07952513,0.08004334,0.080411229,0.079360224,0.079194367,0.079865428,0.08038042,0.086957121,0.087435799,0.088327759,0.089114929,0.090139368,0.091472004,0.092401406,0.093463026,0.00200625,0.00011665,0.009083797,0.001727218,0.009051328,0.001322773,0,0.27586711,0.020678014,0.016496727,0.01294353,0.00757365,0.0020796,0.000388496,0.027267206,0.019708486,0.013767771,0.006058853,0.000772609,6.14E-05,0.025206685,0.006213974,0.01040064,0.001032295,0.05137974,0.0249334,0.78262144,0.7357122,0.06385469,0.059564047,0.055471934,0.047939774,0.035396915,0.025599182,0.01805707,0.008469351,0,0.56776878
1,306,0,1.0404994,0,-0.44542312,0,0.48763817,0,0.13848969,0,0.53048996,0,0.55470606,0,0.4040623,0,0.29449257,0,0.2754026,0,0.13879052,0,0.09460593,0,0.021792816,0.078848458,0.09454988,0.10274668,0.09577961,0.08901286,0.07604643,0.052286673,0.032724727,0.1815764,0.16820775,0.15522309,0.13033229,0.085781716,0.049783863,0.12168731,0.11501179,0.10847421,0.09590814,0.072872266,0.05286969,0.070862226,0.06277835,0.05504018,0.04096051,0.019541671,0.007492951,0.13341711,0.11732311,0.10176933,0.07295839,0.029739443,0.008903022,0.020026471,0.015990319,0.012560196,0.007375758,0.002171365,0.000499986,0.025751002,0.018798336,0.013388436,0.006214909,0.000898894,0.000102504,0.08561149,0.07809106,0.070896335,0.057469156,0.035373393,0.019669604,0.157251,0.14168477,0.12662132,0.098786265,0.05399133,0.02541315,0.019151093,0.015178283,0.011825378,0.006831634,0.001905973,0.000400165,0.02349576,0.016742215,0.011573374,0.005033255,0.000610199,2.95E-05,0.020454444,0.016413338,0.012958951,0.007700577,0.00209222,0.000351196,0.026145447,0.019059388,0.013422882,0.006137304,0.000809892,2.70E-05,0.02017774,0.016193636,0.012810847,0.007535289,0.001970113,0.000347668,0.025403762,0.018500447,0.013047087,0.00581562,0.000821696,4.08E-05,0.07765146,0.06938955,0.061489746,0.046883572,0.023833973,0.00985229,0.14688262,0.1305394,0.11464652,0.08470688,0.037943054,0.012372182,0.09084899,0.0838123,0.07694074,0.06380925,0.040462077,0.022261154,0.12356655,0.11686127,0.11028998,0.097656555,0.07434176,0.05396832,0.060160647,0.06058483,0.061125832,0.061502482,0.060670038,0.060793099,0.061877173,0.063666139,0.083447395,0.083959488,0.084459938,0.084663055,0.083603871,0.083405456,0.083971846,0.08425319,0.09142204,0.091882328,0.092736152,0.093486234,0.094456524,0.095705116,0.096561884,0.097516382,0.002252853,0.000136023,0.009901008,0.001901281,0.010367741,0.001553446,0,0.26557103,0.020529559,0.016361458,0.012851097,0.007510514,0.002067312,0.000389391,0.027059006,0.01956399,0.013667783,0.006002964,0.000760029,6.18E-05,0.017713299,0.0025117,0.010056064,0.000880746,0.036955904,0.013711888,0.8896812,0.64157355,0.06315899,0.058908243,0.05488383,0.047463857,0.03504014,0.025299128,0.017789474,0.008249247,0,0.83208679
1,307,0,0.58720361,0,-0.46471688,0,0.20150164,0,0.27997141,0,0.75784272,0,0.060551547,0,2.1044902,0,0.15656994,0,0.18838159,0,0.39111947,0,0.09330187,0,0.13465881,0.079049363,0.093261726,0.097814806,0.090741456,0.08384513,0.07068846,0.046881754,0.02767781,0.17684445,0.163329,0.15018305,0.1251062,0.080380924,0.04468807,0.13178396,0.12534116,0.11901359,0.10684185,0.08426079,0.06430535,0.06930682,0.06127011,0.053595837,0.039694626,0.018715093,0.007077754,0.13082762,0.11476947,0.09928697,0.07069779,0.02835235,0.008337795,0.020330904,0.01623644,0.012747403,0.007418813,0.002222927,0.000502806,0.025839707,0.01892169,0.013466629,0.006288428,0.000891055,8.81E-05,0.08468372,0.07720176,0.07002748,0.05667924,0.03476183,0.01925714,0.1555172,0.1399614,0.12490826,0.09723056,0.05290265,0.024750264,0.01920698,0.015204594,0.011864731,0.006823418,0.001893551,0.000394248,0.023577768,0.016792841,0.011621879,0.005056533,0.000602934,3.06E-05,0.020526512,0.016488856,0.013032896,0.007761556,0.002097959,0.000353436,0.026246224,0.019134555,0.01346262,0.006174094,0.000806456,2.74E-05,0.020183777,0.016211303,0.012828659,0.007546691,0.001974778,0.000348187,0.025484094,0.01855837,0.013111374,0.005842832,0.000823311,4.00E-05,0.07669919,0.06846225,0.060602855,0.04608302,0.023237066,0.009541011,0.14503135,0.12869261,0.11282346,0.08299536,0.036773324,0.011817006,0.09196885,0.08499972,0.07819229,0.065166,0.041980006,0.023735622,0.1139012,0.10704681,0.10031904,0.08737166,0.06373488,0.04358253,0.060244989,0.0606823,0.061227418,0.061486124,0.060692543,0.060845841,0.06192402,0.063760647,0.082247579,0.082768032,0.083274984,0.083367407,0.082360495,0.082210841,0.082800055,0.083213824,0.090222354,0.090689157,0.091556432,0.092320239,0.093309529,0.094586449,0.09546644,0.096453502,0.002092872,0.000125992,0.009666849,0.001841652,0.010044208,0.001492697,0,0.04264615,0.020510854,0.016342325,0.012837964,0.007503651,0.002065389,0.000389871,0.027118348,0.019619025,0.013705822,0.006011202,0.00075765,6.20E-05,0.0135403,0.001257842,0.011255198,0.001182934,0.027409246,0.007518683,0.9325899,0.48437527,0.06299813,0.058745448,0.0547421,0.047375157,0.03494171,0.025221823,0.017698351,0.008189376,0,1.8530654
1,308,0,0.12001677,0,5.9232755,0,0.098288523,0,0.043433603,0,0.49216459,0,0.85661177,0,-0.25479687,0,-0.13792601,0,-0.25121808,0,0.084875447,0,0.09528053,0,0.33467946,0.078764166,0.09527004,0.10086104,0.0938124,0.086934365,0.07380901,0.04989071,0.030359203,0.18093376,0.16745469,0.15434793,0.12927234,0.08439882,0.048195545,0.10735369,0.10023498,0.09328636,0.0800632,0.05619969,0.036426693,0.071318164,0.06322079,0.05546844,0.041339666,0.01979404,0.007622263,0.13460247,0.11850975,0.1029384,0.07404714,0.030439893,0.009194816,0.020107405,0.016056484,0.012594828,0.007356162,0.002178523,0.000503753,0.025656532,0.018765513,0.013373588,0.006229844,0.000888091,9.41E-05,0.08635316,0.07880715,0.07158497,0.058107067,0.035866693,0.02001392,0.15887626,0.14328116,0.12817088,0.10023118,0.055119783,0.02611046,0.019150557,0.015166177,0.011834971,0.006821935,0.001898623,0.000398117,0.023464441,0.016715115,0.011566692,0.005030912,0.000605813,3.06E-05,0.02046548,0.016432242,0.012983462,0.007724152,0.002090825,0.000352026,0.026119497,0.019042278,0.013402397,0.006139697,0.000805314,2.72E-05,0.02014689,0.016176363,0.012801025,0.00752919,0.001969136,0.000347651,0.025367802,0.018474283,0.013044228,0.005812414,0.000819542,4.02E-05,0.07850163,0.07021458,0.06228175,0.047604766,0.024322433,0.010120479,0.14855956,0.13219707,0.11629155,0.08625232,0.039000493,0.012900211,0.08770396,0.08052745,0.07353611,0.06020397,0.036641106,0.018733546,0.12156636,0.11481728,0.10818727,0.09541438,0.07194209,0.051531952,0.060386714,0.060807043,0.061348356,0.061481284,0.060723024,0.060904249,0.061974661,0.06385712,0.084554772,0.085066223,0.085565457,0.085512733,0.084520724,0.084369509,0.084902195,0.085221485,0.092536394,0.092995074,0.093843762,0.094589859,0.095553058,0.096789184,0.097633915,0.098568885,0.002304441,0.000140369,0.01011146,0.001950752,0.010713191,0.001609595,0,-0.10036045,0.020484889,0.016322477,0.012823487,0.007495367,0.002063909,0.000389264,0.02700682,0.019533027,0.013645502,0.005988638,0.000756336,6.18E-05,0.015626289,0.001782829,0.007420829,0.000386135,0.03461554,0.012009501,0.9517823,0.90100604,0.06295074,0.05871194,0.054704916,0.04733093,0.034921024,0.025213288,0.017704304,0.008199564,0,0.92799122
1,309,0,-0.085753485,0,0.43012292,0,0.033201798,0,-0.070558745,0,-0.21651683,0,-0.20656726,0,-0.26602294,0,-0.048519855,0,-0.051940315,0,-0.07533165,0,0.091526665,0,-0.056981091,0.079408709,0.09152172,0.10588277,0.09911666,0.09251393,0.07975465,0.056330606,0.036770657,0.18209228,0.16894363,0.15616646,0.13157344,0.087692514,0.052185696,0.10375557,0.09662995,0.08971049,0.07654051,0.052890237,0.03351299,0.06938335,0.061345078,0.05365892,0.039744068,0.018747477,0.007090607,0.13009107,0.11401276,0.09852604,0.06996703,0.027870549,0.008135966,0.019823225,0.015766274,0.012388616,0.007340511,0.002159471,0.000472805,0.025843943,0.018801842,0.013339937,0.006192282,0.000902818,0.000110181,0.08378212,0.076332174,0.06917622,0.05590102,0.03416888,0.018809263,0.15332666,0.13783698,0.12289198,0.09530976,0.05133363,0.02379571,0.019213399,0.015241953,0.011875851,0.006877604,0.001933792,0.000412159,0.0236393,0.016842194,0.011617511,0.005045954,0.000616765,3.17E-05,0.020469941,0.016402438,0.012936012,0.007674062,0.002094661,0.000349582,0.02623622,0.019132812,0.013482718,0.006145592,0.00081895,2.66E-05,0.020247877,0.01623999,0.012834066,0.007558748,0.001973128,0.000347047,0.025506882,0.018571598,0.013074353,0.005833344,0.000829712,4.16E-05,0.07557066,0.06738129,0.059539236,0.045133546,0.022654742,0.009203176,0.14279588,0.126487,0.11065409,0.08096458,0.03541847,0.01117248,0.08799582,0.08095094,0.07408051,0.060988728,0.03785154,0.02013901,0.12276996,0.11610144,0.10956832,0.09702423,0.07386409,0.053647604,0.060430954,0.060884681,0.061436862,0.061457188,0.060739787,0.060953402,0.062019219,0.063950457,0.080739188,0.08127015,0.081787115,0.081649607,0.080736912,0.08067227,0.081286926,0.08190746,0.088714155,0.08919089,0.090076543,0.090859404,0.091875692,0.093192023,0.094104025,0.095135496,0.002094417,0.000123433,0.009395345,0.001798105,0.009564443,0.001415337,0,-0.074297222,0.02061719,0.016439814,0.012904429,0.007546035,0.002074707,0.000389023,0.027186312,0.0196519,0.013727716,0.006036302,0.000767653,6.17E-05,0.021427505,0.004161272,0.008612551,0.00062405,0.036788378,0.013728437,0.943075,0.9402885,0.063561924,0.059281524,0.055217173,0.047719654,0.03523763,0.025474798,0.017943742,0.008367677,0,-0.42902186
1,310,0,-0.30764964,0,-0.33908266,0,0.072078438,0,0.098057621,0,-0.11238433,0,-0.1156654,0,-0.14611895,0,-0.073826605,0,0.30390236,0,-0.058329975,0,0.09039067,0,-0.14845107,0.0770587,0.09040209,0.11081027,0.10416533,0.09766751,0.08509304,0.06190023,0.04219555,0.18533391,0.17237836,0.15972616,0.13544393,0.09204311,0.056670595,0.11293577,0.10611577,0.09948084,0.08673369,0.063655294,0.043999597,0.06911731,0.06108837,0.053410694,0.039525036,0.01861367,0.007023249,0.12921904,0.11314134,0.09766574,0.069163285,0.027369952,0.007930769,0.01985052,0.015832614,0.012461233,0.007386318,0.002258595,0.000495279,0.025944876,0.01886543,0.013427295,0.006287247,0.000951021,0.000116177,0.083162196,0.07571754,0.068586335,0.05536395,0.033740025,0.01851042,0.15189217,0.13644834,0.12155455,0.094064064,0.050343294,0.023191506,0.019243173,0.015276361,0.011920357,0.006883804,0.001954422,0.000418502,0.023699477,0.01687795,0.011628174,0.005042547,0.000618011,3.28E-05,0.020457013,0.016379487,0.012906845,0.007641372,0.00209878,0.000351998,0.026255183,0.019155988,0.013506409,0.006135762,0.00082341,2.81E-05,0.020295706,0.016261702,0.012837513,0.007586229,0.001986535,0.000345187,0.02553713,0.018583735,0.013067643,0.00583723,0.000838712,4.33E-05,0.07480824,0.06664645,0.05881419,0.044494875,0.02225617,0.008977475,0.14128423,0.12498435,0.10917118,0.079596356,0.03450234,0.010760877,0.09388487,0.08703202,0.08032443,0.067525566,0.044618852,0.026360566,0.12124827,0.11456694,0.10802384,0.09547656,0.07232411,0.05218397,0.06051884,0.060983658,0.061539672,0.061442129,0.060763137,0.061006879,0.062066845,0.064045422,0.079718678,0.080256248,0.080779154,0.080530371,0.079667518,0.079648878,0.080282417,0.081023211,0.087693338,0.088175986,0.089073936,0.089868804,0.090901986,0.092243653,0.093176421,0.094237251,0.002067385,0.000120394,0.009220394,0.001758718,0.009245214,0.001352887,0,-0.0941614,0.02066998,0.016491406,0.012939265,0.007571737,0.002078706,0.000388213,0.027230557,0.01968178,0.013749186,0.006051722,0.000772049,6.12E-05,0.02637059,0.006845946,0.013449348,0.001853721,0.03546797,0.012843372,0.93718183,0.908494,0.06385087,0.05956025,0.055469655,0.047937226,0.03539412,0.025602864,0.018063301,0.008483266,0,-0.22246981
1,311,0,1.2942112,0,1.4913927,0,0.34903342,0,0.091484444,0,0.32840155,0,-0.19803031,0,2.1563961,0,0.20521871,0,0.19830046,0,0.090932549,0,0.0902529,0,0.10020394,0.076370895,0.09028454,0.10758897,0.10088415,0.094328284,0.08165769,0.058358856,0.038786393,0.18275501,0.16970147,0.15699646,0.13252655,0.08892132,0.053573355,0.10306285,0.09594387,0.08904096,0.075895846,0.052316405,0.03303103,0.068868876,0.060847953,0.053181376,0.03932449,0.018479714,0.00695687,0.12892133,0.11285167,0.09739072,0.06892311,0.027232926,0.007876721,0.019827934,0.01578952,0.012433061,0.007370566,0.002210722,0.000472273,0.025904125,0.01883832,0.01339658,0.006233892,0.000920632,0.000108428,0.083134905,0.07570409,0.068571225,0.055345163,0.03373721,0.018509272,0.15193109,0.13647565,0.12156543,0.09408684,0.050398476,0.023229273,0.01923442,0.015264641,0.011899314,0.006885843,0.001944624,0.000414712,0.023689723,0.016873129,0.011627639,0.005047665,0.000618,3.20E-05,0.02047467,0.01640004,0.012927565,0.007663352,0.002096989,0.000349901,0.02626824,0.019161182,0.013504856,0.006147147,0.000822043,2.70E-05,0.02027751,0.016256887,0.012840055,0.00757534,0.00197963,0.000346426,0.025543528,0.018595072,0.013083243,0.005840394,0.000834605,4.21E-05,0.074826464,0.0666644,0.058839224,0.044511195,0.022245422,0.008980032,0.14133103,0.12503448,0.10922226,0.07963519,0.034534264,0.010767613,0.09711428,0.090327494,0.08370105,0.071022406,0.048171297,0.029687304,0.10249603,0.095436566,0.08853399,0.07525356,0.05138007,0.03176489,0.060626241,0.061090847,0.061649669,0.06143067,0.060788997,0.061062325,0.062115704,0.06414108,0.079765383,0.080302711,0.080828541,0.080456557,0.079632321,0.07964464,0.080272848,0.081065155,0.087740088,0.088225427,0.089124805,0.089922068,0.090958364,0.092303796,0.09323895,0.094302131,0.00204258,0.000119243,0.009220119,0.001759432,0.009281062,0.001365787,0,0.35486366,0.020650184,0.016470857,0.01292537,0.007560992,0.002077179,0.000388604,0.027231403,0.019683223,0.0137501,0.006048569,0.000770415,6.16E-05,0.023279175,0.005123275,0.016144203,0.00278232,0.017162709,0.00258546,0.99273914,0.9928708,0.06372042,0.05942881,0.05535499,0.04783403,0.035321306,0.02554221,0.018003238,0.008420909,0,1.5275075
1,312,0,-0.18306433,0,0.14071326,0,0.14714912,0,-0.12572592,0,0.19125246,0,-0.38299306,0,0.92861406,0,0.096671063,0,0.30348399,0,0.067669969,0,0.08986323,0,0.23291445,0.077328867,0.08991835,0.11591192,0.10936314,0.102942,0.090503715,0.06748446,0.047597386,0.1894107,0.17656519,0.16406035,0.14010538,0.09696817,0.061565306,0.10321105,0.09610272,0.08921301,0.07608388,0.052533757,0.033251856,0.069397815,0.061361022,0.053670786,0.039752692,0.018769326,0.007101233,0.12953104,0.1134423,0.09794831,0.06940589,0.027506754,0.007984273,0.01986228,0.01587307,0.012474175,0.007407879,0.002307012,0.000511766,0.025903715,0.01889327,0.013467489,0.006327046,0.000961943,0.00012089,0.08313303,0.075690754,0.06855882,0.055334583,0.033712626,0.018503472,0.15174554,0.13632376,0.12143873,0.09394112,0.050203472,0.023113256,0.019251835,0.015280093,0.011937856,0.00687679,0.001963858,0.000413948,0.023700846,0.016869543,0.011620839,0.00502984,0.000619141,3.43E-05,0.020432811,0.016350884,0.012884426,0.007612616,0.002101023,0.000356108,0.026245026,0.019150162,0.013512151,0.006126592,0.000826156,2.95E-05,0.020326316,0.016265579,0.012833501,0.00759769,0.001995625,0.000343101,0.025529727,0.01856648,0.013046351,0.005836329,0.000843695,4.58E-05,0.07472547,0.06655961,0.058727235,0.044420812,0.022235524,0.008964628,0.14111345,0.12480774,0.10899793,0.07945377,0.03439813,0.010729841,0.10380153,0.09717806,0.09068861,0.07822182,0.055518474,0.0366823,0.09498944,0.08772693,0.08061078,0.06699676,0.042808507,0.023664968,0.060749693,0.06121873,0.06177951,0.061416554,0.060819983,0.061128718,0.062174281,0.064255887,0.079579943,0.080120497,0.08064895,0.080132955,0.079357579,0.079410188,0.0800374,0.080906953,0.087556623,0.088044475,0.088948912,0.089751243,0.090794222,0.092149023,0.093091209,0.094163337,0.002096835,0.000121661,0.009209155,0.001754446,0.009182893,0.001329914,0,0.17890849,0.020699823,0.01651926,0.012962285,0.007585348,0.002079646,0.000388941,0.027232036,0.019680502,0.013749883,0.006056349,0.00077603,6.06E-05,0.031358436,0.010006269,0.02208329,0.005472577,0.010677545,0.000709174,0.68890357,0.71726614,0.06404863,0.05974525,0.055647533,0.048079483,0.035493966,0.025708715,0.018172791,0.008573622,0,-0.13876912
1,313,0,-0.31740053,0,0.10525243,0,0.076798665,0,0.024255792,0,0.003724568,0,0.42223844,0,-0.4131689,0,-0.018356238,0,0.11158975,0,0.21740137,0,0.08969432,0,-0.1797415,0.076660887,0.08976934,0.11849572,0.11198472,0.10559743,0.09321995,0.07028156,0.05031267,0.19153556,0.17877026,0.16633597,0.14252634,0.09950813,0.064087465,0.10392342,0.09683436,0.08997156,0.07686705,0.053357303,0.03403994,0.0695761,0.06153419,0.05383618,0.03989804,0.018868042,0.007150902,0.12978242,0.11368687,0.098181434,0.0696124,0.027626865,0.008032077,0.019845178,0.015847921,0.012459557,0.007409531,0.002305216,0.000514866,0.025877723,0.01888018,0.013460806,0.006339751,0.000975683,0.000118939,0.083167866,0.07572876,0.06859413,0.055366598,0.033732664,0.018521944,0.15178813,0.13637316,0.12149223,0.09398476,0.050216045,0.0231197,0.019253228,0.015277681,0.011940104,0.006875792,0.001968808,0.000412275,0.023696044,0.016863335,0.011614367,0.00502272,0.000619711,3.66E-05,0.020421842,0.016338622,0.012881111,0.007601168,0.002102351,0.000357745,0.026239742,0.019145038,0.013512838,0.006122924,0.000828253,3.00E-05,0.020339068,0.01626555,0.012835927,0.007603897,0.002001131,0.0003417,0.025519969,0.018556217,0.013037536,0.00583984,0.000845311,4.70E-05,0.07474607,0.06657742,0.058743544,0.044433422,0.02225969,0.008980069,0.14115119,0.12484104,0.10903245,0.07949529,0.03441712,0.010748255,0.096560925,0.08976511,0.083128065,0.070439525,0.047592133,0.029152974,0.11175835,0.10490777,0.09819217,0.08529901,0.061777152,0.04185468,0.060855136,0.061326701,0.061889093,0.061404985,0.060846092,0.061184429,0.062223395,0.064351712,0.079591517,0.080134392,0.080664619,0.080026124,0.079289992,0.079374018,0.079996651,0.080919794,0.087570614,0.088060091,0.088966516,0.089771761,0.09081829,0.092177542,0.093122703,0.094198002,0.002115662,0.000122551,0.009220569,0.001760395,0.009174475,0.001320227,0,-0.20530414,0.02071254,0.016531222,0.012972282,0.007591412,0.002079764,0.000389794,0.02722837,0.019676939,0.013748823,0.00605717,0.000779013,6.03E-05,0.033899102,0.011755692,0.01571298,0.00262265,0.025998987,0.006808842,0.6333163,0.72958297,0.064131275,0.059821166,0.055720672,0.048146922,0.03553584,0.025751993,0.018224765,0.008611478,0,-0.22730699
1,314,0,-0.4776263,0,0.061302347,0,0.11643406,0,-0.14774141,0,-0.04616007,0,-0.38511566,0,-0.008781748,0,-0.11354854,0,-0.27580224,0,-0.11415839,0,0.0880692,0,-0.0225507,0.076627877,0.08815781,0.13071696,0.12438893,0.11818714,0.10614637,0.08360954,0.063537896,0.20087989,0.18846613,0.17636766,0.15315652,0.11105676,0.07568757,0.10187235,0.09476719,0.08789528,0.07479499,0.051343624,0.03221996,0.06910118,0.06107127,0.05340128,0.03951477,0.01864338,0.007043684,0.12843725,0.11234379,0.09685112,0.06837607,0.026865488,0.007721991,0.019934068,0.015900504,0.012500894,0.007402637,0.002277689,0.000518737,0.026049204,0.019036235,0.013579627,0.006401639,0.001027234,0.000121428,0.082169496,0.07476769,0.067676,0.054535218,0.033065606,0.018124519,0.14963593,0.1342621,0.11948291,0.09211737,0.048745174,0.022263167,0.019290488,0.015313942,0.011966722,0.006902651,0.001992023,0.000392406,0.02375236,0.016882693,0.011605076,0.004990456,0.000617227,4.00E-05,0.020422818,0.016338492,0.012887397,0.007579309,0.002119112,0.000365516,0.026297068,0.019181201,0.013555329,0.006136574,0.000838542,3.35E-05,0.02042146,0.016330857,0.012893941,0.007643181,0.002033889,0.000338944,0.025557235,0.018574588,0.013032394,0.005883608,0.000855705,5.52E-05,0.073597275,0.065457776,0.05766816,0.04346724,0.021660639,0.008684043,0.138859,0.12255756,0.1067806,0.07747195,0.03304419,0.010183932,0.09850539,0.09179816,0.08525298,0.072696626,0.049992416,0.031541165,0.10750173,0.10059396,0.09382633,0.08085685,0.057305355,0.03761527,0.060935303,0.061422062,0.061990776,0.06138905,0.060868964,0.061237893,0.062270927,0.064446893,0.078046881,0.078598971,0.079138422,0.078393906,0.077712749,0.077850026,0.078503012,0.079579745,0.086024586,0.08652335,0.087446142,0.088268162,0.089338635,0.090733985,0.091709473,0.09282845,0.002072856,0.000119386,0.009008276,0.001714163,0.008729266,0.00119544,0,-0.2148034,0.02080276,0.016608058,0.013038727,0.007629972,0.0020786,0.000393346,0.027291626,0.019721443,0.013784638,0.006082634,0.000793679,5.89E-05,0.04651123,0.021333104,0.017767671,0.003498466,0.02230731,0.004887786,0.51394403,0.74185055,0.064562,0.060245108,0.056134235,0.04853947,0.03579621,0.025982277,0.018496381,0.008770214,0,-0.61380125
1,315,0,0.071045479,0,-0.21666877,0,0.002621284,0,-0.040814839,0,0.12747473,0,2.1361279,0,1.2157838,0,-0.17510197,0,-0.044766669,0,-0.044316403,0,0.08691556,0,-0.19082088,0.072653945,0.087019816,0.12994963,0.12362371,0.11742643,0.10539507,0.08289203,0.06287729,0.19954042,0.18712878,0.17503564,0.15184195,0.10983189,0.07459203,0.10513676,0.09817049,0.09142594,0.078504525,0.05534079,0.036110286,0.0683041,0.060296662,0.052663732,0.03886746,0.018226739,0.006838322,0.12685482,0.11078474,0.09533394,0.06700185,0.026049824,0.007398896,0.019953955,0.015915988,0.012509746,0.007408848,0.00227951,0.000517615,0.026092244,0.019067125,0.013602956,0.006409564,0.00102878,0.000121585,0.08143964,0.074058555,0.06699107,0.053917047,0.032590568,0.017807694,0.14813495,0.13278311,0.11804149,0.090786934,0.047793996,0.021689087,0.019308189,0.015327895,0.011977819,0.006908921,0.001993502,0.000392896,0.023796922,0.01691453,0.011626901,0.005000045,0.000618439,4.01E-05,0.020441787,0.016353693,0.012899405,0.007586296,0.002120907,0.000365764,0.026346669,0.01921721,0.013580622,0.006147944,0.000839986,3.35E-05,0.020439759,0.01634527,0.012905627,0.007649897,0.00203537,0.000339279,0.025605444,0.018609777,0.013057292,0.005894257,0.00085713,5.52E-05,0.07279284,0.06468194,0.056920666,0.042807117,0.021216711,0.008451377,0.13727155,0.12098744,0.10523209,0.07605818,0.03212237,0.009781821,0.079969734,0.072771914,0.06582033,0.0526022,0.029789736,0.013445689,0.09948887,0.09242206,0.085515566,0.07226653,0.048531145,0.02928816,0.061027156,0.061523676,0.062095371,0.061375188,0.06089334,0.061292434,0.062319505,0.064542469,0.077008898,0.077566427,0.078110918,0.077255712,0.076624006,0.076807387,0.0774796,0.078677021,0.084984965,0.085488872,0.086423683,0.087257752,0.088345656,0.089767189,0.090764346,0.091914441,0.001996446,0.000114909,0.008818814,0.001666719,0.008469491,0.001147869,0,-0.039585599,0.020821309,0.016622802,0.013050174,0.007636583,0.002080476,0.000393632,0.027342811,0.019758286,0.013810227,0.006093695,0.000794975,5.90E-05,0.045921363,0.020923322,0.00432214,0.000120127,0.015256897,0.001984766,0.5119928,0.69064945,0.06461856,0.06029715,0.056182295,0.04858112,0.035826556,0.026004152,0.018510746,0.008776751,0,-0.43962987
1,316,0,0.21764134,0,-0.09451388,0,0.029779409,0,0.23637931,0,-0.030235123,0,0.45629893,0,0.31714851,0,0.027348869,0,0.18204437,0,0.16395062,0,0.084745914,0,0.044256331,0.071398234,0.08486099,0.11807574,0.11162572,0.10527994,0.09304598,0.07037988,0.05067327,0.18796037,0.17529917,0.16299488,0.13940893,0.09701145,0.062268525,0.10586316,0.098989286,0.0923245,0.079543635,0.056613598,0.03747259,0.0661513,0.058212347,0.05067643,0.037133854,0.017107107,0.006292763,0.12287986,0.10688648,0.09155777,0.06362317,0.024112528,0.006642011,0.020001117,0.01596519,0.01254335,0.007468067,0.00232218,0.000525695,0.026146194,0.019102937,0.013631002,0.006432684,0.001000539,0.000119359,0.07987725,0.072553,0.06551769,0.052587036,0.031599943,0.01710274,0.1450043,0.12967823,0.11499715,0.08798539,0.04588433,0.020532502,0.019337745,0.015342336,0.011994828,0.006907949,0.001979505,0.000411621,0.023894485,0.017001592,0.011704244,0.005055008,0.000622659,3.78E-05,0.020498691,0.016397944,0.012933254,0.007622279,0.002113163,0.000360798,0.026460173,0.01930401,0.013628428,0.006172354,0.00083729,3.09E-05,0.020435374,0.01633582,0.012897035,0.007640341,0.002013968,0.000341823,0.025730377,0.018707218,0.013141447,0.00589505,0.000853432,4.85E-05,0.0711276,0.06306892,0.055378713,0.041452404,0.020268405,0.007950918,0.13397254,0.11774579,0.10204295,0.07312106,0.030285528,0.008946324,0.076792955,0.06954457,0.0625687,0.049343962,0.02681227,0.011185351,0.09827063,0.09122995,0.084343396,0.07117024,0.04759389,0.028580332,0.061096341,0.061613595,0.06219318,0.061357505,0.060914996,0.061345098,0.062366663,0.064637515,0.074880716,0.07545083,0.076006987,0.075053459,0.07448236,0.074726994,0.075442747,0.076830399,0.082854771,0.083370559,0.084327908,0.085184198,0.086304173,0.087774729,0.088813634,0.090025169,0.001793839,0.000103105,0.008393246,0.001561709,0.007992093,0.001103497,0,-0.017966643,0.02081119,0.016611049,0.013035381,0.007627969,0.002087894,0.000392006,0.027456915,0.019840948,0.01386413,0.006108709,0.000788108,6.05E-05,0.034451865,0.012392535,0.00312417,5.45E-05,0.014792961,0.001885973,0.53144705,0.6614104,0.06447479,0.0601383,0.056020275,0.04841447,0.0357239,0.02589859,0.018346207,0.008675247,0,-0.015488048
1,317,0,1.7051061,0,0.90693288,0,0.23702834,0,-0.032473367,0,0.41929352,0,0.096014611,0,0.4107015,0,0.088550244,0,0.39595104,0,0.40680344,0,0.0850595,0,0.37317289,0.072651585,0.08519635,0.10495269,0.09828924,0.091766134,0.07918129,0.056148253,0.036936186,0.17752665,0.16452008,0.15183407,0.12751602,0.08443311,0.04990174,0.095213905,0.087993726,0.0809963,0.06774865,0.04429129,0.025727723,0.06558065,0.05766623,0.050154787,0.036680434,0.01680594,0.006141181,0.12239,0.1064219,0.09112897,0.06326881,0.023938632,0.006575549,0.019895304,0.015844597,0.012480354,0.007402823,0.00221868,0.000472672,0.02610407,0.01898382,0.013501682,0.006281758,0.000924401,0.000109289,0.0800801,0.07274401,0.06570795,0.052747313,0.031759065,0.01717116,0.14562714,0.13026665,0.11552267,0.088534,0.046401545,0.020835686,0.019309856,0.015324541,0.011946074,0.006912304,0.00195235,0.000416309,0.023876784,0.017005775,0.0117185,0.005086713,0.000622712,3.23E-05,0.020553838,0.016463082,0.01297691,0.007692055,0.00210498,0.000351176,0.026474724,0.019311614,0.013610728,0.006194648,0.0008284,2.72E-05,0.020357309,0.016320556,0.012889833,0.007605115,0.001987391,0.00034767,0.025744969,0.0187412,0.013185463,0.005885944,0.000841206,4.24E-05,0.071472555,0.063417405,0.05571939,0.041733306,0.020370865,0.008006916,0.13470659,0.11846667,0.10277034,0.073727,0.030676773,0.009061802,0.07878885,0.07161348,0.0646861,0.05151577,0.028892415,0.01283432,0.09459322,0.08744147,0.08044845,0.06708051,0.043335825,0.024542844,0.061212922,0.061727114,0.062306768,0.061348861,0.060943185,0.06140241,0.062417057,0.064734157,0.07540807,0.075976804,0.076532292,0.075451389,0.074913776,0.075182351,0.075881924,0.077289959,0.0833844,0.083899286,0.084853984,0.085708214,0.08682476,0.088289,0.089321556,0.090522126,0.001738152,0.000100221,0.008445346,0.001574724,0.008141567,0.001174024,0,0.11185366,0.020730555,0.016534856,0.012975219,0.007589919,0.002084838,0.000389946,0.027444549,0.0198366,0.013856817,0.006095056,0.000776207,6.20E-05,0.021849638,0.004558254,0.004027947,0.000106824,0.011567742,0.000965877,0.7410907,0.82043046,0.063972175,0.059663855,0.055573516,0.04802242,0.035459537,0.02564178,0.01807362,0.008454524,0,0.42503826
1,318,0,-0.25337524,0,-0.12875537,0,-0.011888947,0,0.2464271,0,-0.08453974,0,-0.010105361,0,-0.20308702,0,0.047794044,0,-0.30832506,0,0.32327068,0,0.08377027,0,-0.032012153,0.071968384,0.08392149,0.11112523,0.10458689,0.098177955,0.08579899,0.06298095,0.043569338,0.1817476,0.16889842,0.15640916,0.1325298,0.08988933,0.05543237,0.099910215,0.09286977,0.086085185,0.0731057,0.04998942,0.031188076,0.065236025,0.0573296,0.04983853,0.036405176,0.016643807,0.00606648,0.12132578,0.10536689,0.09009461,0.062327806,0.023394918,0.006363492,0.019941462,0.015925016,0.012509257,0.007418391,0.002299392,0.000510797,0.026162049,0.019051665,0.013568015,0.006358985,0.000971408,0.000118334,0.07935488,0.072037056,0.06502114,0.05213479,0.03128286,0.016861396,0.14399682,0.12867084,0.11400247,0.08710012,0.04531762,0.02019841,0.019343,0.015352093,0.011990631,0.00690998,0.001970193,0.000417966,0.023932949,0.017036047,0.011733491,0.005081817,0.000625618,3.38E-05,0.020538056,0.016437901,0.01295047,0.007656174,0.002110656,0.000356893,0.02650387,0.019338468,0.013642102,0.006187902,0.000832952,2.94E-05,0.020416094,0.016344061,0.012895678,0.007631213,0.002002539,0.000345179,0.025782544,0.018753499,0.013179657,0.005892634,0.000850422,4.56E-05,0.07059911,0.062557176,0.05489677,0.041017406,0.019937623,0.007780835,0.13293484,0.11672526,0.10104791,0.072204895,0.029708903,0.008683895,0.07977435,0.072686404,0.06581661,0.052769948,0.030269763,0.014082095,0.10418944,0.09729085,0.090539284,0.077655,0.05430774,0.035001088,0.061299389,0.061826857,0.062410776,0.061334487,0.060967587,0.061457008,0.062465802,0.064830013,0.07422125,0.074798137,0.075360248,0.074170612,0.073684155,0.074000472,0.074722587,0.076260228,0.082197618,0.082719232,0.083687111,0.084555229,0.085691247,0.087185266,0.088242747,0.089479793,0.001712411,9.80E-05,0.008249602,0.001530448,0.007847469,0.001100658,0,-0.00042152,0.020790821,0.016590474,0.013017622,0.007617387,0.002088815,0.000390266,0.027496785,0.019871566,0.013882197,0.006112754,0.000781719,6.14E-05,0.027895244,0.008007387,0.004816615,0.000166995,0.020230142,0.004038862,0.66286796,0.77481824,0.06430686,0.059981488,0.055865355,0.048270132,0.035636604,0.02580204,0.018225998,0.008590229,0,-0.47473383
1,319,0,0.98383294,0,0.37683929,0,0.31988894,0,0.41077112,0,0.030308807,0,-0.25340186,0,0.38061228,0,0.47504471,0,-0.11081877,0,0.40119752,0,0.083309464,0,0.40467671,0.070058233,0.08347886,0.09890269,0.09213185,0.08554484,0.07282742,0.04980014,0.031009883,0.17158245,0.15842092,0.14560236,0.12113971,0.07790516,0.043878406,0.097671956,0.09057239,0.08372139,0.07068,0.047489885,0.028852113,0.06394792,0.05608944,0.048666984,0.035387978,0.016005341,0.005762119,0.1194967,0.10358995,0.08839973,0.06085207,0.022606572,0.00606127,0.020026222,0.01592948,0.012501489,0.007352997,0.002149632,0.000483079,0.02612087,0.01901715,0.013521398,0.006284914,0.000908227,0.000114692,0.07894873,0.0716583,0.06466991,0.051810406,0.031035004,0.016694183,0.14343245,0.12807827,0.11341516,0.08663698,0.045142073,0.020095944,0.019326458,0.015324117,0.011936404,0.006908086,0.001934752,0.000408171,0.023925243,0.017045898,0.011771885,0.005117376,0.000623443,3.23E-05,0.020609573,0.016525388,0.013041575,0.007741057,0.002108296,0.000352935,0.02657797,0.019377304,0.013650639,0.006231649,0.000826318,2.72E-05,0.02035986,0.01633613,0.012916425,0.007600622,0.001984587,0.000349836,0.025833415,0.018811375,0.013252983,0.005909917,0.000836629,4.18E-05,0.07030715,0.062295537,0.05466334,0.040777866,0.01969767,0.007676193,0.13240848,0.11618457,0.10054073,0.071715385,0.029403316,0.008509776,0.083861805,0.07689149,0.07012087,0.057241365,0.034780484,0.017968845,0.10287016,0.095952176,0.08918244,0.07626299,0.052905675,0.033683345,0.061403533,0.061933019,0.0625204,0.06132387,0.060994361,0.061513417,0.062515574,0.064926482,0.073921472,0.074499144,0.075065446,0.073757662,0.07331281,0.073664539,0.074388959,0.075999804,0.081896565,0.082422216,0.083395205,0.084268707,0.085412383,0.086917424,0.087983707,0.089232807,0.001604426,9.21E-05,0.008191301,0.001498203,0.007814558,0.001121249,0,0.18043282,0.020722227,0.016517857,0.012969609,0.007579976,0.002085161,0.000391752,0.027521845,0.019894855,0.013897621,0.006106483,0.000774386,6.26E-05,0.01676119,0.002422405,0.007385158,0.000488258,0.019110028,0.003548663,0.8384908,0.8471865,0.063818276,0.059528925,0.05544608,0.04793402,0.035397846,0.025563838,0.017990198,0.008366958,0,0.8243778
1,320,0,-0.18568256,0,0.70081475,0,-0.007573254,0,-0.4030539,0,-0.1872245,0,0.32346401,0,0.60875103,0,-0.36119366,0,0.1595074,0,0.12000068,0,0.08414955,0,-0.27005435,0.0707159,0.08434287,0.10356881,0.09688485,0.0903469,0.07773362,0.05470422,0.035581853,0.17612244,0.16308583,0.15037906,0.12602493,0.08291965,0.048499096,0.09290575,0.08563743,0.07858585,0.06523029,0.04174363,0.023362612,0.065175965,0.05727451,0.04978478,0.03635819,0.016605692,0.006044563,0.12166242,0.1057087,0.09044009,0.06265596,0.023597356,0.006442618,0.019920576,0.015855005,0.012472776,0.007389501,0.00219293,0.000482001,0.026120905,0.018999415,0.013490984,0.006263903,0.000917528,0.000109156,0.07978247,0.07245674,0.065433025,0.052500427,0.031570558,0.017045775,0.14504322,0.12969069,0.11496186,0.0880267,0.046064463,0.020633673,0.019312719,0.01532415,0.011943522,0.00691427,0.001949614,0.000415274,0.023890065,0.017017148,0.011731249,0.005093377,0.000623092,3.21E-05,0.0205679,0.016476505,0.01298999,0.007702962,0.002105319,0.000351357,0.026499903,0.019327614,0.013621049,0.006203568,0.00082826,2.69E-05,0.020359058,0.016324788,0.012896988,0.007602566,0.001985492,0.000348304,0.025767116,0.018758971,0.013201525,0.005891631,0.000840162,4.21E-05,0.07116076,0.06311757,0.05543638,0.041477785,0.020193366,0.007917989,0.13410017,0.11786503,0.10218076,0.073191345,0.030336337,0.008914351,0.08106119,0.073983744,0.06711995,0.05407602,0.03148347,0.015043961,0.096200176,0.08910403,0.08216593,0.068895996,0.045240037,0.026361221,0.061528512,0.062051314,0.06263688,0.061317513,0.061024278,0.061572225,0.062567036,0.065023793,0.075010275,0.075584839,0.076147657,0.074706929,0.074289884,0.074657928,0.075353398,0.076948727,0.082989703,0.083511601,0.084477366,0.085343633,0.08647642,0.087963152,0.089012545,0.090234792,0.001703879,9.80E-05,0.008377374,0.00155589,0.008049996,0.001159687,0,-0.12209693,0.020730441,0.016532704,0.012975045,0.007588381,0.0020851,0.000390363,0.027465118,0.019851822,0.013867134,0.006098279,0.000776056,6.21E-05,0.020671867,0.004007413,0.005387801,0.00021326,0.013006702,0.00134431,0.7925888,0.92888045,0.063947774,0.05963915,0.055549968,0.04800299,0.035447184,0.025629766,0.018059516,0.00843559,0,-0.51446636
1,321,0,0.35207777,0,-0.17863673,0,0.17610029,0,0.022613206,0,0.15720204,0,0.26339289,0,0.022863589,0,-0.18296205,0,0.24197717,0,-0.18089264,0,0.083268516,0,-0.044181359,0.070545573,0.08347788,0.10526431,0.09862844,0.09213159,0.07959953,0.05665548,0.03749104,0.17697033,0.16400346,0.15134025,0.12712644,0.08423341,0.049900115,0.09855164,0.09146914,0.08463667,0.07160883,0.048421245,0.029707916,0.06480689,0.056916464,0.049446717,0.036064327,0.016426489,0.005960435,0.12078794,0.10484573,0.08960055,0.061901983,0.023170583,0.006276317,0.019930528,0.015883733,0.012504046,0.007420433,0.002249307,0.000488677,0.026186716,0.019040225,0.013557223,0.00631826,0.000946129,0.000114647,0.07929503,0.07198359,0.064972065,0.052081265,0.031256128,0.016835364,0.14398794,0.12865266,0.11396398,0.08709784,0.045376517,0.020233091,0.019334048,0.01534536,0.011966497,0.00692012,0.001958106,0.000417647,0.023930022,0.01704336,0.01174221,0.005095154,0.000623475,3.27E-05,0.020568728,0.016473036,0.012983191,0.007692654,0.002107771,0.00035185,0.02652416,0.019349271,0.013638191,0.006203181,0.000830516,2.76E-05,0.02038339,0.016338967,0.012901564,0.007616593,0.001991645,0.00034767,0.025795389,0.018776026,0.013207324,0.005896904,0.000844267,4.29E-05,0.07059825,0.062568896,0.05490843,0.041016314,0.019899022,0.007765614,0.13296944,0.11675175,0.10108393,0.07221169,0.029715216,0.00866634,0.079563886,0.07246842,0.06559191,0.05253515,0.030032247,0.013879875,0.09610172,0.08902331,0.08210031,0.06887302,0.04528672,0.026469221,0.061621472,0.06215522,0.062743995,0.061305386,0.061050216,0.061627964,0.062616614,0.065120299,0.074257344,0.074839738,0.075407232,0.073853467,0.073482794,0.073892348,0.074600484,0.076297575,0.082239473,0.082766087,0.083741117,0.084617085,0.085763478,0.087270821,0.088337208,0.089583991,0.001674435,9.58E-05,0.008249196,0.001529209,0.00786636,0.001123853,0,0.10611342,0.02075799,0.016558485,0.012992469,0.007601004,0.002087317,0.000390149,0.027500035,0.019876305,0.013884577,0.006108296,0.000778275,6.20E-05,0.022402257,0.004878916,0.004691234,0.000157623,0.013130988,0.001394863,0.8522974,0.9137201,0.06407776,0.059766565,0.05566597,0.04810392,0.035519674,0.025685417,0.01811003,0.00848111,0,0.036286666
1,322,0,0.60853764,0,0.42848923,0,0.01061534,0,0.16690865,0,0.20116503,0,0.29215499,0,0.21187583,0,0.043883386,0,0.10491678,0,0.20920894,0,0.08308747,0,-0.006483155,0.070505735,0.08331594,0.0994966,0.092733786,0.08614976,0.07343751,0.050392386,0.03154873,0.1723086,0.15915723,0.14634977,0.1218867,0.07863395,0.044514775,0.09831528,0.09122492,0.08438339,0.07134769,0.04814898,0.029451182,0.064242244,0.056373294,0.04893469,0.03561994,0.016148005,0.005828552,0.12006386,0.1041449,0.0889354,0.06132577,0.022867545,0.006161326,0.020016184,0.015923746,0.012499356,0.007368341,0.00215544,0.000482518,0.026123462,0.019016853,0.013529981,0.006280862,0.000915335,0.000113721,0.0791893,0.07189052,0.06489231,0.052012004,0.031190481,0.01679702,0.14392874,0.12856959,0.11388706,0.08706384,0.045440033,0.020270707,0.019321805,0.015321457,0.011934908,0.006907827,0.001935738,0.000409057,0.023912156,0.017036097,0.011763471,0.00511284,0.000623518,3.25E-05,0.02060115,0.016516795,0.013033654,0.007735576,0.002107428,0.000352586,0.026558913,0.01936382,0.013641915,0.006226155,0.000826251,2.72E-05,0.020355385,0.016331904,0.012911938,0.00759873,0.001983816,0.000349537,0.025815692,0.018798217,0.013242155,0.005905434,0.000836464,4.18E-05,0.07056511,0.06254448,0.054900747,0.040989295,0.019841006,0.007748245,0.13293166,0.11670264,0.10104704,0.07216911,0.02968944,0.008629299,0.080165364,0.073086575,0.06622507,0.053191744,0.030685544,0.014429097,0.09478568,0.087672986,0.08071601,0.06742983,0.043806743,0.025085922,0.061731653,0.062265233,0.062855761,0.061295848,0.061078388,0.061685336,0.062667264,0.065217294,0.074256925,0.074838857,0.075408237,0.073732805,0.073401234,0.073841848,0.07454567,0.07629674,0.082238618,0.082766958,0.083744093,0.084623102,0.08577298,0.087285077,0.088354719,0.089605113,0.001627614,9.35E-05,0.008248075,0.00151304,0.007893471,0.001135045,0,0.012875884,0.020718964,0.016515885,0.012967577,0.00757935,0.002084849,0.000391593,0.02750479,0.019882243,0.013888756,0.006103131,0.000774274,6.25E-05,0.017200531,0.002577086,0.00502967,0.000183396,0.01204617,0.001102007,0.94978124,0.96216774,0.06381866,0.059528004,0.055445466,0.047930658,0.035395138,0.02556548,0.017993769,0.008372277,0,0.62267326
1,323,0,0.09609196,0,0.005228456,0,0.094632456,0,-0.13307562,0,0.007416567,0,-0.18761076,0,0.15457461,0,-0.013981232,0,-0.090854399,0,0.20354899,0,0.07908325,0,0.075032367,0.068738745,0.07931298,0.09734615,0.09063924,0.08409531,0.071481116,0.04873916,0.030249208,0.16760913,0.15451308,0.14176503,0.11748765,0.07480761,0.041580595,0.09414888,0.08707815,0.08025795,0.06728973,0.044387247,0.026192358,0.0612393,0.05348531,0.04620959,0.033277486,0.014725425,0.005177469,0.11397959,0.098197095,0.08318953,0.05628824,0.020119647,0.005140261,0.020088017,0.01598667,0.012557097,0.00741842,0.002164147,0.000479453,0.02631664,0.019144509,0.01360393,0.006323269,0.000921523,0.000116688,0.076368935,0.06914781,0.062261425,0.04964865,0.02940699,0.015614019,0.13800599,0.12275562,0.1083065,0.08199389,0.041881002,0.018198784,0.01939424,0.015379094,0.011980931,0.006935438,0.001944642,0.000411819,0.024092807,0.017164955,0.011849821,0.005148968,0.000628588,3.27E-05,0.020674411,0.016573217,0.013076759,0.007760039,0.002114832,0.000353534,0.026753727,0.019506121,0.013742669,0.006270131,0.000832727,2.73E-05,0.020432604,0.01639279,0.012958881,0.007626824,0.001990792,0.000350486,0.026006384,0.018936392,0.013337625,0.005947975,0.000843099,4.22E-05,0.06745635,0.059542257,0.052038707,0.038474128,0.018194336,0.006914446,0.12668997,0.11054304,0.09502158,0.066817075,0.026388008,0.007303717,0.08206381,0.07515467,0.068453066,0.0557213,0.03365148,0.017266003,0.09450237,0.087493934,0.08062668,0.06758657,0.04435815,0.02593719,0.061771299,0.062341544,0.062944416,0.061272832,0.061096513,0.061735966,0.062713221,0.065312006,0.070166822,0.070769379,0.071358259,0.069608411,0.069356103,0.069884501,0.070675684,0.072740168,0.07814116,0.078689734,0.07970724,0.080626803,0.081836112,0.083440643,0.084590939,0.08596332,0.001403502,8.02E-05,0.007574815,0.001357605,0.006963695,0.000974409,0,-0.18575526,0.020797895,0.016579121,0.013016419,0.007608237,0.002092363,0.000392806,0.027708247,0.020028481,0.013990312,0.006147798,0.000780146,6.29E-05,0.01631651,0.002356834,0.007056715,0.000474305,0.012921177,0.001415977,0.9863071,0.99199677,0.06407589,0.05976598,0.05566693,0.04811802,0.035532717,0.025668202,0.0180693,0.008411,0,0.15916002
1,324,0,-0.046270194,0,-0.37051224,0,0.18306469,0,0.067526286,0,-0.043423131,0,-0.045290514,0,-0.16743625,0,-0.090825287,0,0.22050597,0,-0.17451558,0,0.07941666,0,-0.19284423,0.06777255,0.079671346,0.10698964,0.10044583,0.09403376,0.08166813,0.058990933,0.03994365,0.17592515,0.16304806,0.15052916,0.12667568,0.08436672,0.0505931,0.10576621,0.099019006,0.09244513,0.07989352,0.057311635,0.03839691,0.062492423,0.05468179,0.04733961,0.03424472,0.015316045,0.005445804,0.11592377,0.10007377,0.08498526,0.057821035,0.020923749,0.005432593,0.020051077,0.016001236,0.012583565,0.007465252,0.002292744,0.00049795,0.026411865,0.019235715,0.013693357,0.006420494,0.000975371,0.000120154,0.0769113,0.069675565,0.0627484,0.05008707,0.029758448,0.015846426,0.13896665,0.12373023,0.10922428,0.08275998,0.04231166,0.01846205,0.019402454,0.015400399,0.012022292,0.006935387,0.00197412,0.000421822,0.024087174,0.017151011,0.011813628,0.005120128,0.000628807,3.34E-05,0.020612566,0.01650043,0.012999927,0.007691077,0.002116293,0.000356437,0.026677292,0.019464117,0.013727043,0.006230925,0.000837162,2.90E-05,0.020469952,0.016394261,0.012938493,0.007651148,0.002005644,0.000347133,0.025950806,0.018880004,0.013271813,0.005930125,0.000853964,4.49E-05,0.06794514,0.05999232,0.052468047,0.038864892,0.018513044,0.007077089,0.12764405,0.11148921,0.09593102,0.06762736,0.026887212,0.007538282,0.087891825,0.08109805,0.074493885,0.0619609,0.039771866,0.022619527,0.09650316,0.0895192,0.082690224,0.06969424,0.046449803,0.02783903,0.061911154,0.062479062,0.063065196,0.061264063,0.061131795,0.061806274,0.062775062,0.065429016,0.070751046,0.071353155,0.071924333,0.070039821,0.069827938,0.070385706,0.071158465,0.073250195,0.078728922,0.079276399,0.080291595,0.081208958,0.082414673,0.084012177,0.085155064,0.086514458,0.00149859,8.48E-05,0.007672073,0.001396,0.007077725,0.000969665,0,-0.010908108,0.020844871,0.016631769,0.01304913,0.007635717,0.002094808,0.000390988,0.027671015,0.019998048,0.013969436,0.006148992,0.000784866,6.19E-05,0.024771672,0.006308189,0.010935189,0.00130652,0.014408825,0.001856631,0.6898922,0.6886137,0.064434506,0.06009837,0.055973332,0.048367705,0.035711147,0.025840256,0.018239548,0.008582086,0,-0.066527909
1,325,0,0.3249138,0,-0.31775772,0,0.017714681,0,0.14007152,0,0.2810148,0,0.050789762,0,0.34408268,0,-0.093271685,0,0.33150685,0,0.29256449,0,0.07924928,0,0.075615666,0.067801904,0.07952302,0.10421836,0.097628064,0.0911787,0.07874299,0.056027994,0.037103962,0.17365019,0.16072372,0.14812025,0.12411555,0.08169644,0.04802485,0.11661989,0.11008895,0.10374131,0.09153675,0.069235355,0.05000857,0.06228485,0.05448401,0.047151905,0.03408407,0.015215449,0.005400186,0.11565918,0.09981996,0.08474444,0.057617646,0.020819481,0.005394126,0.019995427,0.01594901,0.012552025,0.00744295,0.002263694,0.000492608,0.02635772,0.019156385,0.01362385,0.006352929,0.000954861,0.000118661,0.07688038,0.06964746,0.062722,0.050058533,0.029743882,0.015833117,0.13894978,0.12370868,0.10919969,0.08274583,0.04233992,0.018467236,0.019396372,0.015396498,0.012010519,0.006940113,0.001966585,0.000420404,0.02408489,0.01715226,0.01181652,0.005124712,0.000627005,3.32E-05,0.020626841,0.016517647,0.013016373,0.007708726,0.002114815,0.000353609,0.026687596,0.019469844,0.013724866,0.006238209,0.000835986,2.82E-05,0.020453596,0.01639172,0.012941396,0.007643785,0.0020001,0.000348224,0.025956543,0.018890759,0.013284903,0.005932862,0.000850996,4.36E-05,0.06794244,0.059993662,0.052469008,0.038863197,0.018491037,0.007064621,0.12764674,0.11149213,0.09593716,0.067631885,0.026890641,0.007529602,0.08925202,0.08248768,0.07591716,0.06343004,0.04123084,0.023932228,0.09367775,0.08662972,0.079731375,0.06661931,0.04331338,0.024923222,0.062020052,0.062589564,0.062971778,0.061255255,0.061160308,0.061864029,0.062826053,0.065526406,0.070762295,0.071365636,0.071731452,0.069933188,0.069759771,0.070348354,0.071116497,0.073261196,0.078741485,0.079289774,0.080308159,0.081228193,0.082437288,0.084039305,0.085185254,0.086547952,0.001481997,8.40E-05,0.007669227,0.001393674,0.007083047,0.000978947,0,0.18132882,0.020829275,0.016616786,0.013037303,0.007627829,0.002094062,0.000391077,0.027672794,0.020000456,0.013970905,0.006147092,0.000783513,6.22E-05,0.022236936,0.004921332,0.011945922,0.001590653,0.012094032,0.001178181,0.73223144,0.6171184,0.06432314,0.060000468,0.05587791,0.048289783,0.035654154,0.025783986,0.018186297,0.008528661,0,0.04683555
1,326,0,-0.1824658,0,-0.6176585,0,-0.15757379,0,0.11303956,0,-0.095702265,0,0.35181741,0,0.096843709,0,-0.1369383,0,-0.26230709,0,-0.21635963,0,0.079321094,0,-0.1344196,0.066650388,0.079614915,0.10385075,0.0972502,0.090790294,0.0783362,0.0555973,0.03667602,0.17353687,0.16060148,0.14797862,0.12393547,0.08145901,0.047755167,0.1259255,0.11956145,0.11336214,0.1013895,0.07932203,0.059959147,0.062440116,0.05463322,0.047292683,0.034204688,0.015288178,0.005433114,0.11600591,0.10015926,0.085072465,0.05790502,0.020976402,0.005451367,0.019984892,0.015931344,0.012535533,0.007434578,0.002263019,0.000494981,0.026331458,0.01914658,0.013630333,0.006360413,0.000957843,0.000118355,0.07705845,0.0698181,0.06288637,0.050206624,0.029854495,0.015904889,0.13933124,0.12408163,0.10955872,0.08307437,0.042572055,0.01859981,0.019391116,0.015391571,0.012005132,0.006939604,0.001965062,0.000419545,0.024072286,0.017143706,0.01181035,0.005123475,0.000626611,3.30E-05,0.020624833,0.01651694,0.013016705,0.007710539,0.002114046,0.000353141,0.026676824,0.019461332,0.013717957,0.006237109,0.000835437,2.80E-05,0.020445796,0.016387139,0.012938479,0.007640377,0.00199859,0.000348371,0.025945188,0.018883675,0.013281339,0.005930539,0.000849927,4.33E-05,0.068142585,0.06018824,0.052653514,0.039024424,0.018591963,0.00711393,0.12805331,0.11189356,0.09632955,0.067979455,0.02710176,0.007611305,0.08505653,0.07819632,0.07153072,0.058866974,0.036680315,0.019849971,0.09706073,0.09008185,0.083258934,0.07026889,0.04701161,0.028341461,0.062134019,0.062702572,0.06288002,0.061247289,0.061189701,0.061922532,0.062877616,0.065623907,0.071030105,0.071633082,0.071792135,0.070076862,0.069939741,0.070555701,0.071313391,0.073494598,0.07901074,0.079558483,0.080577402,0.081497985,0.082707013,0.084307941,0.085451964,0.086810336,0.001493223,8.46E-05,0.007712037,0.001402927,0.007141163,0.000991137,0,0.13978512,0.020821286,0.0166097,0.013032027,0.007624402,0.002093316,0.000391061,0.027659828,0.019991236,0.013964531,0.006143747,0.000782901,6.23E-05,0.02184483,0.004711339,0.008851281,0.000794189,0.014801796,0.001978743,0.70822966,0.45293665,0.06428648,0.059964772,0.055846553,0.048261724,0.035634246,0.02576833,0.01817214,0.00851621,0,-0.53213061
1,327,0,0.29249837,0,0.24926,0,-0.007898918,0,0.16099288,0,-0.083297714,0,-0.25929043,0,0.59103336,0,0.21103819,0,0.1027827,0,0.080188151,0,0.07414775,0,0.21049849,0.064554796,0.07443726,0.10189357,0.09535201,0.08895357,0.07664035,0.054252278,0.03571619,0.16815254,0.15527305,0.14273605,0.11901919,0.077291176,0.04461329,0.12851992,0.12230308,0.11622132,0.10445056,0.082753144,0.06362515,0.058582917,0.050951578,0.04382479,0.031239608,0.013530802,0.004639966,0.10813561,0.09248938,0.077716544,0.051580016,0.017650988,0.004249212,0.020113021,0.016042916,0.012625165,0.007483629,0.002289375,0.000500377,0.026621765,0.019356359,0.013777539,0.006444483,0.000974802,0.000120751,0.07340584,0.066275045,0.059507996,0.047186777,0.027602915,0.014455086,0.13163695,0.11657707,0.10233641,0.076581575,0.038152378,0.016123652,0.019486424,0.015468847,0.012069473,0.006969964,0.001978098,0.000423413,0.024309268,0.017311258,0.011925857,0.005171023,0.000633438,3.36E-05,0.020717235,0.01658782,0.013070699,0.007738249,0.002124594,0.000356009,0.0269323,0.019648673,0.013852465,0.006292738,0.000843976,2.87E-05,0.020552663,0.016467934,0.013000162,0.007681222,0.002010766,0.00034941,0.02619636,0.019062845,0.013404034,0.005986656,0.000859714,4.42E-05,0.06411195,0.05630467,0.048985373,0.03582452,0.016540222,0.006121391,0.11991022,0.10387572,0.088539645,0.061154224,0.023053579,0.006038593,0.08489959,0.07816658,0.07164742,0.059273794,0.037549105,0.020987825,0.08834736,0.08128768,0.07440712,0.061398093,0.038528584,0.020945366,0.062153919,0.062769248,0.062757197,0.061221267,0.061205997,0.061971766,0.062922883,0.065718618,0.06568812,0.066317507,0.066297511,0.06472921,0.064682543,0.065402093,0.066274972,0.068846821,0.073658569,0.074231649,0.075304005,0.076277289,0.077563828,0.079287314,0.080540015,0.082066063,0.00122164,7.08E-05,0.006893917,0.001208547,0.006080931,0.000794633,0,0.009401169,0.020928647,0.016696675,0.013099528,0.007664315,0.002103462,0.000392639,0.027927836,0.020183787,0.014098419,0.00620338,0.000790775,6.27E-05,0.021261556,0.004609311,0.009918218,0.001126539,0.009297661,0.000649317,0.7376803,0.4756876,0.064650506,0.060305502,0.056162506,0.048534974,0.035833303,0.025917687,0.018283509,0.008583442,0,0.8539094
1,328,0,0.75058619,0,-0.86244927,0,0.30423565,0,0.10160998,0,0.35113432,0,0.37269148,0,0.32165376,0,0.002067151,0,0.028675187,0,0.17090475,0,0.07157771,0,0.074616781,0.060315876,0.07187508,0.099056296,0.09251329,0.08612035,0.07383003,0.05161172,0.033373084,0.16399674,0.15110703,0.13857217,0.11492798,0.073504135,0.041456394,0.15484239,0.14897329,0.14322534,0.13209836,0.11112932,0.09199532,0.05660209,0.04907903,0.042073574,0.029755767,0.012675501,0.004259738,0.10418422,0.08866671,0.07407604,0.048529085,0.016130101,0.003728454,0.020142216,0.01605781,0.012631076,0.00749375,0.00228011,0.000499967,0.026718816,0.01943211,0.01383606,0.00645831,0.000971686,0.000120591,0.07164219,0.06457288,0.057899598,0.045750126,0.026540156,0.013778823,0.1279412,0.11299699,0.098915346,0.0735487,0.036149327,0.01503581,0.019530365,0.015502013,0.012091531,0.006988581,0.001979053,0.00042258,0.024422249,0.01739214,0.011981058,0.005196714,0.000635456,3.35E-05,0.020771822,0.016634194,0.013108599,0.007764251,0.00212885,0.000355604,0.027063929,0.019743284,0.013916408,0.006326421,0.000847296,2.84E-05,0.02059336,0.016504811,0.013030916,0.007695113,0.002012864,0.000350697,0.026322471,0.019157425,0.013473037,0.006015954,0.000862223,4.40E-05,0.06219235,0.054477904,0.04725182,0.034330282,0.015592778,0.005664276,0.11600617,0.10004742,0.084853716,0.05799104,0.021270277,0.005374343,0.081191994,0.07445061,0.067924224,0.05557265,0.034160614,0.01819548,0.083314426,0.07617375,0.069261335,0.05621051,0.033629965,0.016794555,0.062220969,0.062859272,0.062650618,0.061204294,0.061228936,0.062026065,0.062971707,0.065814878,0.063131794,0.063773572,0.063562753,0.062108167,0.062124773,0.062910018,0.063835528,0.066621093,0.071097126,0.071683207,0.072782222,0.073782643,0.075108995,0.076895129,0.078203423,0.079816256,0.001092568,6.39E-05,0.006520392,0.001118911,0.005626944,0.000718087,0,0.5550804,0.020969845,0.016727893,0.013124263,0.007677853,0.002107539,0.00039356,0.028059289,0.020278791,0.014164599,0.00623087,0.000793743,6.31E-05,0.019330276,0.003780645,0.00797611,0.000710139,0.006456859,0.000252238,0.81436604,0.20065549,0.0647506,0.0603978,0.056248505,0.048608832,0.03588898,0.025951857,0.018301604,0.008577858,0,0.19632979
1,329,0,-0.29868275,0,0.18082835,0,-0.13078845,0,-0.084308197,0,-0.1645713,0,0.58935609,0,0.005520147,0,-0.1736626,0,0.003053441,0,-0.35186858,0,0.073379196,0,-0.18863078,0.060289591,0.07370314,0.10865334,0.10220498,0.09589767,0.083746664,0.06145562,0.04262931,0.17345434,0.1607887,0.14848897,0.1250782,0.08368827,0.050695326,0.16632752,0.16056418,0.15491734,0.14392184,0.12314227,0.10402641,0.058734827,0.051097814,0.04396114,0.031353787,0.013609144,0.00467387,0.10811943,0.09246131,0.07768343,0.051532496,0.017623497,0.004239091,0.020087305,0.01604695,0.012608285,0.007486788,0.002331808,0.000522346,0.026564235,0.019383775,0.013828028,0.006519575,0.001000912,0.000124032,0.07318871,0.0660628,0.05931462,0.047008038,0.027450785,0.014388917,0.13109408,0.11606912,0.10184786,0.07609378,0.037767734,0.015937796,0.019503271,0.015476697,0.012093936,0.006963523,0.001991736,0.000417634,0.024322731,0.017308697,0.011922185,0.005157055,0.000635386,3.65E-05,0.020691294,0.016554669,0.013048255,0.007703491,0.002128095,0.000361298,0.026933443,0.01965055,0.013866887,0.006284311,0.00084851,3.05E-05,0.020598184,0.016476564,0.013000401,0.007699429,0.002024225,0.00034648,0.026197689,0.019048436,0.013383295,0.005990404,0.000866561,4.77E-05,0.06380101,0.05600706,0.048694946,0.03558142,0.016436528,0.006079781,0.11927728,0.1032448,0.08793429,0.0606338,0.022755163,0.005959674,0.075584136,0.06866421,0.06197407,0.049313955,0.02787363,0.012804515,0.08673556,0.07964181,0.07273691,0.059690174,0.036869116,0.019480709,0.062364035,0.062988291,0.06256885,0.061203,0.061262775,0.062087996,0.063025689,0.065913886,0.065243296,0.06587885,0.065451853,0.064060053,0.064094476,0.064882214,0.065756142,0.068462234,0.073216925,0.073792904,0.074875845,0.075858931,0.077159267,0.078902321,0.080170516,0.081718292,0.001234632,7.15E-05,0.006853619,0.001195007,0.005981284,0.000757818,0,-0.14546966,0.020973688,0.016738057,0.013133494,0.007684462,0.002105192,0.00039394,0.02794347,0.020192027,0.014106626,0.006212379,0.000797172,6.19E-05,0.027438749,0.008124143,0.004358652,0.000168234,0.008253043,0.000485471,0.75035936,0.23153561,0.06492455,0.06056226,0.05640858,0.048737578,0.03597236,0.026062017,0.018433807,0.008704209,0,-0.36200451
1,330,0,0.55580749,0,5.5522159,0,0.3187716,0,-0.18732708,0,0.020715682,0,0.6613674,0,0.12478482,0,0.071150592,0,-0.096259195,0,0.093250327,0,0.07362631,0,-0.21098102,0.062081749,0.07397031,0.10112273,0.09456854,0.08815919,0.07582777,0.05343451,0.034940682,0.16752651,0.1546298,0.14207393,0.11831907,0.07655473,0.043923248,0.13326271,0.12710509,0.12107275,0.10940208,0.08783121,0.06864989,0.05852819,0.050899677,0.043776203,0.031198412,0.013505936,0.004628804,0.10807525,0.09243256,0.07766317,0.05153719,0.017629873,0.004242018,0.020083088,0.016018964,0.012609718,0.007476041,0.002277482,0.000494732,0.026592862,0.019322142,0.013745944,0.006410604,0.000964569,0.000119416,0.073401146,0.066270865,0.059505444,0.047182802,0.027601188,0.014452133,0.13164602,0.11658347,0.10234367,0.07659618,0.038167693,0.016130505,0.0194853,0.015466957,0.012065483,0.006971333,0.00197562,0.000422359,0.024308253,0.01731091,0.01192559,0.005171604,0.000632736,3.35E-05,0.020721046,0.016592793,0.013075349,0.007743237,0.002124289,0.000355201,0.026934853,0.019649893,0.013851588,0.006295287,0.000843573,2.84E-05,0.020547941,0.016466985,0.013000582,0.007678772,0.002009193,0.00034972,0.026197454,0.019065587,0.013407421,0.005987406,0.000858813,4.40E-05,0.064115085,0.056308817,0.04898914,0.035827097,0.016536439,0.006116905,0.11992512,0.10389144,0.088554665,0.061168227,0.023060525,0.006037797,0.0715987,0.06457065,0.05777772,0.044963527,0.02364209,0.009443341,0.088423796,0.08136627,0.07448701,0.061480615,0.03861028,0.021018956,0.062481706,0.063103574,0.062479101,0.061196495,0.061293397,0.062147338,0.063077987,0.066011997,0.065696224,0.066330703,0.065697172,0.064385888,0.064454635,0.065266777,0.066126233,0.068857061,0.073671861,0.074246657,0.075328389,0.076310251,0.077607595,0.079345295,0.080607606,0.082144589,0.001217688,7.06E-05,0.006892083,0.001208192,0.006086233,0.000797645,0,0.032641138,0.020924218,0.016692279,0.013096239,0.007661949,0.002103153,0.000392675,0.02792786,0.020184074,0.014098658,0.006202699,0.000790412,6.28E-05,0.02058201,0.0042781,0.002506899,4.22E-05,0.009351364,0.000658852,0.83942145,0.44227192,0.064619325,0.06027652,0.056134723,0.04851125,0.03581678,0.025901204,0.018268876,0.008567629,0,0.34998511
1,331,0,0.78203398,0,0.10944859,0,0.025649737,0,-0.015254828,0,0.59540857,0,-0.15756944,0,0.009282607,0,0.057204912,0,0.061878804,0,0.28655103,0,0.07617642,0,-0.17064984,0.063279107,0.07655181,0.09137217,0.084538504,0.07791327,0.06519193,0.04253541,0.02456931,0.16169924,0.14843148,0.13556275,0.1111663,0.06846522,0.035938293,0.12427273,0.11793091,0.11174804,0.09981134,0.0778425,0.058613542,0.059485454,0.05181352,0.044638325,0.031938236,0.01392816,0.004817175,0.11091402,0.09522085,0.080342114,0.053859387,0.018847749,0.004679418,0.020309577,0.016201971,0.012717059,0.007455273,0.00219745,0.000510941,0.026373344,0.019287728,0.01376315,0.006396466,0.000913225,9.98E-05,0.07520107,0.06804268,0.061191313,0.048698902,0.028696721,0.015171603,0.1357481,0.12052171,0.10618272,0.08014615,0.040623046,0.017502654,0.019416412,0.015380894,0.011993028,0.00692046,0.001926834,0.000403678,0.024137594,0.01719547,0.011896726,0.005172517,0.00062555,3.09E-05,0.020747203,0.01665395,0.013155101,0.007821603,0.002119378,0.000356378,0.026871495,0.019588346,0.013789021,0.006311495,0.000829427,2.79E-05,0.02044111,0.016408775,0.012983573,0.007636065,0.001996371,0.00035244,0.02610309,0.019009216,0.013414978,0.005977523,0.000842927,4.15E-05,0.066250674,0.058405343,0.05094612,0.037512414,0.017543344,0.006585369,0.12429915,0.10818323,0.09272852,0.06481309,0.025171166,0.00680793,0.07685695,0.069862045,0.06309638,0.050278403,0.028447138,0.013012604,0.09437506,0.087395206,0.08056973,0.06761685,0.044528767,0.026219431,0.062639719,0.063239809,0.062402828,0.061198232,0.061329641,0.062211016,0.063133086,0.066111653,0.068613549,0.069236743,0.068381696,0.06712421,0.067203323,0.068007138,0.068796715,0.07139752,0.076597936,0.077159398,0.078217074,0.079174238,0.08043456,0.082111906,0.083319193,0.084768393,0.001280878,7.48E-05,0.007318417,0.001298175,0.006662698,0.000925767,0,0.32855595,0.020784529,0.016561229,0.013009511,0.007602509,0.002092504,0.000394221,0.027788484,0.02009304,0.014034869,0.006158947,0.00077803,6.34E-05,0.011774084,0.001062785,0.004376282,0.000156386,0.01322045,0.001534333,0.9185988,0.42794213,0.06390575,0.059601236,0.055534463,0.048035745,0.03544609,0.025593305,0.017977241,0.008330703,0,1.7802218
1,332,0,-0.17048665,0,0.80436621,0,0.005422421,0,-0.14856253,0,-0.26830003,0,-0.22120052,0,0.20510848,0,-0.18045207,0,0.008460339,0,-0.23033344,0,0.07495813,0,-0.27772368,0.064817284,0.075346604,0.093958445,0.08724081,0.080699965,0.068091184,0.045547593,0.027428688,0.16296282,0.1498348,0.13706821,0.11285193,0.070470996,0.037983377,0.11411786,0.10760712,0.10128893,0.08913921,0.06700547,0.048000738,0.059077337,0.05142304,0.044270184,0.03162164,0.01374394,0.004734804,0.10976939,0.09409867,0.07926201,0.052923054,0.018352237,0.004501534,0.020189717,0.016075477,0.01260802,0.00742416,0.002163496,0.000488859,0.02647113,0.019295363,0.01373762,0.006373653,0.00091441,0.000111709,0.07450015,0.0673466,0.060534135,0.048107278,0.028255733,0.0148701,0.1341524,0.11899694,0.10470314,0.07878188,0.0396746,0.016954128,0.019433085,0.015404559,0.011999007,0.006941682,0.001941286,0.000408188,0.02419641,0.017238587,0.011908208,0.005177173,0.000629197,3.21E-05,0.020734893,0.016629959,0.013126029,0.007793014,0.002120734,0.00035533,0.026895795,0.01960703,0.013810618,0.00630765,0.00083466,2.76E-05,0.02047468,0.016429394,0.012992588,0.007643595,0.001996355,0.000352114,0.026140574,0.01903518,0.013414251,0.005980664,0.00084574,4.22E-05,0.06543169,0.05760025,0.05019103,0.036861956,0.01714575,0.006390342,0.1226261,0.10654366,0.091126345,0.06341394,0.02434638,0.006504162,0.08456653,0.07778047,0.071197964,0.058720373,0.036849976,0.02025033,0.09223275,0.08523179,0.07838175,0.06541521,0.042402048,0.024343979,0.062730519,0.063341877,0.062304059,0.06118705,0.06135654,0.062268162,0.063183961,0.066209132,0.067498083,0.068128178,0.06707501,0.065916156,0.066044154,0.06689405,0.067704104,0.07042813,0.075481706,0.076049122,0.07712097,0.078091213,0.079370741,0.081077528,0.082310137,0.083797494,0.001253081,7.30E-05,0.007151583,0.001263667,0.006430043,0.000882399,0,-0.11233359,0.020834459,0.016605433,0.013039395,0.007619596,0.002095846,0.000394045,0.027842576,0.020126592,0.014058965,0.006175327,0.000782327,6.33E-05,0.014120913,0.001698285,0.009295205,0.000945626,0.011796606,0.00115989,0.9191111,0.5465605,0.06414489,0.059832793,0.055732433,0.048186995,0.035581607,0.02569081,0.018073155,0.008395897,0,-0.48373897
1,333,0,1.31E-05,0,-0.42192696,0,-0.014618577,0,-0.40696526,0,0.26555659,0,0.12458761,0,0.2247511,0,-0.2324359,0,-0.024356966,0,-0.000651436,0,0.07850222,0,0.024398228,0.065207243,0.07892869,0.10260942,0.09597898,0.08949135,0.07698552,0.054198373,0.03531683,0.1728509,0.15988465,0.14721547,0.12307533,0.08047227,0.046730652,0.14021935,0.13407145,0.12804843,0.11636031,0.09467983,0.075218305,0.0626485,0.054834347,0.04748231,0.0343671,0.015385925,0.005477206,0.11653808,0.10068195,0.08557898,0.05835255,0.021222288,0.005541721,0.019962067,0.015903715,0.012523335,0.00743063,0.002236994,0.000477934,0.026294298,0.019124579,0.013599928,0.006333625,0.000937686,0.000111483,0.077353336,0.07009807,0.06316104,0.05045513,0.030034602,0.016021902,0.13998735,0.12472141,0.11017486,0.083642215,0.042982798,0.018833358,0.01937882,0.015379349,0.011989078,0.006936656,0.001959515,0.00041781,0.024046848,0.017126417,0.011801173,0.005122189,0.000627007,3.25E-05,0.020625614,0.016520193,0.013021581,0.007717986,0.002112288,0.000352327,0.026661983,0.019448074,0.013706765,0.006237644,0.000834186,2.74E-05,0.020429868,0.01637843,0.012934968,0.007632246,0.001994516,0.000348811,0.025927678,0.018873705,0.013278084,0.005927247,0.000847223,4.28E-05,0.068480335,0.060518727,0.05296694,0.03929575,0.018759057,0.007197112,0.12875646,0.11258681,0.09701073,0.06858082,0.027467268,0.007751052,0.08379394,0.07689148,0.070187405,0.05744266,0.03522959,0.018542415,0.09772587,0.09075039,0.08393165,0.07094175,0.047658652,0.028911393,0.06290679,0.0634872,0.062234111,0.061192512,0.06139583,0.062333851,0.063240621,0.066309637,0.071484003,0.072097822,0.070815417,0.069699128,0.069827917,0.070654892,0.071371095,0.073897845,0.079478711,0.080028088,0.081065816,0.082001866,0.083229671,0.084853501,0.086011159,0.087381019,0.001508057,8.54E-05,0.007785439,0.001417101,0.007242541,0.001013583,0,0.098136684,0.020803727,0.016593156,0.013020613,0.007616283,0.00209182,0.000391165,0.027637998,0.019975828,0.013953707,0.006137298,0.000781485,6.24E-05,0.02062338,0.004102759,0.0078907,0.00059955,0.015243408,0.002115964,0.92095065,0.39800707,0.06420181,0.059878305,0.055772852,0.048194233,0.035585783,0.025732707,0.018138057,0.008485458,0,-0.042749054
1,334,0,0.14385021,0,-0.24404229,0,0.1715541,0,0.032886299,0,0.039792067,0,0.097205558,0,0.20452647,0,-0.004781649,0,-0.26108497,0,-0.0027062,0,0.08143678,0,0.059003972,0.068398822,0.081899755,0.09965878,0.092884056,0.08629063,0.073561795,0.050472256,0.0315886,0.17287649,0.15971161,0.14689231,0.12239882,0.0790608,0.04481788,0.14279571,0.13664328,0.13060813,0.11888261,0.09711106,0.07751025,0.06464428,0.056761738,0.04930147,0.03593798,0.016343644,0.005920428,0.12091792,0.10498352,0.08974711,0.062048852,0.0232692,0.006316118,0.020000964,0.015910259,0.012487823,0.007355137,0.00214968,0.000484993,0.026082331,0.018982079,0.013503427,0.006279537,0.000913719,0.000115388,0.07957965,0.07226848,0.06525549,0.052341104,0.031439647,0.016965017,0.14477868,0.12940468,0.11469278,0.08780017,0.04596404,0.02058035,0.019311406,0.015312744,0.011927757,0.006903448,0.001934077,0.00040842,0.023885734,0.017017672,0.011751635,0.005108312,0.000622701,3.24E-05,0.020591874,0.016510397,0.013029176,0.007733353,0.002106502,0.000352551,0.026532108,0.019344134,0.013627697,0.006220504,0.000825181,2.72E-05,0.020344187,0.01632329,0.012905721,0.007594722,0.001982926,0.000349477,0.02578917,0.018779078,0.013229502,0.005899669,0.000835398,4.18E-05,0.07099673,0.06296041,0.055299234,0.041342378,0.02007293,0.007867281,0.1338252,0.11758685,0.10191153,0.07294667,0.03018107,0.008833966,0.08383043,0.07683508,0.07003807,0.057108216,0.03454875,0.017698886,0.1024259,0.095479675,0.08868331,0.075690046,0.052249238,0.032991454,0.063070855,0.063627138,0.062160305,0.061195832,0.061433592,0.062398609,0.063296495,0.066409854,0.074821312,0.07542303,0.073913626,0.072847523,0.072983354,0.073796361,0.07443272,0.076802746,0.082826812,0.083360891,0.084370877,0.085278998,0.086464829,0.088021387,0.089118977,0.090395995,0.001659645,9.56E-05,0.008343454,0.001534827,0.008037142,0.00116051,0,0.035725971,0.020707086,0.016506158,0.012960223,0.007574804,0.002083713,0.000391445,0.027475908,0.019861605,0.013874446,0.006096682,0.000773318,6.25E-05,0.017204134,0.002563139,0.007158328,0.0004444,0.01846948,0.003248761,0.96734744,0.27338016,0.06377619,0.05948933,0.055409253,0.047900878,0.035373386,0.025548015,0.017980257,0.0083641,0,-0.049455333
1,335,0,0.44964055,0,-0.40285233,0,0.2760269,0,0.013901327,0,0.37396728,0,0.11591393,0,0.47669399,0,0.0347297,0,0.10975995,0,-0.064088913,0,0.083208986,0,-0.042357196,0.07210374,0.08370291,0.09670648,0.08975722,0.083020225,0.07011405,0.046775483,0.027962193,0.17206223,0.15870614,0.1457183,0.12098318,0.07707953,0.042496745,0.14169905,0.13550524,0.12942521,0.11762797,0.0956992,0.07601157,0.06566387,0.057748206,0.050236695,0.036752164,0.016845468,0.006160987,0.12337517,0.10740814,0.092111036,0.06418154,0.024480067,0.006792804,0.020163057,0.01608139,0.012617673,0.007394133,0.002175455,0.000505407,0.02598126,0.018990723,0.013549255,0.00628958,0.000898396,9.81E-05,0.080965236,0.07359985,0.06656625,0.05351889,0.032315724,0.017587237,0.14781979,0.13236158,0.11754588,0.09045691,0.04791668,0.021755628,0.019273786,0.015267896,0.011906128,0.006870049,0.001912653,0.000401067,0.023778534,0.016939946,0.01172074,0.005096612,0.000616335,3.06E-05,0.020594189,0.01653175,0.013059185,0.007765173,0.002104082,0.000353878,0.026469946,0.01929646,0.013583731,0.006218386,0.000817203,2.75E-05,0.02028833,0.01628667,0.012887349,0.007579787,0.001981862,0.00034994,0.025711995,0.018724918,0.013215424,0.005888929,0.000830491,4.09E-05,0.07258629,0.06448692,0.056779936,0.042648457,0.020903472,0.008314057,0.1369925,0.12072574,0.10498171,0.07573806,0.031966742,0.009600577,0.085036725,0.078014255,0.071185276,0.058184158,0.035410278,0.01828516,0.09995927,0.09290796,0.086013936,0.07279098,0.049082752,0.02981763,0.063215295,0.063756187,0.062079699,0.061195682,0.061468408,0.062461406,0.063351231,0.066509467,0.076915267,0.077509166,0.075780291,0.074778754,0.07493306,0.075748997,0.076333567,0.07862503,0.084927311,0.085452529,0.086446933,0.087338346,0.088499502,0.090016339,0.091078341,0.092300616,0.001747207,0.000102196,0.008699519,0.001608158,0.008589142,0.001253856,0,0.14034817,0.020631218,0.01643952,0.012914453,0.007547683,0.002077833,0.000391619,0.027375327,0.019795837,0.01382809,0.006069215,0.000766938,6.25E-05,0.014066737,0.001497698,0.007472934,0.000471618,0.015696544,0.002136429,0.99317133,0.051010985,0.06342759,0.05915586,0.055119824,0.047678538,0.035182867,0.025404295,0.017844409,0.00826923,0,-0.21984729
1,336,0,-0.1146932,0,-0.011275118,0,0.078219231,0,-0.016952749,0,-0.028727838,0,0.11562666,0,0.13176941,0,-0.081291822,0,-0.000297475,0,0.007216405,0,0.083009794,0,-0.098750369,0.072488769,0.08352252,0.10139652,0.09461249,0.08800737,0.07525344,0.052027527,0.032924633,0.17577918,0.16260673,0.14978321,0.125227,0.08166377,0.046956185,0.14404686,0.13788886,0.1318396,0.12009126,0.09824707,0.07856187,0.06625087,0.05831471,0.05077009,0.03721741,0.017136749,0.00630011,0.12409911,0.10811052,0.09278008,0.06476421,0.024797587,0.006916086,0.019963535,0.015887517,0.012463659,0.007347331,0.002144932,0.000482096,0.02599971,0.018926006,0.013452133,0.006236462,0.000910754,0.000113896,0.08103759,0.07367918,0.06661243,0.05357006,0.032380436,0.017596444,0.14779335,0.13237707,0.11756535,0.090429515,0.047832992,0.02168489,0.019276913,0.015286105,0.011908019,0.006892947,0.001932063,0.000408654,0.023798395,0.016955322,0.011706808,0.005087799,0.000620794,3.24E-05,0.020551324,0.01647595,0.01300092,0.007715828,0.002102551,0.000351652,0.026429724,0.01927013,0.013576411,0.006195596,0.000822626,2.70E-05,0.020308208,0.01629366,0.012881294,0.007581097,0.001979175,0.000348626,0.025690313,0.018706977,0.013177238,0.005876733,0.000832761,4.17E-05,0.07258985,0.064498864,0.056772444,0.04265395,0.02095202,0.008319397,0.13699253,0.1207286,0.10499085,0.07573474,0.031974666,0.009606662,0.084542505,0.07750772,0.0706669,0.057650004,0.034871217,0.017815368,0.1011237,0.09410016,0.087234385,0.074061565,0.050400257,0.03106885,0.063326484,0.063869097,0.061988071,0.061188585,0.061498957,0.062521034,0.063403956,0.066608091,0.07689444,0.077489206,0.075553841,0.074639079,0.074832683,0.07567978,0.076260325,0.078606677,0.084907213,0.085432845,0.086430695,0.087325355,0.088490131,0.090011988,0.091077414,0.092303643,0.001796312,0.000104622,0.008703003,0.001620905,0.008554081,0.001249977,0,-0.26242947,0.020672292,0.016479164,0.012938617,0.007562938,0.002080352,0.000390728,0.027373334,0.019787505,0.013822746,0.006074738,0.000770959,6.22E-05,0.018239448,0.002906143,0.007146883,0.000422339,0.016733965,0.002509089,0.7177187,0.6315367,0.06367971,0.059397716,0.05532432,0.047824483,0.03531697,0.025511151,0.017957455,0.008357374,0,0.59047323
1,337,0,-0.12504657,0,-0.76645631,0,-0.091443334,0,-0.16644648,0,-0.14531763,0,-0.087197358,0,0.19825078,0,0.057623476,0,-0.041598868,0,-0.23257537,0,0.08138592,0,-0.088679785,0.073255358,0.0819081,0.1066402,0.10000818,0.09351472,0.08098205,0.057986893,0.038699906,0.17854951,0.16559383,0.15294234,0.12873608,0.08578255,0.051272493,0.16918615,0.16334292,0.15760787,0.1464759,0.12542458,0.10601138,0.06568098,0.057763133,0.05024643,0.03676005,0.01685765,0.0061668,0.12212071,0.10615639,0.09086898,0.06303406,0.023803465,0.006522789,0.019911904,0.015875824,0.012490642,0.007409009,0.002253427,0.000492393,0.02612909,0.019001458,0.013532054,0.006317116,0.000949603,0.000118024,0.08005992,0.072726294,0.06568783,0.052728537,0.03174371,0.017161606,0.14519976,0.1298466,0.1151252,0.08815806,0.04611434,0.020669699,0.01931659,0.015332776,0.01195975,0.006913187,0.001957822,0.000418099,0.023893038,0.017016277,0.011722796,0.005085471,0.00062204,3.28E-05,0.020544635,0.016452719,0.012966069,0.007680467,0.002106134,0.000351898,0.02647737,0.01931629,0.013616103,0.006190681,0.000829395,2.78E-05,0.02036708,0.016323904,0.012888527,0.007611347,0.001991226,0.00034705,0.025751079,0.018742505,0.013182052,0.005886543,0.000843826,4.31E-05,0.071431346,0.06337338,0.055674225,0.041698482,0.020357938,0.007997729,0.13424325,0.11801345,0.10232413,0.0733313,0.03042526,0.008964339,0.086621135,0.07969005,0.072934896,0.060082886,0.03749022,0.020245332,0.09793642,0.09087349,0.08397032,0.07075433,0.047122773,0.028099902,0.06341026,0.063689037,0.061888191,0.061176699,0.061525654,0.062578187,0.063454988,0.066705786,0.075340354,0.075662204,0.073814455,0.073002664,0.073249412,0.074148581,0.074759644,0.077257166,0.083351298,0.083886041,0.084901581,0.085813092,0.087002398,0.088561659,0.08965882,0.090931403,0.001747218,0.000100709,0.008433736,0.001573996,0.008064854,0.001157187,0,-0.19386813,0.020742163,0.016546996,0.012983008,0.007596147,0.002085747,0.000389688,0.027454622,0.019843483,0.013861706,0.006099139,0.000777414,6.18E-05,0.02342635,0.005377202,0.008950667,0.000758625,0.014378941,0.001744563,0.68186456,0.4681793,0.064042814,0.059738107,0.055635113,0.048079733,0.03550033,0.025672166,0.01810528,0.008486356,0,-0.16408449
1,338,0,-0.54180994,0,11.492592,0,-0.24095523,0,-0.10663642,0,-0.30108871,0,-0.094306114,0,-0.11672224,0,-0.20323815,0,-0.25757192,0,-0.21192269,0,0.08041395,0,-0.097286517,0.071217123,0.080954015,0.13000213,0.12371214,0.1175507,0.1055784,0.08319681,0.06331177,0.19725114,0.18489699,0.1728702,0.14980657,0.10818168,0.073297516,0.12010146,0.11356521,0.10719456,0.09494904,0.07248344,0.05300298,0.066493034,0.058540564,0.05099301,0.03740731,0.017299904,0.006389055,0.12227205,0.10627247,0.09095321,0.0630643,0.023779735,0.006511495,0.019968977,0.015925158,0.012522662,0.007417689,0.002287448,0.000525602,0.02623733,0.019171927,0.013674893,0.006439369,0.001039751,0.000123079,0.079713635,0.0723859,0.06537629,0.05247099,0.031484447,0.017085394,0.14366837,0.12839961,0.11377816,0.086878136,0.045011424,0.020042393,0.019352239,0.01536265,0.012002584,0.006924937,0.002000586,0.000392161,0.023927465,0.01700485,0.011688654,0.005023874,0.000620747,4.02E-05,0.02048725,0.016389588,0.012926673,0.007602831,0.00212638,0.000367224,0.02649015,0.019321859,0.013655035,0.006181875,0.000845284,3.40E-05,0.020492196,0.016388917,0.012936583,0.007670847,0.002043808,0.000339705,0.025745077,0.018709201,0.013123794,0.00592935,0.000863236,5.66E-05,0.07088701,0.062844984,0.055157784,0.041250184,0.020184686,0.007924943,0.13254859,0.11632261,0.10064588,0.07189465,0.029489687,0.008660263,0.09196712,0.08517742,0.07856452,0.06597472,0.043477256,0.025699422,0.10608926,0.0992156,0.092499,0.07966445,0.056345724,0.036942925,0.0635314,0.063448313,0.061774633,0.061166353,0.061560678,0.062648883,0.063517705,0.066823978,0.074527307,0.074480168,0.072764563,0.072064909,0.072365569,0.073312853,0.07393679,0.076549598,0.08253569,0.083076269,0.084103281,0.085025537,0.086230084,0.087812157,0.088928226,0.090227864,0.001831388,0.000104587,0.008387995,0.001559587,0.00773081,0.001010612,0,-0.13538434,0.020874066,0.01666459,0.013083727,0.007656081,0.00208438,0.000394832,0.027491063,0.01986482,0.013885195,0.006127502,0.00080031,5.91E-05,0.046432324,0.021470958,0.013171315,0.001882439,0.021901801,0.004824195,0.50116265,0.8113273,0.06479358,0.060467612,0.056344066,0.048717406,0.035929758,0.02607873,0.01857445,0.008807925,0,-0.55460573
1,339,0,0.58127461,0,-0.086448304,0,0.094690801,0,-0.21229821,0,0.62476112,0,0.38630129,0,0.25910076,0,0.066417703,0,0.24554268,0,0.34130953,0,0.077276096,0,0.27025933,0.06942285,0.07781596,0.1093239,0.1028042,0.09641161,0.084081665,0.06140751,0.04222729,0.17711833,0.16429862,0.15185376,0.12810951,0.08592315,0.052149214,0.10936704,0.10268164,0.09616058,0.0837205,0.06118258,0.042103104,0.06307911,0.055244893,0.047871012,0.034702938,0.015596227,0.005573621,0.11560193,0.09975817,0.08467949,0.057551906,0.020775735,0.005378709,0.019991098,0.015964353,0.01253977,0.007435497,0.002302936,0.000508765,0.026338765,0.019180793,0.013658284,0.00640148,0.000975026,0.000119119,0.07735437,0.07010047,0.063158415,0.05045928,0.030024702,0.01602841,0.13849992,0.12327579,0.10879472,0.08236046,0.042018127,0.018297989,0.019392945,0.015391611,0.012021322,0.006927624,0.001975115,0.000419025,0.024095856,0.01715175,0.011812961,0.005116095,0.000629762,3.41E-05,0.020591302,0.01648047,0.012983882,0.007675895,0.002115957,0.000357747,0.026684474,0.019469906,0.013734533,0.006229686,0.000838456,2.96E-05,0.020468835,0.016386326,0.01292897,0.007650721,0.002007543,0.000346038,0.025958464,0.018881239,0.013269264,0.005932442,0.000856071,4.59E-05,0.068406515,0.06043529,0.05288674,0.039237335,0.01876715,0.007204066,0.12713906,0.11099102,0.09544588,0.0671994,0.026628606,0.007442486,0.08411323,0.07722277,0.07052893,0.057805844,0.03560116,0.018878203,0.09741873,0.09043993,0.08361753,0.07062302,0.04734514,0.028628048,0.06359107,0.063226337,0.06166655,0.061149122,0.061583849,0.062703729,0.063567321,0.066921245,0.071349555,0.071007967,0.069419459,0.068838345,0.069207355,0.070228182,0.070919216,0.073784796,0.07934895,0.079907023,0.080966321,0.081920903,0.083172593,0.084828037,0.086007805,0.087403374,0.001543163,8.74E-05,0.007773949,0.001418317,0.007003038,0.0009506,0,0.16822198,0.020843932,0.016632635,0.013050539,0.00763643,0.002093912,0.000391157,0.02768293,0.020005561,0.013975403,0.006153253,0.000786738,6.17E-05,0.026807424,0.007472223,0.008134837,0.000647045,0.015018676,0.002043365,0.5716517,0.8372645,0.06447141,0.06013466,0.056007832,0.048393,0.035726942,0.025866887,0.018271321,0.008611118,0,0.30539549
1,340,0,-0.40413402,0,0.30081545,0,-0.2360137,0,-0.25715835,0,-0.3338008,0,-0.24421237,0,0.14902121,0,-0.13794248,0,-0.074695988,0,-0.043971792,0,0.07666525,0,0.085925349,0.067247389,0.07722066,0.1173605,0.11094567,0.10466073,0.0925241,0.07006619,0.05059909,0.18318148,0.1706167,0.1584114,0.13503526,0.09333049,0.05936203,0.11093427,0.10429418,0.09781551,0.085450925,0.06299121,0.04389154,0.06324126,0.05539976,0.048019428,0.034832206,0.015684308,0.005615365,0.11513149,0.09928449,0.08421236,0.057130232,0.020534486,0.005292071,0.020058762,0.016013848,0.01258235,0.007480555,0.002322936,0.000526208,0.026398076,0.01928639,0.013766536,0.006482262,0.00100522,0.000118794,0.077115424,0.06987904,0.06294364,0.05027506,0.029849628,0.01596795,0.1374689,0.12228581,0.10785588,0.08147838,0.04134646,0.0179193,0.019411061,0.015400811,0.012042948,0.006935464,0.00198789,0.000410634,0.02411954,0.017158125,0.011807675,0.005096049,0.000628011,3.90E-05,0.020566445,0.01645277,0.012978157,0.007643083,0.002122574,0.000362972,0.02670802,0.0194833,0.013756644,0.006229717,0.000846421,3.16E-05,0.02051554,0.016398104,0.012948756,0.007671365,0.00202466,0.000342287,0.02596835,0.018878156,0.013259801,0.005953586,0.00086217,4.99E-05,0.068079054,0.060121145,0.052576497,0.03898161,0.01865438,0.007151643,0.12599312,0.10986424,0.09434237,0.06624422,0.026032941,0.007238884,0.09144494,0.084734865,0.07821242,0.06578337,0.043569468,0.026051896,0.0960198,0.08902395,0.08217922,0.069156334,0.045889944,0.027306145,0.063694444,0.063027273,0.061573005,0.06114129,0.061613612,0.062763184,0.063619947,0.067020036,0.070883636,0.070236001,0.068755802,0.068265623,0.068677358,0.069735348,0.070432208,0.073380174,0.078882335,0.079444485,0.080511545,0.08147318,0.082734886,0.084405082,0.08559707,0.087010019,0.001559266,8.83E-05,0.007740327,0.001402023,0.006820151,0.00089024,0,-0.17000915,0.020894168,0.016677527,0.013088187,0.007658629,0.002094694,0.000393677,0.02771283,0.020025063,0.013992874,0.006166088,0.000796975,6.08E-05,0.03455105,0.012668083,0.013613663,0.002103647,0.013974085,0.001716007,0.44067,0.8555382,0.06475305,0.060396086,0.056263734,0.048635375,0.03587793,0.026019474,0.018443018,0.008724463,0,-0.35464598
1,341,0,1.5764776,0,0.26120925,0,0.76682438,0,0.55376847,0,0.6637951,0,-0.26598361,0,0.70030679,0,0.33624086,0,0.48313694,0,0.47854845,0,0.08050804,0,-0.18995111,0.069375255,0.08110788,0.10401522,0.097336486,0.090802,0.07819557,0.05515987,0.03600384,0.17470944,0.16169989,0.1490047,0.12472081,0.081805736,0.047654465,0.1064266,0.099557005,0.092897564,0.080121666,0.05718354,0.03800016,0.06535184,0.057444658,0.0499454,0.03649812,0.016692314,0.006086154,0.11965531,0.10373833,0.08853544,0.060961224,0.022655396,0.006079163,0.019928755,0.015869046,0.012489616,0.007394891,0.002203612,0.000481702,0.02618735,0.019049607,0.013525106,0.006296679,0.000931314,0.00010916,0.07992247,0.07259233,0.06556341,0.052617457,0.031659625,0.01710544,0.14307594,0.1277574,0.11309664,0.086314894,0.0448606,0.01992429,0.019310134,0.015323071,0.011943507,0.006913617,0.001950448,0.000415495,0.023947535,0.017057594,0.011757206,0.005104106,0.000624448,3.22E-05,0.020562524,0.01647155,0.012985176,0.007699312,0.002105037,0.000351298,0.026560673,0.01937259,0.013652893,0.006216841,0.000830398,2.71E-05,0.020357229,0.016322326,0.012893913,0.007602836,0.001985968,0.000348096,0.025826942,0.018801903,0.013230749,0.00590497,0.000842601,4.22E-05,0.07131053,0.06326207,0.055573132,0.041600615,0.020277323,0.007960103,0.13202709,0.11581717,0.10017423,0.071393535,0.029204547,0.008448686,0.10063029,0.09402955,0.08756207,0.07519701,0.052740093,0.0343401,0.09484387,0.08770574,0.080726095,0.0673812,0.04366503,0.024869654,0.063875348,0.062867821,0.061506019,0.061149225,0.061654861,0.062830748,0.063678011,0.067121478,0.075202128,0.074221561,0.072819951,0.07237174,0.072782103,0.073813746,0.074408513,0.077138955,0.08321267,0.083756931,0.084787218,0.085711677,0.086917787,0.088498999,0.089611685,0.090902297,0.001718688,9.90E-05,0.008410272,0.001564611,0.007729372,0.001102261,0,0.38538887,0.020729063,0.016532226,0.012974214,0.007588361,0.00208488,0.000390181,0.02752919,0.01989781,0.01389917,0.006112482,0.000777982,6.22E-05,0.021034457,0.004170603,0.020263866,0.004719285,0.011830557,0.001031396,0.66047096,0.8859266,0.0639507,0.059642356,0.05555305,0.04800524,0.035448134,0.025631724,0.018062202,0.008440471,0,0.45220167
1,342,0,0.23050957,0,0.56595631,0,0.24012809,0,0.44596548,0,0.097818842,0,-0.67244821,0,0.12757844,0,0.2396419,0,0.047603189,0,0.19789102,0,0.078424595,0,0.020384462,0.071208264,0.079029985,0.10380308,0.09716301,0.09066334,0.078128606,0.055240266,0.036205616,0.17270365,0.1597429,0.14707923,0.12295774,0.0803909,0.046689127,0.10074961,0.09377863,0.08704555,0.07415696,0.051194046,0.032397497,0.06391112,0.056050085,0.04862969,0.035355754,0.015990928,0.005755397,0.11623705,0.10038862,0.08529674,0.05810649,0.021089558,0.005493041,0.01993563,0.015882874,0.012507121,0.007422234,0.002237472,0.000479706,0.026310306,0.019131962,0.013610789,0.006341906,0.000938982,0.000111368,0.078514814,0.071223825,0.0642444,0.05142677,0.030763147,0.01650537,0.1396815,0.12442245,0.10988861,0.08338315,0.042802826,0.018730035,0.019350687,0.015357275,0.011972397,0.006926619,0.001957184,0.000417299,0.024054242,0.017131584,0.011804453,0.005123341,0.00062716,3.26E-05,0.020593794,0.016494468,0.013001167,0.007705484,0.002109296,0.000351834,0.026668798,0.019453302,0.013710586,0.00623885,0.000834495,2.75E-05,0.020399805,0.016354136,0.012915365,0.007621436,0.001991902,0.000348267,0.025934728,0.018878583,0.013281098,0.005928755,0.000847654,4.28E-05,0.06975058,0.061749868,0.05413241,0.040325157,0.0194374,0.007533992,0.12843405,0.11226975,0.09670166,0.068308815,0.027302388,0.007686438,0.11841088,0.11212217,0.10597032,0.09408367,0.07225475,0.053156234,0.09334188,0.08621748,0.07925211,0.065970846,0.04242205,0.02389418,0.063955908,0.062656654,0.061404609,0.061137104,0.061681705,0.062888038,0.063729347,0.067219726,0.073155474,0.07187577,0.070592271,0.070251396,0.070719005,0.071808555,0.072444959,0.075357103,0.081159234,0.08171478,0.082767693,0.083713661,0.084951017,0.086580816,0.087735269,0.089087964,0.001603677,9.13E-05,0.008062622,0.001483265,0.007198031,0.001005141,0,-0.1272983,0.020773761,0.016569616,0.013002042,0.007605728,0.002088912,0.000390617,0.027645603,0.019981233,0.013957479,0.006139076,0.00078176,6.24E-05,0.02131954,0.004377513,0.037387818,0.015353864,0.011178867,0.000917093,0.6967081,0.91403186,0.06411151,0.05979478,0.055694927,0.048127014,0.035536617,0.02569732,0.018114043,0.008475703,0,-0.10425242
1,343,0,0.32762575,0,0.4134405,0,0.46889212,0,-0.14854563,0,0.064342726,0,0.13373835,0,-0.010726324,0,0.31740459,0,0.26818933,0,0.054457491,0,0.08169823,0,-0.17252227,0.073573453,0.082345866,0.10243902,0.0956865,0.0890996,0.07638038,0.053179648,0.0340182,0.17386007,0.16074623,0.14798757,0.12355073,0.08033633,0.046068236,0.10053545,0.09342561,0.086554565,0.07346586,0.050077893,0.031097531,0.06634628,0.058406886,0.050857227,0.03729321,0.017185148,0.00632364,0.12088843,0.10495292,0.08971474,0.06201709,0.0232481,0.006307677,0.019961767,0.015890865,0.012488634,0.007386241,0.002157902,0.00047838,0.026101759,0.018994493,0.013489874,0.006268618,0.000911718,0.000116309,0.0810382,0.07367979,0.06661092,0.05356876,0.032383386,0.017593646,0.1445582,0.12920138,0.11449168,0.08760751,0.04581149,0.020486785,0.019279782,0.015290337,0.011913024,0.006898978,0.00193628,0.000411581,0.023896119,0.017025372,0.011748411,0.005103969,0.000623428,3.23E-05,0.020546036,0.016466862,0.012990397,0.007707948,0.00210202,0.00035106,0.026527293,0.019342672,0.013629095,0.006215296,0.000826793,2.70E-05,0.020313686,0.01629547,0.012879931,0.007582197,0.001979068,0.000348317,0.025787797,0.018776752,0.013222208,0.005897778,0.000837196,4.20E-05,0.07257486,0.064485885,0.05675469,0.04264154,0.020953726,0.008315632,0.1335985,0.11736567,0.10169501,0.07275273,0.030060394,0.008788941,0.12101408,0.11470776,0.10853335,0.09659078,0.07461507,0.055278625,0.09894514,0.09186769,0.08495238,0.071688235,0.047945537,0.028747732,0.064127586,0.062492539,0.061334008,0.061143153,0.061721747,0.062954771,0.063787002,0.067321159,0.076867216,0.075255283,0.074054393,0.073762682,0.074234892,0.075306245,0.075854188,0.078586972,0.084881088,0.085421061,0.086443222,0.087357853,0.08854823,0.090103114,0.09119102,0.092441853,0.001804834,0.000104993,0.008697551,0.001625325,0.007988397,0.001150612,0,-0.13903289,0.020680824,0.016487809,0.012943873,0.007567428,0.002081026,0.000390507,0.027480064,0.019863864,0.013875328,0.006099059,0.000774734,6.24E-05,0.019193277,0.003298806,0.039226018,0.016488357,0.014822271,0.001848447,0.7765285,0.9548181,0.063734,0.05944472,0.05536784,0.047854196,0.03533844,0.025537873,0.017982574,0.00837747,0,0.39617185
1,344,0,-0.6946295,0,-0.17913266,0,-0.20714448,0,-0.3545722,0,-0.50927002,0,3.2288737,0,-0.28678367,0,-0.35907098,0,-0.28639994,0,-0.29153102,0,0.08440549,0,-0.27952766,0.076234958,0.08509353,0.12513009,0.11870595,0.11238968,0.10016663,0.07740424,0.05727104,0.1944114,0.18184869,0.16960976,0.14613274,0.10368413,0.06849745,0.10701986,0.10001522,0.09322975,0.080230705,0.05685318,0.03736888,0.070238434,0.06217756,0.05445282,0.04044043,0.019230304,0.007335375,0.12712488,0.11105993,0.09561147,0.06726592,0.026214642,0.007466238,0.019938853,0.01590961,0.012508227,0.007452608,0.002318569,0.000526717,0.026067868,0.019063102,0.013619603,0.006424942,0.000998023,0.000113944,0.08348808,0.07604148,0.068908386,0.055648245,0.033927247,0.018679773,0.14879401,0.1334315,0.11865111,0.091355085,0.048250724,0.021948216,0.019258257,0.015283523,0.011951197,0.006886284,0.00197669,0.000404413,0.023777848,0.016913211,0.011634521,0.005018523,0.000620089,3.98E-05,0.020394549,0.01631543,0.012871096,0.007575885,0.002108649,0.000361657,0.02632879,0.019205816,0.013564301,0.006142582,0.000836298,3.19E-05,0.020357655,0.01627344,0.012852946,0.007614998,0.002014441,0.000339572,0.02559519,0.018606488,0.013066445,0.005874333,0.000851358,5.06E-05,0.07506543,0.06688217,0.059042133,0.04468922,0.022466714,0.00909844,0.13797905,0.12169691,0.10593136,0.076677054,0.032547407,0.009939374,0.10162574,0.09495172,0.0884245,0.07587424,0.053091176,0.03434075,0.11050464,0.1036213,0.096875146,0.08391688,0.06031579,0.040404465,0.064291221,0.062323786,0.061261739,0.061147761,0.061760635,0.06302091,0.063844311,0.067422342,0.079976412,0.078032392,0.076919628,0.076682485,0.077164699,0.078226078,0.078698908,0.081289775,0.087997053,0.088525474,0.089521654,0.090410554,0.091562805,0.093057014,0.094091429,0.095261637,0.002186169,0.000126976,0.009322323,0.001792516,0.008617374,0.001200836,0,-0.43313109,0.020736681,0.016553685,0.012992685,0.00760348,0.002077974,0.000391298,0.027321897,0.019743873,0.013797505,0.006082895,0.000788539,5.98E-05,0.040464405,0.016504077,0.02003623,0.004448593,0.024675842,0.006050632,0.39884013,0.9517917,0.06429173,0.05997002,0.05587025,0.04830433,0.035625458,0.02584728,0.01834122,0.00868316,0,-0.66522282
1,345,0,0.84280174,0,0.61013692,0,0.16708926,0,0.26959971,0,0.61961152,0,-0.53591412,0,0.15503834,0,0.15425502,0,0.027290856,0,0.27699468,0,0.08719112,0,-0.10141943,0.078438897,0.087921545,0.12073183,0.11420399,0.10780058,0.0953656,0.07228157,0.052066647,0.19250014,0.17973348,0.16729392,0.14346816,0.10037908,0.06484332,0.10681958,0.09972332,0.09281002,0.0796406,0.05589805,0.036233902,0.07230795,0.06418843,0.056388814,0.042146504,0.020338193,0.007904459,0.13096227,0.11485166,0.099319234,0.070653796,0.028261513,0.008291056,0.019772412,0.015786817,0.012410311,0.007380941,0.00229538,0.000513277,0.025827186,0.018847652,0.013436577,0.006325657,0.000974183,0.000118766,0.085703656,0.07818425,0.07097453,0.057538584,0.035399113,0.019665377,0.15291457,0.13748626,0.12258089,0.09499295,0.050955262,0.023567958,0.019192113,0.015229261,0.011902425,0.006854308,0.001962812,0.000411,0.023660738,0.016838228,0.011597046,0.005015182,0.000618799,3.66E-05,0.02035673,0.016286619,0.012840364,0.007577071,0.002095902,0.000356717,0.026200658,0.01911658,0.013492905,0.006113907,0.000827117,3.00E-05,0.020274512,0.016213857,0.01279533,0.00758004,0.001995036,0.000340646,0.025481904,0.018528592,0.013018144,0.005831403,0.000844119,4.69E-05,0.07751748,0.06927048,0.06134477,0.046759766,0.023860132,0.009845314,0.14233862,0.12601924,0.11019685,0.08057286,0.035136484,0.011078125,0.11349644,0.10696121,0.1005628,0.08824403,0.0655969,0.046128992,0.11101131,0.10408479,0.09728011,0.08418049,0.06034566,0.0401918,0.064455169,0.0621554,0.061188511,0.061152644,0.061799924,0.063087123,0.063901663,0.067523607,0.083173069,0.080895658,0.079869834,0.079688215,0.08017992,0.08122989,0.081625411,0.08406867,0.091201726,0.091717123,0.092687899,0.09355064,0.094663904,0.096096865,0.097077902,0.098168911,0.002409111,0.000143867,0.009906502,0.001928579,0.009385285,0.001357012,0,0.21005237,0.020647552,0.01647963,0.012932012,0.007568141,0.002073544,0.000388698,0.027187902,0.019647757,0.013728496,0.006048323,0.000777956,6.03E-05,0.03537852,0.012599002,0.030412704,0.010191019,0.024309874,0.005721254,0.56103045,0.9806314,0.06393004,0.059633557,0.055546198,0.047996715,0.035425413,0.025672585,0.018169373,0.008585874,0,1.1651815
1,346,0,0.33986979,0,0.072247079,0,0.12216212,0,0.12502251,0,0.21331528,0,-0.60183495,0,-0.37355354,0,-0.066509451,0,-0.021203235,0,0.037338346,0,0.08970045,0,0.12086737,0.080521484,0.090473026,0.11566171,0.10899028,0.10246054,0.08980955,0.06634506,0.04611329,0.18997566,0.17702635,0.1643716,0.1400544,0.09637808,0.06043207,0.1075009,0.10034098,0.09334135,0.08003496,0.05601237,0.03613038,0.07403807,0.06586979,0.05802077,0.043590598,0.021302529,0.008404198,0.13419215,0.11806129,0.10247055,0.07357082,0.03008815,0.009041375,0.019781737,0.015787905,0.012426992,0.007371201,0.002264326,0.000493676,0.025819287,0.01878719,0.013380513,0.006268981,0.000947041,0.000117399,0.08769717,0.0800986,0.07283288,0.059235096,0.036738463,0.020582646,0.15660468,0.14110045,0.12611137,0.09826752,0.05344809,0.025078887,0.019137219,0.015191653,0.011857864,0.006844305,0.001946309,0.000416792,0.023560572,0.016778369,0.011558734,0.005011594,0.000614845,3.27E-05,0.020337362,0.016281912,0.012829109,0.007593219,0.002087784,0.000351085,0.026096858,0.019041417,0.013428018,0.006097963,0.000819075,2.82E-05,0.020186577,0.016170926,0.012764215,0.007546305,0.001977544,0.000343034,0.02538442,0.01847088,0.012986761,0.00580216,0.000834817,4.35E-05,0.07974814,0.07144038,0.063454464,0.04866352,0.02516035,0.010567774,0.14622796,0.12988603,0.11401801,0.08411078,0.037541233,0.012186485,0.13885118,0.13266823,0.12660763,0.11481097,0.09286062,0.0729876,0.12151133,0.11473938,0.10808182,0.09522746,0.07164658,0.051147725,0.064614445,0.061985165,0.061114977,0.061156834,0.061838596,0.063153065,0.063959015,0.067624984,0.086076086,0.08346589,0.082530002,0.082406042,0.082909933,0.083952589,0.084277406,0.086591334,0.094112218,0.0946167,0.095563908,0.096403216,0.097481929,0.09886084,0.099795126,0.10081772,0.002612818,0.000158319,0.010451514,0.0020615,0.010152241,0.001504924,0,-0.1841825,0.020559805,0.016404774,0.012871725,0.007533011,0.002067941,0.000386248,0.02707016,0.019565929,0.013668691,0.006017501,0.000768123,6.08E-05,0.02965652,0.008550773,0.055750314,0.02905928,0.034179162,0.011631867,0.6649754,0.98718876,0.0635288,0.05925772,0.055190645,0.047694173,0.035216622,0.025479656,0.017981712,0.008454362,0,0.19099433
1,347,0,-0.046920645,0,0.48671065,0,0.040184738,0,-0.41605501,0,0.071639169,0,4.2723844,0,1.7372646,0,-0.132035,0,0.025107688,0,-0.088477859,0,0.08832909,0,-0.011091977,0.080836372,0.08911063,0.1251139,0.11863027,0.11225685,0.09988328,0.076852195,0.05646757,0.19650838,0.18383233,0.17148054,0.14779773,0.10479897,0.069115154,0.10254763,0.09528716,0.08817428,0.074662715,0.05048686,0.030884227,0.07375104,0.06559468,0.05774984,0.04335249,0.02114912,0.008329288,0.13273472,0.11659825,0.10102106,0.07221107,0.029216737,0.008678649,0.019828418,0.015830455,0.012440992,0.007403264,0.002303786,0.000523794,0.025832148,0.01886652,0.013471166,0.006347771,0.000982491,0.000117911,0.08688815,0.07932035,0.07208798,0.05854842,0.03617817,0.020216422,0.15437312,0.1389284,0.12399878,0.096303366,0.05188859,0.024145871,0.019170446,0.015210001,0.011893258,0.006850122,0.001963622,0.000406944,0.02361554,0.016801909,0.011565114,0.004993298,0.000615369,3.79E-05,0.020314753,0.016251612,0.01281955,0.007552159,0.002096358,0.000358321,0.026149567,0.019077456,0.013470031,0.006100885,0.00082871,3.08E-05,0.020259362,0.016194189,0.012787247,0.007576041,0.001998968,0.000338563,0.025426097,0.018485539,0.012985397,0.005828713,0.00084409,4.86E-05,0.07878607,0.07050316,0.062540874,0.04782571,0.024618143,0.010282595,0.14386125,0.12752534,0.11168713,0.08195992,0.03606472,0.011516091,0.10890431,0.10228135,0.09578662,0.08325644,0.06034415,0.04093903,0.10830778,0.10127547,0.094387315,0.08108793,0.056992542,0.036783863,0.064707006,0.061781226,0.061018568,0.061147663,0.06186793,0.063212399,0.064011863,0.067724053,0.084790684,0.081877102,0.081054993,0.081030724,0.081585431,0.082676244,0.083025659,0.085474132,0.09282319,0.093335467,0.094297736,0.095151395,0.096250176,0.097659173,0.09861811,0.09967504,0.002579385,0.00015537,0.010242111,0.002017629,0.009640523,0.001392901,0,-0.10272561,0.020635048,0.016471373,0.012926864,0.007565227,0.002070435,0.000389173,0.027136337,0.01961011,0.013703861,0.006039765,0.00078044,5.97E-05,0.03947918,0.015488556,0.025603164,0.007203974,0.021207158,0.004108062,0.5997264,0.9937549,0.06393898,0.059637874,0.055557046,0.048022356,0.035431504,0.025693392,0.018208798,0.008613817,0,0.2904813
1,348,0,-0.87388385,0,0.02558438,0,-0.19021244,0,-0.25703791,0,-0.36777991,0,-0.065944565,0,0.23006548,0,-0.29570662,0,-0.4043934,0,-0.35664078,0,0.08806133,0,-0.29175678,0.080753497,0.0888611,0.17101072,0.16509636,0.15926418,0.14789848,0.12620994,0.10617764,0.23639612,0.22481112,0.21348003,0.19165428,0.15133704,0.11561053,0.10325411,0.09601142,0.0889222,0.07546499,0.051341012,0.0317139,0.07542016,0.067209095,0.059323374,0.044783793,0.022178894,0.008888189,0.13468403,0.11846761,0.10280485,0.07377621,0.030145068,0.009038929,0.019706853,0.015686348,0.012289706,0.007275939,0.002139862,0.000534076,0.025714932,0.018766878,0.013408473,0.00639065,0.001065664,0.000151375,0.0869376,0.079395674,0.07217838,0.058710825,0.036252003,0.020386,0.153914,0.13846226,0.12357352,0.09601532,0.05149113,0.023899578,0.019252365,0.015283463,0.011931198,0.006923762,0.002026311,0.00038906,0.023647362,0.01677289,0.011539766,0.004928315,0.000589904,4.38E-05,0.020331744,0.016272627,0.012841475,0.007585831,0.002150911,0.000384205,0.026154825,0.019078165,0.013515348,0.006147909,0.000846354,4.35E-05,0.020461181,0.016403304,0.012933073,0.007666741,0.002114087,0.000359996,0.025414083,0.018425643,0.012939134,0.005899742,0.000886926,7.71E-05,0.078782596,0.070539005,0.0625707,0.047833912,0.024746763,0.010487693,0.1433767,0.12702748,0.111172,0.08155996,0.035712864,0.011471396,0.10548212,0.09879156,0.09224707,0.07961536,0.056594614,0.037333246,0.10845123,0.10142409,0.09454106,0.081252836,0.057172652,0.03696757,0.064816549,0.06158657,0.060928262,0.061142129,0.061899791,0.06327367,0.064066036,0.067823954,0.084694711,0.081471015,0.080755859,0.080819554,0.081414006,0.082537443,0.082884264,0.08539233,0.092728348,0.093243074,0.094209643,0.095066874,0.096170407,0.09758563,0.098549065,0.09961139,0.002797536,0.000168816,0.010423347,0.002042969,0.009442438,0.001245414,0,-0.24457874,0.020817239,0.016621575,0.0130541,0.007650381,0.002068774,0.000399532,0.027119858,0.01959399,0.013724692,0.006091981,0.000817666,5.42E-05,0.0880191,0.057398804,0.022402715,0.00544637,0.02137382,0.004188867,0.61019826,0.7321328,0.06471795,0.060469687,0.056404058,0.04892909,0.03618454,0.026241247,0.01868356,0.008976985,0,-0.72407404
1,349,0,1.1110218,0,0.24106207,0,0.26041751,0,0.42770232,0,0.16621486,0,0.94091797,0,0.19858834,0,0.017589322,0,0.16631348,0,0.22866393,0,0.09151692,0,-0.11149022,0.08304263,0.09236922,0.14331414,0.13705164,0.13089347,0.11888039,0.09623754,0.07571412,0.21419226,0.20191024,0.18991673,0.16688506,0.12466441,0.0884912,0.10417017,0.09687585,0.08971989,0.07606033,0.051595204,0.031676657,0.07707625,0.06882983,0.0608852,0.046174362,0.023093265,0.009370425,0.13867958,0.12246356,0.10675859,0.07747836,0.03254059,0.010059248,0.019746829,0.015731301,0.012376688,0.007338304,0.002235098,0.000524937,0.025768118,0.018830862,0.013434864,0.006333903,0.001027805,0.000123385,0.089303955,0.08168856,0.07437389,0.06067868,0.037829485,0.021383263,0.15910107,0.14356671,0.128607,0.10061759,0.05500142,0.02608993,0.019128338,0.015185061,0.011857557,0.006851149,0.001988801,0.00038575,0.023478597,0.016680876,0.011467408,0.004926792,0.000608274,4.04E-05,0.020239942,0.016194027,0.01276766,0.007514261,0.002105687,0.000365126,0.025984045,0.018955268,0.013396573,0.006069426,0.000832224,3.44E-05,0.020263698,0.016216047,0.012796207,0.007593622,0.002034245,0.000334624,0.025253046,0.018345622,0.012866229,0.005828828,0.00085295,5.90E-05,0.08137353,0.0730469,0.06500351,0.050034333,0.026260376,0.011274796,0.14878243,0.13242985,0.1165077,0.086495645,0.039148927,0.013014038,0.096664935,0.08967626,0.08284119,0.069692545,0.04608433,0.027075417,0.10990503,0.10284314,0.095915,0.08252446,0.058199614,0.037694857,0.064418299,0.061425411,0.060860281,0.061150146,0.061941426,0.063341818,0.064124862,0.067926047,0.088037336,0.085057401,0.084426667,0.084539421,0.085137134,0.086239846,0.086492209,0.088806258,0.096668502,0.097167028,0.09810127,0.098926095,0.099981983,0.10132325,0.10222348,0.10319473,0.00300158,0.000185231,0.011016139,0.002211282,0.010564326,0.001510739,0,0.28298729,0.020645412,0.016482048,0.012944207,0.007576504,0.002059322,0.000391743,0.026968678,0.019487,0.013625403,0.006019077,0.000790033,5.74E-05,0.057826214,0.03010314,0.013591992,0.001705044,0.02182655,0.004269703,0.7163938,0.7701802,0.06411462,0.059856284,0.055786353,0.048238337,0.03558345,0.025831576,0.018425006,0.008745447,0,0.36707508
1,350,0,0.18042947,0,0.62740968,0,0.10131341,0,0.192614,0,0.33281171,0,0.11566197,0,0.079434438,0,0.009699827,0,0.15858677,0,0.12075458,0,0.0928076,0,-0.17481673,0.086836671,0.093693204,0.12781131,0.1213147,0.11492541,0.10249512,0.079318136,0.058687206,0.20192017,0.18921949,0.17683423,0.15306348,0.10969271,0.07338363,0.10060175,0.09313334,0.08586223,0.071901806,0.047034923,0.027167482,0.07702775,0.06878713,0.06084638,0.04612923,0.023047928,0.009336699,0.1394793,0.12328294,0.10758825,0.07827616,0.03309651,0.01029712,0.019754082,0.015773218,0.012396693,0.007377782,0.002294794,0.000521627,0.02562644,0.018718261,0.013366825,0.006303676,0.00097717,0.00011701,0.089922525,0.082264885,0.07493573,0.06117865,0.038235947,0.021661513,0.16087727,0.14531715,0.13028462,0.10216767,0.05626444,0.02686572,0.019097054,0.015152031,0.011848317,0.006824454,0.0019564,0.000405269,0.023427185,0.016668012,0.011472926,0.004953518,0.000610584,3.77E-05,0.02023602,0.01618892,0.012770375,0.007522945,0.002088713,0.000357095,0.025940817,0.018925436,0.013363192,0.006052719,0.000822421,3.06E-05,0.020181678,0.016132135,0.012738533,0.007547465,0.00199179,0.000337284,0.025222437,0.018337728,0.012881749,0.005782867,0.000837583,4.83E-05,0.082089424,0.073738046,0.06567539,0.05066529,0.026635492,0.011452197,0.15064594,0.13428831,0.11836703,0.0882104,0.040374115,0.013574563,0.10051229,0.093612164,0.08685079,0.0738184,0.05027952,0.030970067,0.11027691,0.10319996,0.09625905,0.08283821,0.058440726,0.037849616,0.063939644,0.061245127,0.060780023,0.061150552,0.061977398,0.063406151,0.06418116,0.068027074,0.088997295,0.086323675,0.085791354,0.085975602,0.086597691,0.087710926,0.087922093,0.090189506,0.098265316,0.098758913,0.099681702,0.10049493,0.10153389,0.10284826,0.10372529,0.10466292,0.002991451,0.000184843,0.011130515,0.002245329,0.010967397,0.001634282,0,-0.19797636,0.020556848,0.016409293,0.012878429,0.007537233,0.002062878,0.000387864,0.026920835,0.019455029,0.013595995,0.005992933,0.000774701,5.93E-05,0.04139016,0.01667291,0.016735183,0.002736396,0.021908494,0.004270501,0.77200186,0.84160584,0.06369746,0.05941281,0.05534799,0.04784286,0.03529913,0.025598723,0.01814313,0.008583522,0,0.11537796
1,351,0,0.18820302,0,-0.13520994,0,0.067539018,0,0.093656768,0,-0.038379417,0,0.39805572,0,-0.71768565,0,0.060910026,0,-0.027286324,0,0.25409291,0,0.09103911,0,-0.16065918,0.086475423,0.0919289,0.12924588,0.12280125,0.11645227,0.10413534,0.08113448,0.060614638,0.20192456,0.18932064,0.17702591,0.15341738,0.11038895,0.07435816,0.10570582,0.09848132,0.09140029,0.0779528,0.053749457,0.033880703,0.07538234,0.06718456,0.059289154,0.044730622,0.022086386,0.008827175,0.13665225,0.12047457,0.10482078,0.075709455,0.031417165,0.009591164,0.01981832,0.015813425,0.012427668,0.007405147,0.002304325,0.000522865,0.025776215,0.018849699,0.013466104,0.006353083,0.000987897,0.000113339,0.08826542,0.08065681,0.07338107,0.059738636,0.037109584,0.020868504,0.15795214,0.14244792,0.12745576,0.09952999,0.054258537,0.025625126,0.019142276,0.015191763,0.011879702,0.006845709,0.001965307,0.000402043,0.023510082,0.016723158,0.011504038,0.004962503,0.00061336,3.95E-05,0.020271264,0.016217088,0.012793739,0.007530532,0.002096432,0.000359659,0.026032073,0.018989837,0.013412368,0.00607413,0.000827218,3.16E-05,0.020234827,0.016175585,0.012775919,0.007569719,0.002002872,0.000337655,0.025306137,0.01839686,0.012919487,0.005808839,0.000841998,5.01E-05,0.08027263,0.07195869,0.06395125,0.049094543,0.025526026,0.010815811,0.14759162,0.13123876,0.11535126,0.085381284,0.038403943,0.01262176,0.093332216,0.08628122,0.07938812,0.066178195,0.042573236,0.023922231,0.12755033,0.12086809,0.11431094,0.10168498,0.07832029,0.05773572,0.063406889,0.061038547,0.06068223,0.061140815,0.062006252,0.063465367,0.064234158,0.068126458,0.08664974,0.084307647,0.083891385,0.084179179,0.084855545,0.086022739,0.086268541,0.088697829,0.096543555,0.097047131,0.097988743,0.09881972,0.099884059,0.10123633,0.10214422,0.10312425,0.002780222,0.000169443,0.010652653,0.002123295,0.010336516,0.001511982,0,-0.061393575,0.020612713,0.016455255,0.012915809,0.007559037,0.002066084,0.000389201,0.027015554,0.019523416,0.013644087,0.006016195,0.0007802,5.91E-05,0.043347828,0.018321628,0.011172142,0.001079809,0.040358372,0.01602199,0.78309,0.8098545,0.0639073,0.059612133,0.05553726,0.048017457,0.035414796,0.025695506,0.018235026,0.008633898,0,-0.38246675
1,352,0,0.83115706,0,0.4581984,0,0.16596864,0,0.066108358,0,0.56937594,0,0.060834981,0,-0.046160102,0,0.017576217,0,0.2979978,0,0.060926824,0,0.0910439,0,0.37208909,0.085327755,0.09195924,0.10632272,0.09938597,0.092647746,0.079698965,0.055836882,0.03593288,0.18329068,0.16998851,0.15707262,0.13227247,0.08782477,0.051771224,0.10575306,0.09854121,0.09148112,0.078070976,0.053929124,0.034097493,0.07317967,0.06503454,0.057214987,0.04287991,0.020822776,0.008148628,0.13406165,0.11795737,0.10238623,0.07352097,0.030087277,0.009045223,0.019835312,0.015783235,0.012381262,0.007287563,0.002129933,0.000479257,0.025690023,0.018716637,0.013318458,0.006179326,0.000883375,0.000108779,0.08758796,0.080006376,0.07275143,0.059175394,0.036699224,0.020583453,0.15759708,0.14202447,0.12698163,0.09910361,0.05419454,0.025542421,0.019113136,0.015153498,0.011803934,0.006830915,0.001911867,0.00040257,0.02350353,0.016746303,0.011567562,0.005029981,0.000611973,3.14E-05,0.020387476,0.016350271,0.012905146,0.007661501,0.002086251,0.000349566,0.026117675,0.019041777,0.013413901,0.006126103,0.000811682,2.68E-05,0.020134186,0.016156135,0.012776123,0.007517583,0.001963588,0.00034641,0.02538395,0.018485082,0.013025948,0.005808679,0.000821951,4.11E-05,0.07978673,0.071466886,0.06349048,0.048701715,0.025127258,0.010559772,0.14724979,0.1309081,0.1150119,0.085052185,0.038180813,0.012484443,0.09200148,0.084925674,0.07801074,0.06477341,0.04117123,0.022681708,0.13963996,0.13318911,0.12687339,0.11463672,0.09178892,0.07126343,0.062807541,0.060809073,0.060576805,0.061136278,0.062046314,0.063540327,0.0643002,0.068246918,0.08613416,0.084170252,0.083880449,0.084270662,0.084991801,0.086193378,0.086427836,0.088906324,0.096784426,0.097289141,0.098232704,0.099064897,0.10013017,0.10148274,0.10239005,0.10336796,0.002513458,0.000153559,0.010431623,0.00204124,0.010425038,0.00156406,0,0.061989919,0.020494469,0.01633623,0.012828558,0.007498029,0.002063301,0.000388077,0.02704507,0.019552147,0.013659274,0.006002393,0.00076127,6.16E-05,0.02038047,0.003496043,0.010237333,0.000875754,0.053347625,0.026158014,0.877994,0.85631424,0.063097745,0.058857623,0.054823354,0.047400024,0.03500457,0.025278226,0.017786719,0.008268055,0,0.44948975
1,353,0,-0.34132339,0,-0.12266917,0,-0.19317538,0,-0.12444555,0,-0.32125908,0,-0.44307472,0,-0.11804016,0,0.099983758,0,-0.19163189,0,-0.13982443,0,0.08852709,0,-0.097731418,0.083225376,0.08943917,0.11155412,0.10486198,0.098319314,0.08565109,0.06224538,0.0423276,0.18562156,0.17262256,0.15994427,0.1355464,0.09194904,0.056387667,0.11266398,0.1057369,0.09900653,0.08607859,0.06270374,0.042838037,0.07152549,0.06342518,0.05565508,0.041500065,0.01990105,0.007676405,0.13077004,0.11467495,0.09916337,0.0705361,0.02820773,0.008271342,0.019782294,0.015772812,0.01240907,0.007360391,0.002243345,0.00049154,0.025871327,0.018814426,0.013391746,0.006249337,0.000940383,0.000116425,0.08548971,0.07796363,0.07076595,0.05734968,0.035272174,0.019562202,0.15351385,0.13804267,0.12311041,0.095501035,0.051414605,0.02384084,0.019183593,0.015227724,0.011878389,0.006866067,0.001944809,0.000415517,0.02364941,0.016843162,0.011603905,0.005033925,0.000615865,3.25E-05,0.020402227,0.016338766,0.012876381,0.007627381,0.00209205,0.00034966,0.026206499,0.0191193,0.013477774,0.006127737,0.000821188,2.76E-05,0.02022666,0.016211279,0.012799691,0.00755953,0.001978011,0.000344736,0.025487427,0.018550824,0.013047333,0.005826839,0.000835507,4.27E-05,0.0773664,0.069124565,0.06121677,0.046643775,0.02373512,0.009771222,0.14299054,0.12667751,0.11084426,0.08114299,0.035537682,0.011237267,0.10548386,0.09883081,0.092313744,0.07975362,0.05685438,0.037708327,0.13503802,0.12855661,0.12221822,0.10993743,0.087103024,0.066715844,0.062263742,0.060596356,0.060475112,0.061124208,0.062073883,0.063598515,0.064352656,0.068346066,0.082983172,0.0813528,0.081182598,0.081683193,0.082466005,0.083731653,0.08401926,0.086709992,0.094249959,0.09476845,0.095738065,0.096595621,0.097696803,0.099103901,0.10005618,0.10109705,0.002321311,0.000138837,0.009841888,0.001910232,0.009565642,0.00141014,0,-0.28295851,0.020600947,0.016434988,0.012895455,0.007545626,0.002072255,0.000387273,0.027175842,0.01964277,0.013722074,0.006038569,0.000769969,6.12E-05,0.026325038,0.006668273,0.02281177,0.005727786,0.04910239,0.022896796,0.86551166,0.8202311,0.06360654,0.05933194,0.055256713,0.04775381,0.035260666,0.025500124,0.017985199,0.008431961,0,-0.4456955
1,354,0,-0.028389286,0,-0.11536145,0,0.07957738,0,-0.022139411,0,0.38789408,0,1.5956107,0,-0.020745654,0,-0.048772528,0,-0.35221709,0,0.14313326,0,0.08734553,0,-0.16046278,0.08274818,0.088263184,0.1074082,0.10066099,0.09407399,0.0813378,0.057908904,0.038246054,0.18141927,0.1683238,0.15559363,0.13107853,0.08742244,0.05214463,0.11623149,0.10945968,0.10285502,0.09016357,0.06707656,0.047254488,0.0700039,0.061946474,0.054235972,0.04025057,0.019079002,0.007257149,0.1283374,0.11227726,0.09683433,0.06842197,0.026935343,0.007758233,0.019788828,0.015742496,0.012386683,0.007334184,0.002175805,0.000481682,0.025914358,0.018853907,0.013386313,0.006215095,0.000910593,0.000107811,0.08427669,0.07680917,0.06963849,0.05632137,0.034489635,0.019026741,0.15150195,0.1360483,0.12114105,0.09370168,0.050137516,0.02306898,0.0192009,0.015235024,0.011873836,0.006874176,0.001937664,0.000412831,0.023696858,0.016880145,0.011638369,0.005053436,0.000618241,3.19E-05,0.020450488,0.016383242,0.012917257,0.007660564,0.00209347,0.000349439,0.026287887,0.019172879,0.013512097,0.006154926,0.000821631,2.66E-05,0.020240352,0.016230445,0.012823377,0.007558079,0.001973832,0.000346476,0.025560288,0.018608984,0.013096774,0.005844872,0.000833214,4.18E-05,0.07609582,0.067891754,0.060028803,0.045574468,0.022968285,0.009365792,0.14088127,0.12459038,0.10878523,0.0792305,0.03426697,0.010642315,0.09284516,0.08592636,0.07915723,0.066214226,0.04313786,0.024862945,0.1360892,0.12965728,0.12336005,0.11117054,0.088456586,0.06815531,0.061843342,0.06043362,0.060399059,0.061117656,0.06209795,0.063646716,0.064395625,0.068425864,0.081361695,0.079991661,0.079912625,0.080492688,0.081316338,0.082621598,0.082930963,0.085734682,0.093124987,0.093650737,0.094632883,0.095502502,0.09662103,0.098054095,0.099027741,0.10009838,0.002158205,0.000127767,0.009521569,0.001830601,0.009212404,0.001355835,0,-0.075243689,0.02061091,0.016437406,0.012900874,0.007545312,0.002073703,0.000388417,0.027245758,0.019693993,0.01375728,0.006050302,0.000770026,6.17E-05,0.022710515,0.004763065,0.012176127,0.00144191,0.050550893,0.024139347,0.88023794,0.7975534,0.06357183,0.05928882,0.055224173,0.047722165,0.03524115,0.02548105,0.017954323,0.008384709,0,-0.39102076
1,355,0,-0.26307223,0,1.181065,0,-0.23374139,0,-0.10482774,0,-0.19225181,0,-0.22260379,0,0.58680655,0,-0.25041613,0,-0.20961689,0,0.02921866,0,0.08483752,0,0.033381847,0.080628871,0.08551173,0.12007851,0.1136101,0.10725275,0.09495937,0.072157696,0.05221828,0.19003077,0.17735781,0.16502987,0.14140286,0.09881708,0.0638073,0.10056431,0.093409814,0.08648709,0.07332603,0.04978894,0.030732099,0.06865699,0.060643233,0.052987285,0.039152898,0.018391969,0.006916125,0.12551506,0.10947956,0.09407718,0.06588863,0.025410114,0.007150316,0.01994327,0.015919702,0.012508311,0.007446208,0.002316273,0.00052414,0.026062109,0.019043319,0.013588989,0.006412073,0.000997275,0.000118984,0.08219502,0.074795224,0.0676914,0.054547515,0.03309707,0.018100748,0.1475234,0.13216919,0.11740639,0.09021049,0.04746354,0.021469181,0.019279722,0.015296427,0.011959052,0.006887547,0.001973753,0.000410471,0.023818545,0.016947709,0.011667294,0.005039176,0.000620751,3.77E-05,0.020437054,0.016348755,0.012894582,0.007599648,0.002106987,0.000359781,0.026375957,0.019242715,0.013585284,0.006152934,0.000834707,3.08E-05,0.020373859,0.016286775,0.012858411,0.007617615,0.002008071,0.000340854,0.025648452,0.018647818,0.013099845,0.005876459,0.000850771,4.84E-05,0.07367325,0.065535836,0.05774342,0.04354309,0.021665683,0.008668077,0.13664211,0.12038076,0.10463493,0.07547638,0.03178502,0.009587766,0.1054769,0.09890145,0.09246104,0.08010594,0.057548277,0.038708247,0.12501903,0.11843956,0.11201742,0.09961592,0.07672253,0.05660739,0.061201047,0.060183798,0.06027954,0.061105113,0.062132271,0.063717823,0.06445919,0.068545391,0.078140017,0.077163363,0.077222695,0.077929795,0.078821843,0.080196814,0.080556774,0.083579714,0.090639967,0.091178577,0.092187604,0.093082792,0.094238101,0.095726734,0.096746912,0.097883496,0.002026283,0.000117272,0.008969683,0.001702029,0.008412244,0.00117896,0,0.008183888,0.02074899,0.016561614,0.012996744,0.007605608,0.002081948,0.000390944,0.027369827,0.019778203,0.013820446,0.006089669,0.000785712,6.03E-05,0.035757966,0.013145381,0.02392733,0.006524665,0.039701674,0.015976407,0.8174254,0.9165631,0.06428168,0.059958372,0.055852864,0.04827015,0.035618003,0.02582224,0.018292505,0.008650271,0,-0.58899552
1,356,0,0.60011655,0,0.2401829,0,0.1028065,0,0.042745686,0,0.39051439,0,0.029692936,0,1.0715363,0,0.35387255,0,0.26173551,0,0.31283807,0,0.08699489,0,0.008444252,0.081227965,0.08746657,0.11631892,0.10976832,0.10334636,0.09090178,0.067865334,0.047937613,0.1885975,0.17575835,0.16326417,0.13933735,0.09627737,0.060993478,0.09958899,0.092362225,0.08532313,0.07198517,0.04818758,0.029065594,0.06978849,0.061739832,0.054033265,0.04007163,0.018976016,0.007205236,0.1284191,0.1123462,0.09687989,0.06843425,0.026921382,0.007749206,0.019848702,0.015863853,0.012464897,0.007405357,0.002307406,0.000512418,0.025934651,0.018917985,0.013482514,0.006336642,0.00096536,0.000121563,0.08348974,0.07603607,0.068893045,0.05563859,0.033946387,0.018662764,0.15067148,0.13526358,0.12040503,0.09298644,0.049506474,0.022694143,0.019242767,0.015272802,0.011932404,0.006873461,0.001963163,0.0004137,0.023732143,0.016891561,0.011636114,0.005036193,0.000619952,3.45E-05,0.020422284,0.016342295,0.012877904,0.007608434,0.002100048,0.000355995,0.026279336,0.019175092,0.013529888,0.006134452,0.000827292,2.95E-05,0.02031686,0.016257597,0.012827265,0.007594239,0.001994842,0.000342899,0.025563138,0.018590515,0.013063097,0.005844041,0.000844868,4.60E-05,0.075115,0.066937864,0.05909153,0.044747137,0.022459233,0.009082829,0.13998063,0.12368602,0.10789308,0.078436255,0.033725128,0.010425801,0.10578673,0.099187806,0.0927206,0.080292806,0.05760852,0.038643096,0.11937042,0.1126472,0.1060615,0.09343035,0.070179075,0.050053243,0.060740299,0.060012664,0.060205698,0.061109493,0.062171683,0.063784806,0.06451758,0.068647564,0.080032026,0.079355949,0.079509175,0.080279262,0.081187928,0.082561292,0.082858864,0.085776892,0.093175485,0.093704692,0.094693359,0.095568471,0.096693871,0.098135267,0.099114241,0.10019023,0.00213661,0.000124436,0.009303807,0.001777132,0.00898427,0.001295689,0,0.076612298,0.020690115,0.01651161,0.012956304,0.007581882,0.002078672,0.000388792,0.02726741,0.01970589,0.013767556,0.006064063,0.000777081,6.07E-05,0.031651244,0.010179028,0.023779046,0.006368625,0.033460785,0.01144037,0.88902825,0.95491475,0.06402047,0.05971911,0.05562331,0.048058555,0.035478394,0.02569816,0.018166304,0.008571157,0,-0.21855266
1,357,0,-0.18930196,0,-0.05671358,0,0.072103204,0,0.056299563,0,0.17545707,0,0.28340695,0,0.4424209,0,0.059646633,0,0.2795892,0,0.032204762,0,0.08819271,0,0.21471988,0.082439218,0.08845021,0.12163778,0.11515283,0.10878534,0.096443325,0.073523775,0.05340392,0.19395451,0.18125065,0.1688808,0.14517139,0.10223784,0.066745125,0.10144684,0.094243735,0.08723973,0.07394347,0.050143432,0.03086674,0.070748754,0.06267197,0.054926865,0.040858176,0.019494573,0.007469268,0.1306042,0.11449471,0.09896564,0.07032394,0.028055018,0.008205856,0.019902486,0.015887713,0.01248246,0.00743062,0.002311257,0.000522865,0.025907079,0.018935464,0.013509342,0.006374051,0.000990915,0.000118541,0.08414181,0.07667455,0.06951595,0.056203105,0.034365427,0.018959718,0.15240566,0.13698743,0.12209815,0.09454585,0.050604396,0.023357494,0.019232713,0.015259227,0.011929863,0.006870878,0.001968887,0.000409598,0.023674158,0.016845416,0.011597394,0.005009379,0.000617127,3.75E-05,0.02038784,0.016309509,0.012863497,0.007581892,0.002101891,0.000358893,0.026216108,0.019126417,0.013503319,0.006116043,0.000829697,3.06E-05,0.020323748,0.016247023,0.012826877,0.007598991,0.00200308,0.000340127,0.025493003,0.018535156,0.013020986,0.005840853,0.000845673,4.80E-05,0.07579955,0.06759768,0.059730206,0.04530777,0.022872133,0.009311622,0.14179751,0.12547883,0.10966339,0.08008583,0.034802876,0.010933356,0.10218864,0.09550459,0.08897068,0.07639566,0.053557426,0.034711678,0.11946757,0.11273435,0.10613459,0.09346182,0.070154056,0.049980037,0.060263084,0.059833168,0.060126137,0.061111074,0.062208825,0.06385018,0.064574778,0.068749251,0.080890102,0.080521257,0.080773491,0.081616884,0.082551062,0.083936281,0.084194896,0.08707291,0.094671633,0.095196052,0.096174454,0.097038701,0.098147965,0.099563516,0.10051987,0.10156235,0.002238176,0.000131326,0.009483455,0.001827241,0.009277012,0.001330123,0,-0.085408581,0.020698389,0.016521372,0.012965238,0.007587404,0.002077191,0.000390059,0.02720487,0.01965952,0.013737826,0.006053606,0.000781065,6.00E-05,0.036750723,0.01371046,0.020307474,0.004541837,0.033350788,0.011323744,0.8777367,0.96920645,0.0641228,0.05981057,0.0557151,0.04815063,0.035530716,0.025758758,0.018247074,0.008628778,0,0.17445413
1,358,0,0.48295769,0,0.23553139,0,0.066745666,0,-0.055492036,0,0.23934319,0,-0.2968824,0,-0.54679427,0,0.14150296,0,0.015894707,0,0.40015148,0,0.08953121,0,0.17825969,0.084192706,0.08956979,0.11478367,0.10817075,0.10169897,0.08915541,0.06594797,0.045970656,0.18939672,0.17649423,0.16388762,0.1397173,0.09629614,0.06061782,0.1039972,0.0968397,0.08988164,0.07665065,0.052877177,0.033414066,0.071021624,0.0629362,0.055182394,0.041083075,0.019630406,0.007537048,0.13192622,0.11581022,0.10026372,0.071534395,0.028813077,0.008516518,0.019827258,0.015826507,0.012443477,0.007379081,0.002278612,0.000496457,0.02587999,0.01885001,0.013426766,0.006294533,0.000958373,0.000118448,0.084786855,0.07728204,0.070103005,0.056741964,0.034797326,0.019237248,0.15426458,0.13879697,0.12385482,0.096178345,0.051875163,0.024122808,0.019210497,0.015247877,0.011906168,0.006866004,0.001956065,0.000416797,0.023629952,0.016824156,0.011588371,0.005021857,0.000617638,3.31E-05,0.020402096,0.01633114,0.012866371,0.007610008,0.002096103,0.000353793,0.026169088,0.019094236,0.013468346,0.006112115,0.000822142,2.88E-05,0.020269208,0.016230892,0.012808614,0.0075768,0.001987434,0.000343374,0.02545633,0.01851932,0.013017556,0.005818437,0.000838874,4.45E-05,0.07655089,0.06833345,0.06044279,0.04595404,0.023275996,0.009519191,0.143769,0.12744462,0.11160146,0.08185563,0.03600935,0.011468915,0.10412797,0.0974687,0.09094784,0.0783906,0.055527467,0.036516458,0.12827602,0.12168931,0.11525008,0.10281005,0.07979293,0.059458345,0.059787761,0.059654329,0.060047147,0.061113026,0.062246633,0.0639159,0.064632277,0.068851171,0.081898772,0.081837052,0.082188338,0.083103916,0.084062719,0.085457644,0.08567378,0.088502214,0.096321001,0.096840469,0.097807303,0.098659658,0.099750766,0.10113772,0.10206919,0.10307532,0.002265396,0.000134326,0.009650039,0.001858394,0.009676836,0.001422044,0,0.16475503,0.020642895,0.016472105,0.012924728,0.007563762,0.002075145,0.000387581,0.02714916,0.019621965,0.013708052,0.006036057,0.000771375,6.08E-05,0.029730363,0.008809107,0.02182324,0.005251046,0.042227544,0.017660819,0.9512125,0.985674,0.0638261,0.059530437,0.055445246,0.047911175,0.035374276,0.025604058,0.018079996,0.008514052,0,1.222852
1,359,0,0.024824145,0,-0.38033748,0,0.20825904,0,-0.098349251,0,0.1284797,0,0.20915023,0,-0.36792661,0,-0.090888305,0,0.13279253,0,-0.037730277,0,0.087983005,0,-0.21405738,0.08523313,0.08779738,0.11228272,0.10566283,0.099187426,0.086647235,0.06349558,0.043724112,0.18626091,0.17334262,0.16072027,0.1365289,0.09322087,0.057861645,0.11309973,0.10628052,0.099645674,0.0868985,0.06381524,0.044147696,0.06933284,0.061297312,0.053610492,0.03970014,0.018729055,0.007080908,0.12911199,0.11303404,0.09755835,0.06906127,0.027305633,0.007904517,0.019878814,0.01586262,0.01248571,0.007412529,0.002270044,0.000493298,0.02599012,0.018919786,0.013473256,0.006314105,0.000959242,0.00011872,0.08328136,0.07582885,0.068694845,0.055462357,0.033812072,0.018560251,0.15166213,0.13622686,0.12133998,0.09386216,0.050179936,0.023094894,0.019244168,0.015275646,0.011924389,0.006880513,0.001957753,0.00041891,0.023707682,0.016882153,0.011629484,0.005041461,0.00061892,3.29E-05,0.020446928,0.016368683,0.012896741,0.007631453,0.002099336,0.000353388,0.026257625,0.019158553,0.013511421,0.006134402,0.000824163,2.85E-05,0.020301173,0.016260704,0.012833839,0.007588754,0.001989129,0.000344628,0.025541557,0.01858372,0.013064865,0.005837505,0.00084041,4.40E-05,0.074922234,0.06675548,0.058917943,0.044589344,0.02232938,0.009013556,0.14103857,0.12473945,0.10892969,0.079377726,0.03435605,0.010697284,0.097732745,0.0909594,0.08434805,0.071684875,0.048837677,0.030311279,0.13172361,0.12523906,0.11890042,0.10662789,0.083861865,0.06362959,0.059262845,0.059451585,0.059951529,0.061104963,0.062277181,0.063976506,0.064686464,0.068951349,0.079797896,0.080059346,0.080522748,0.081538409,0.082549005,0.083994197,0.084239506,0.087213923,0.094835478,0.095363012,0.096346694,0.097214972,0.098328604,0.099749369,0.10070851,0.10175286,0.002089254,0.000121667,0.00925045,0.001764814,0.009191987,0.001341021,0,-0.053021135,0.020674914,0.016496504,0.012943387,0.007574527,0.0020787,0.000388131,0.027237285,0.01968599,0.013752286,0.006054266,0.000772911,6.11E-05,0.027763011,0.007666659,0.016654782,0.002983871,0.04628967,0.020863323,0.9890425,0.985641,0.06389794,0.059599895,0.0555095,0.047968026,0.035417933,0.025627242,0.018087812,0.00850842,0,-0.18479512
1,360,0,-0.1266846,0,0.013652961,0,0.027281932,0,0.074895884,0,-0.069271466,0,-0.16738966,0,2.2232014,0,-0.090477994,0,-0.096468803,0,-0.25346845,0,0.08488454,0,0.061863472,0.082583117,0.0844841,0.11265601,0.10611316,0.09969603,0.08729352,0.06439789,0.044820204,0.18430763,0.17145342,0.15895383,0.13503747,0.092204,0.05741115,0.1119507,0.10520873,0.0986379,0.086048104,0.06321442,0.043801166,0.06667414,0.058721684,0.05115633,0.037553158,0.017361363,0.006412249,0.12417023,0.10816278,0.092805006,0.06475611,0.024765767,0.006899696,0.019902617,0.015896162,0.012492865,0.007408216,0.002292267,0.000506754,0.026076712,0.018993586,0.013524323,0.006342591,0.000961251,0.000117641,0.080666654,0.07330639,0.06624895,0.053241175,0.03211804,0.017421918,0.14669295,0.13133238,0.11657756,0.08946156,0.04698539,0.021177538,0.019310521,0.015326576,0.011971658,0.006898073,0.001967524,0.000416683,0.023851806,0.016977819,0.011693634,0.005063926,0.000623388,3.39E-05,0.020501778,0.016408168,0.012927609,0.007641673,0.002107301,0.000356567,0.026413493,0.019272806,0.013596611,0.006166596,0.000830502,2.94E-05,0.020383878,0.016316596,0.012873813,0.007619122,0.001999822,0.000344524,0.025694545,0.018688736,0.013133476,0.005872805,0.000847972,4.56E-05,0.07203473,0.06395086,0.056221925,0.042193867,0.02072303,0.008178724,0.135782,0.11953679,0.10380944,0.07470037,0.031294882,0.009351493,0.10263107,0.09604595,0.0895956,0.07724821,0.05476956,0.03620322,0.11806557,0.11138981,0.10485855,0.09236285,0.06935037,0.049460195,0.058713593,0.059235075,0.059847627,0.061091926,0.062304187,0.064034784,0.064739182,0.069050965,0.07603258,0.076620954,0.077204587,0.078334326,0.079411117,0.080928085,0.081240859,0.084465729,0.091665067,0.09220944,0.093225033,0.094124466,0.095282915,0.096772052,0.09778832,0.098913883,0.001836952,0.0001062,0.008575004,0.001604856,0.008292667,0.001178508,0,0.038215247,0.020758187,0.016564835,0.012997706,0.007605817,0.002085554,0.000389749,0.027404306,0.01980482,0.013835896,0.006092938,0.000779599,6.11E-05,0.028955363,0.00859274,0.021827077,0.005467888,0.033107568,0.011391225,0.68881077,0.6862736,0.064211905,0.05989435,0.055784516,0.04819977,0.03558431,0.025767008,0.018204346,0.008582598,0,-0.042360685
,,,,,,,,,,,,,,,,,,,,,,,,,,,,,,,,,,,,,,,,,,,,,,,,,,,,,,,,,,,,,,,,,,,,,,,,,,,,,,,,,,,,,,,,,,,,,,,,,,,,,,,,,,,,,,,,,,,,,,,,,,,,,,,,,,,,,,,,,,,,,,,,,,,,,,,,,,,,,,,,,,,,,,,,,,,,,,,,,,,,,,,,,,,,,,,,,,,,,,,,,,,
,,,,,,,,,,,,,,,,,,,,,,,,,,,,,,,,,,,,,,,,,,,,,,,,,,,,,,,,,,,,,,,,,,,,,,,,,,,,,,,,,,,,,,,,,,,,,,,,,,,,,,,,,,,,,,,,,,,,,,,,,,,,,,,,,,,,,,,,,,,,,,,,,,,,,,,,,,,,,,,,,,,,,,,,,,,,,,,,,,,,,,,,,,,,,,,,,,,,,,,,,,,
,,,,,,,,,,,,,,,,,,,,,,,,,,,,,,,,,,,,,,,,,,,,,,,,,,,,,,,,,,,,,,,,,,,,,,,,,,,,,,,,,,,,,,,,,,,,,,,,,,,,,,,,,,,,,,,,,,,,,,,,,,,,,,,,,,,,,,,,,,,,,,,,,,,,,,,,,,,,,,,,,,,,,,,,,,,,,,,,,,,,,,,,,,,,,,,,,,,,,,,,,,,
,,,,,,,,,,,,,,,,,,,,,,,,,,,,,,,,,,,,,,,,,,,,,,,,,,,,,,,,,,,,,,,,,,,,,,,,,,,,,,,,,,,,,,,,,,,,,,,,,,,,,,,,,,,,,,,,,,,,,,,,,,,,,,,,,,,,,,,,,,,,,,,,,,,,,,,,,,,,,,,,,,,,,,,,,,,,,,,,,,,,,,,,,,,,,,,,,,,,,,,,,,,
,,,,,,,,,,,,,,,,,,,,,,,,,,,,,,,,,,,,,,,,,,,,,,,,,,,,,,,,,,,,,,,,,,,,,,,,,,,,,,,,,,,,,,,,,,,,,,,,,,,,,,,,,,,,,,,,,,,,,,,,,,,,,,,,,,,,,,,,,,,,,,,,,,,,,,,,,,,,,,,,,,,,,,,,,,,,,,,,,,,,,,,,,,,,,,,,,,,,,,,,,,,
,,,,,,,,,,,,,,,,,,,,,,,,,,,,,,,,,,,,,,,,,,,,,,,,,,,,,,,,,,,,,,,,,,,,,,,,,,,,,,,,,,,,,,,,,,,,,,,,,,,,,,,,,,,,,,,,,,,,,,,,,,,,,,,,,,,,,,,,,,,,,,,,,,,,,,,,,,,,,,,,,,,,,,,,,,,,,,,,,,,,,,,,,,,,,,,,,,,,,,,,,,,
,,,,,,,,,,,,,,,,,,,,,,,,,,,,,,,,,,,,,,,,,,,,,,,,,,,,,,,,,,,,,,,,,,,,,,,,,,,,,,,,,,,,,,,,,,,,,,,,,,,,,,,,,,,,,,,,,,,,,,,,,,,,,,,,,,,,,,,,,,,,,,,,,,,,,,,,,,,,,,,,,,,,,,,,,,,,,,,,,,,,,,,,,,,,,,,,,,,,,,,,,,,
,,,,,,,,,,,,,,,,,,,,,,,,,,,,,,,,,,,,,,,,,,,,,,,,,,,,,,,,,,,,,,,,,,,,,,,,,,,,,,,,,,,,,,,,,,,,,,,,,,,,,,,,,,,,,,,,,,,,,,,,,,,,,,,,,,,,,,,,,,,,,,,,,,,,,,,,,,,,,,,,,,,,,,,,,,,,,,,,,,,,,,,,,,,,,,,,,,,,,,,,,,,
,,,,,,,,,,,,,,,,,,,,,,,,,,,,,,,,,,,,,,,,,,,,,,,,,,,,,,,,,,,,,,,,,,,,,,,,,,,,,,,,,,,,,,,,,,,,,,,,,,,,,,,,,,,,,,,,,,,,,,,,,,,,,,,,,,,,,,,,,,,,,,,,,,,,,,,,,,,,,,,,,,,,,,,,,,,,,,,,,,,,,,,,,,,,,,,,,,,,,,,,,,,
,,,,,,,,,,,,,,,,,,,,,,,,,,,,,,,,,,,,,,,,,,,,,,,,,,,,,,,,,,,,,,,,,,,,,,,,,,,,,,,,,,,,,,,,,,,,,,,,,,,,,,,,,,,,,,,,,,,,,,,,,,,,,,,,,,,,,,,,,,,,,,,,,,,,,,,,,,,,,,,,,,,,,,,,,,,,,,,,,,,,,,,,,,,,,,,,,,,,,,,,,,,
,,,,,,,,,,,,,,,,,,,,,,,,,,,,,,,,,,,,,,,,,,,,,,,,,,,,,,,,,,,,,,,,,,,,,,,,,,,,,,,,,,,,,,,,,,,,,,,,,,,,,,,,,,,,,,,,,,,,,,,,,,,,,,,,,,,,,,,,,,,,,,,,,,,,,,,,,,,,,,,,,,,,,,,,,,,,,,,,,,,,,,,,,,,,,,,,,,,,,,,,,,,
,,,,,,,,,,,,,,,,,,,,,,,,,,,,,,,,,,,,,,,,,,,,,,,,,,,,,,,,,,,,,,,,,,,,,,,,,,,,,,,,,,,,,,,,,,,,,,,,,,,,,,,,,,,,,,,,,,,,,,,,,,,,,,,,,,,,,,,,,,,,,,,,,,,,,,,,,,,,,,,,,,,,,,,,,,,,,,,,,,,,,,,,,,,,,,,,,,,,,,,,,,,
,,,,,,,,,,,,,,,,,,,,,,,,,,,,,,,,,,,,,,,,,,,,,,,,,,,,,,,,,,,,,,,,,,,,,,,,,,,,,,,,,,,,,,,,,,,,,,,,,,,,,,,,,,,,,,,,,,,,,,,,,,,,,,,,,,,,,,,,,,,,,,,,,,,,,,,,,,,,,,,,,,,,,,,,,,,,,,,,,,,,,,,,,,,,,,,,,,,,,,,,,,,
,,,,,,,,,,,,,,,,,,,,,,,,,,,,,,,,,,,,,,,,,,,,,,,,,,,,,,,,,,,,,,,,,,,,,,,,,,,,,,,,,,,,,,,,,,,,,,,,,,,,,,,,,,,,,,,,,,,,,,,,,,,,,,,,,,,,,,,,,,,,,,,,,,,,,,,,,,,,,,,,,,,,,,,,,,,,,,,,,,,,,,,,,,,,,,,,,,,,,,,,,,,
,,,,,,,,,,,,,,,,,,,,,,,,,,,,,,,,,,,,,,,,,,,,,,,,,,,,,,,,,,,,,,,,,,,,,,,,,,,,,,,,,,,,,,,,,,,,,,,,,,,,,,,,,,,,,,,,,,,,,,,,,,,,,,,,,,,,,,,,,,,,,,,,,,,,,,,,,,,,,,,,,,,,,,,,,,,,,,,,,,,,,,,,,,,,,,,,,,,,,,,,,,,
,,,,,,,,,,,,,,,,,,,,,,,,,,,,,,,,,,,,,,,,,,,,,,,,,,,,,,,,,,,,,,,,,,,,,,,,,,,,,,,,,,,,,,,,,,,,,,,,,,,,,,,,,,,,,,,,,,,,,,,,,,,,,,,,,,,,,,,,,,,,,,,,,,,,,,,,,,,,,,,,,,,,,,,,,,,,,,,,,,,,,,,,,,,,,,,,,,,,,,,,,,,
,,,,,,,,,,,,,,,,,,,,,,,,,,,,,,,,,,,,,,,,,,,,,,,,,,,,,,,,,,,,,,,,,,,,,,,,,,,,,,,,,,,,,,,,,,,,,,,,,,,,,,,,,,,,,,,,,,,,,,,,,,,,,,,,,,,,,,,,,,,,,,,,,,,,,,,,,,,,,,,,,,,,,,,,,,,,,,,,,,,,,,,,,,,,,,,,,,,,,,,,,,,
,,,,,,,,,,,,,,,,,,,,,,,,,,,,,,,,,,,,,,,,,,,,,,,,,,,,,,,,,,,,,,,,,,,,,,,,,,,,,,,,,,,,,,,,,,,,,,,,,,,,,,,,,,,,,,,,,,,,,,,,,,,,,,,,,,,,,,,,,,,,,,,,,,,,,,,,,,,,,,,,,,,,,,,,,,,,,,,,,,,,,,,,,,,,,,,,,,,,,,,,,,,
,,,,,,,,,,,,,,,,,,,,,,,,,,,,,,,,,,,,,,,,,,,,,,,,,,,,,,,,,,,,,,,,,,,,,,,,,,,,,,,,,,,,,,,,,,,,,,,,,,,,,,,,,,,,,,,,,,,,,,,,,,,,,,,,,,,,,,,,,,,,,,,,,,,,,,,,,,,,,,,,,,,,,,,,,,,,,,,,,,,,,,,,,,,,,,,,,,,,,,,,,,,
,,,,,,,,,,,,,,,,,,,,,,,,,,,,,,,,,,,,,,,,,,,,,,,,,,,,,,,,,,,,,,,,,,,,,,,,,,,,,,,,,,,,,,,,,,,,,,,,,,,,,,,,,,,,,,,,,,,,,,,,,,,,,,,,,,,,,,,,,,,,,,,,,,,,,,,,,,,,,,,,,,,,,,,,,,,,,,,,,,,,,,,,,,,,,,,,,,,,,,,,,,,
,,,,,,,,,,,,,,,,,,,,,,,,,,,,,,,,,,,,,,,,,,,,,,,,,,,,,,,,,,,,,,,,,,,,,,,,,,,,,,,,,,,,,,,,,,,,,,,,,,,,,,,,,,,,,,,,,,,,,,,,,,,,,,,,,,,,,,,,,,,,,,,,,,,,,,,,,,,,,,,,,,,,,,,,,,,,,,,,,,,,,,,,,,,,,,,,,,,,,,,,,,,
,,,,,,,,,,,,,,,,,,,,,,,,,,,,,,,,,,,,,,,,,,,,,,,,,,,,,,,,,,,,,,,,,,,,,,,,,,,,,,,,,,,,,,,,,,,,,,,,,,,,,,,,,,,,,,,,,,,,,,,,,,,,,,,,,,,,,,,,,,,,,,,,,,,,,,,,,,,,,,,,,,,,,,,,,,,,,,,,,,,,,,,,,,,,,,,,,,,,,,,,,,,
,,,,,,,,,,,,,,,,,,,,,,,,,,,,,,,,,,,,,,,,,,,,,,,,,,,,,,,,,,,,,,,,,,,,,,,,,,,,,,,,,,,,,,,,,,,,,,,,,,,,,,,,,,,,,,,,,,,,,,,,,,,,,,,,,,,,,,,,,,,,,,,,,,,,,,,,,,,,,,,,,,,,,,,,,,,,,,,,,,,,,,,,,,,,,,,,,,,,,,,,,,,
,,,,,,,,,,,,,,,,,,,,,,,,,,,,,,,,,,,,,,,,,,,,,,,,,,,,,,,,,,,,,,,,,,,,,,,,,,,,,,,,,,,,,,,,,,,,,,,,,,,,,,,,,,,,,,,,,,,,,,,,,,,,,,,,,,,,,,,,,,,,,,,,,,,,,,,,,,,,,,,,,,,,,,,,,,,,,,,,,,,,,,,,,,,,,,,,,,,,,,,,,,,
,,,,,,,,,,,,,,,,,,,,,,,,,,,,,,,,,,,,,,,,,,,,,,,,,,,,,,,,,,,,,,,,,,,,,,,,,,,,,,,,,,,,,,,,,,,,,,,,,,,,,,,,,,,,,,,,,,,,,,,,,,,,,,,,,,,,,,,,,,,,,,,,,,,,,,,,,,,,,,,,,,,,,,,,,,,,,,,,,,,,,,,,,,,,,,,,,,,,,,,,,,,
,,,,,,,,,,,,,,,,,,,,,,,,,,,,,,,,,,,,,,,,,,,,,,,,,,,,,,,,,,,,,,,,,,,,,,,,,,,,,,,,,,,,,,,,,,,,,,,,,,,,,,,,,,,,,,,,,,,,,,,,,,,,,,,,,,,,,,,,,,,,,,,,,,,,,,,,,,,,,,,,,,,,,,,,,,,,,,,,,,,,,,,,,,,,,,,,,,,,,,,,,,,
,,,,,,,,,,,,,,,,,,,,,,,,,,,,,,,,,,,,,,,,,,,,,,,,,,,,,,,,,,,,,,,,,,,,,,,,,,,,,,,,,,,,,,,,,,,,,,,,,,,,,,,,,,,,,,,,,,,,,,,,,,,,,,,,,,,,,,,,,,,,,,,,,,,,,,,,,,,,,,,,,,,,,,,,,,,,,,,,,,,,,,,,,,,,,,,,,,,,,,,,,,,
,,,,,,,,,,,,,,,,,,,,,,,,,,,,,,,,,,,,,,,,,,,,,,,,,,,,,,,,,,,,,,,,,,,,,,,,,,,,,,,,,,,,,,,,,,,,,,,,,,,,,,,,,,,,,,,,,,,,,,,,,,,,,,,,,,,,,,,,,,,,,,,,,,,,,,,,,,,,,,,,,,,,,,,,,,,,,,,,,,,,,,,,,,,,,,,,,,,,,,,,,,,
,,,,,,,,,,,,,,,,,,,,,,,,,,,,,,,,,,,,,,,,,,,,,,,,,,,,,,,,,,,,,,,,,,,,,,,,,,,,,,,,,,,,,,,,,,,,,,,,,,,,,,,,,,,,,,,,,,,,,,,,,,,,,,,,,,,,,,,,,,,,,,,,,,,,,,,,,,,,,,,,,,,,,,,,,,,,,,,,,,,,,,,,,,,,,,,,,,,,,,,,,,,
,,,,,,,,,,,,,,,,,,,,,,,,,,,,,,,,,,,,,,,,,,,,,,,,,,,,,,,,,,,,,,,,,,,,,,,,,,,,,,,,,,,,,,,,,,,,,,,,,,,,,,,,,,,,,,,,,,,,,,,,,,,,,,,,,,,,,,,,,,,,,,,,,,,,,,,,,,,,,,,,,,,,,,,,,,,,,,,,,,,,,,,,,,,,,,,,,,,,,,,,,,,
,,,,,,,,,,,,,,,,,,,,,,,,,,,,,,,,,,,,,,,,,,,,,,,,,,,,,,,,,,,,,,,,,,,,,,,,,,,,,,,,,,,,,,,,,,,,,,,,,,,,,,,,,,,,,,,,,,,,,,,,,,,,,,,,,,,,,,,,,,,,,,,,,,,,,,,,,,,,,,,,,,,,,,,,,,,,,,,,,,,,,,,,,,,,,,,,,,,,,,,,,,,
,,,,,,,,,,,,,,,,,,,,,,,,,,,,,,,,,,,,,,,,,,,,,,,,,,,,,,,,,,,,,,,,,,,,,,,,,,,,,,,,,,,,,,,,,,,,,,,,,,,,,,,,,,,,,,,,,,,,,,,,,,,,,,,,,,,,,,,,,,,,,,,,,,,,,,,,,,,,,,,,,,,,,,,,,,,,,,,,,,,,,,,,,,,,,,,,,,,,,,,,,,,
,,,,,,,,,,,,,,,,,,,,,,,,,,,,,,,,,,,,,,,,,,,,,,,,,,,,,,,,,,,,,,,,,,,,,,,,,,,,,,,,,,,,,,,,,,,,,,,,,,,,,,,,,,,,,,,,,,,,,,,,,,,,,,,,,,,,,,,,,,,,,,,,,,,,,,,,,,,,,,,,,,,,,,,,,,,,,,,,,,,,,,,,,,,,,,,,,,,,,,,,,,,
,,,,,,,,,,,,,,,,,,,,,,,,,,,,,,,,,,,,,,,,,,,,,,,,,,,,,,,,,,,,,,,,,,,,,,,,,,,,,,,,,,,,,,,,,,,,,,,,,,,,,,,,,,,,,,,,,,,,,,,,,,,,,,,,,,,,,,,,,,,,,,,,,,,,,,,,,,,,,,,,,,,,,,,,,,,,,,,,,,,,,,,,,,,,,,,,,,,,,,,,,,,
,,,,,,,,,,,,,,,,,,,,,,,,,,,,,,,,,,,,,,,,,,,,,,,,,,,,,,,,,,,,,,,,,,,,,,,,,,,,,,,,,,,,,,,,,,,,,,,,,,,,,,,,,,,,,,,,,,,,,,,,,,,,,,,,,,,,,,,,,,,,,,,,,,,,,,,,,,,,,,,,,,,,,,,,,,,,,,,,,,,,,,,,,,,,,,,,,,,,,,,,,,,
,,,,,,,,,,,,,,,,,,,,,,,,,,,,,,,,,,,,,,,,,,,,,,,,,,,,,,,,,,,,,,,,,,,,,,,,,,,,,,,,,,,,,,,,,,,,,,,,,,,,,,,,,,,,,,,,,,,,,,,,,,,,,,,,,,,,,,,,,,,,,,,,,,,,,,,,,,,,,,,,,,,,,,,,,,,,,,,,,,,,,,,,,,,,,,,,,,,,,,,,,,,
,,,,,,,,,,,,,,,,,,,,,,,,,,,,,,,,,,,,,,,,,,,,,,,,,,,,,,,,,,,,,,,,,,,,,,,,,,,,,,,,,,,,,,,,,,,,,,,,,,,,,,,,,,,,,,,,,,,,,,,,,,,,,,,,,,,,,,,,,,,,,,,,,,,,,,,,,,,,,,,,,,,,,,,,,,,,,,,,,,,,,,,,,,,,,,,,,,,,,,,,,,,
,,,,,,,,,,,,,,,,,,,,,,,,,,,,,,,,,,,,,,,,,,,,,,,,,,,,,,,,,,,,,,,,,,,,,,,,,,,,,,,,,,,,,,,,,,,,,,,,,,,,,,,,,,,,,,,,,,,,,,,,,,,,,,,,,,,,,,,,,,,,,,,,,,,,,,,,,,,,,,,,,,,,,,,,,,,,,,,,,,,,,,,,,,,,,,,,,,,,,,,,,,,
,,,,,,,,,,,,,,,,,,,,,,,,,,,,,,,,,,,,,,,,,,,,,,,,,,,,,,,,,,,,,,,,,,,,,,,,,,,,,,,,,,,,,,,,,,,,,,,,,,,,,,,,,,,,,,,,,,,,,,,,,,,,,,,,,,,,,,,,,,,,,,,,,,,,,,,,,,,,,,,,,,,,,,,,,,,,,,,,,,,,,,,,,,,,,,,,,,,,,,,,,,,
,,,,,,,,,,,,,,,,,,,,,,,,,,,,,,,,,,,,,,,,,,,,,,,,,,,,,,,,,,,,,,,,,,,,,,,,,,,,,,,,,,,,,,,,,,,,,,,,,,,,,,,,,,,,,,,,,,,,,,,,,,,,,,,,,,,,,,,,,,,,,,,,,,,,,,,,,,,,,,,,,,,,,,,,,,,,,,,,,,,,,,,,,,,,,,,,,,,,,,,,,,,
,,,,,,,,,,,,,,,,,,,,,,,,,,,,,,,,,,,,,,,,,,,,,,,,,,,,,,,,,,,,,,,,,,,,,,,,,,,,,,,,,,,,,,,,,,,,,,,,,,,,,,,,,,,,,,,,,,,,,,,,,,,,,,,,,,,,,,,,,,,,,,,,,,,,,,,,,,,,,,,,,,,,,,,,,,,,,,,,,,,,,,,,,,,,,,,,,,,,,,,,,,,
,,,,,,,,,,,,,,,,,,,,,,,,,,,,,,,,,,,,,,,,,,,,,,,,,,,,,,,,,,,,,,,,,,,,,,,,,,,,,,,,,,,,,,,,,,,,,,,,,,,,,,,,,,,,,,,,,,,,,,,,,,,,,,,,,,,,,,,,,,,,,,,,,,,,,,,,,,,,,,,,,,,,,,,,,,,,,,,,,,,,,,,,,,,,,,,,,,,,,,,,,,,
,,,,,,,,,,,,,,,,,,,,,,,,,,,,,,,,,,,,,,,,,,,,,,,,,,,,,,,,,,,,,,,,,,,,,,,,,,,,,,,,,,,,,,,,,,,,,,,,,,,,,,,,,,,,,,,,,,,,,,,,,,,,,,,,,,,,,,,,,,,,,,,,,,,,,,,,,,,,,,,,,,,,,,,,,,,,,,,,,,,,,,,,,,,,,,,,,,,,,,,,,,,
,,,,,,,,,,,,,,,,,,,,,,,,,,,,,,,,,,,,,,,,,,,,,,,,,,,,,,,,,,,,,,,,,,,,,,,,,,,,,,,,,,,,,,,,,,,,,,,,,,,,,,,,,,,,,,,,,,,,,,,,,,,,,,,,,,,,,,,,,,,,,,,,,,,,,,,,,,,,,,,,,,,,,,,,,,,,,,,,,,,,,,,,,,,,,,,,,,,,,,,,,,,
,,,,,,,,,,,,,,,,,,,,,,,,,,,,,,,,,,,,,,,,,,,,,,,,,,,,,,,,,,,,,,,,,,,,,,,,,,,,,,,,,,,,,,,,,,,,,,,,,,,,,,,,,,,,,,,,,,,,,,,,,,,,,,,,,,,,,,,,,,,,,,,,,,,,,,,,,,,,,,,,,,,,,,,,,,,,,,,,,,,,,,,,,,,,,,,,,,,,,,,,,,,
,,,,,,,,,,,,,,,,,,,,,,,,,,,,,,,,,,,,,,,,,,,,,,,,,,,,,,,,,,,,,,,,,,,,,,,,,,,,,,,,,,,,,,,,,,,,,,,,,,,,,,,,,,,,,,,,,,,,,,,,,,,,,,,,,,,,,,,,,,,,,,,,,,,,,,,,,,,,,,,,,,,,,,,,,,,,,,,,,,,,,,,,,,,,,,,,,,,,,,,,,,,
,,,,,,,,,,,,,,,,,,,,,,,,,,,,,,,,,,,,,,,,,,,,,,,,,,,,,,,,,,,,,,,,,,,,,,,,,,,,,,,,,,,,,,,,,,,,,,,,,,,,,,,,,,,,,,,,,,,,,,,,,,,,,,,,,,,,,,,,,,,,,,,,,,,,,,,,,,,,,,,,,,,,,,,,,,,,,,,,,,,,,,,,,,,,,,,,,,,,,,,,,,,
,,,,,,,,,,,,,,,,,,,,,,,,,,,,,,,,,,,,,,,,,,,,,,,,,,,,,,,,,,,,,,,,,,,,,,,,,,,,,,,,,,,,,,,,,,,,,,,,,,,,,,,,,,,,,,,,,,,,,,,,,,,,,,,,,,,,,,,,,,,,,,,,,,,,,,,,,,,,,,,,,,,,,,,,,,,,,,,,,,,,,,,,,,,,,,,,,,,,,,,,,,,
,,,,,,,,,,,,,,,,,,,,,,,,,,,,,,,,,,,,,,,,,,,,,,,,,,,,,,,,,,,,,,,,,,,,,,,,,,,,,,,,,,,,,,,,,,,,,,,,,,,,,,,,,,,,,,,,,,,,,,,,,,,,,,,,,,,,,,,,,,,,,,,,,,,,,,,,,,,,,,,,,,,,,,,,,,,,,,,,,,,,,,,,,,,,,,,,,,,,,,,,,,,
,,,,,,,,,,,,,,,,,,,,,,,,,,,,,,,,,,,,,,,,,,,,,,,,,,,,,,,,,,,,,,,,,,,,,,,,,,,,,,,,,,,,,,,,,,,,,,,,,,,,,,,,,,,,,,,,,,,,,,,,,,,,,,,,,,,,,,,,,,,,,,,,,,,,,,,,,,,,,,,,,,,,,,,,,,,,,,,,,,,,,,,,,,,,,,,,,,,,,,,,,,,
,,,,,,,,,,,,,,,,,,,,,,,,,,,,,,,,,,,,,,,,,,,,,,,,,,,,,,,,,,,,,,,,,,,,,,,,,,,,,,,,,,,,,,,,,,,,,,,,,,,,,,,,,,,,,,,,,,,,,,,,,,,,,,,,,,,,,,,,,,,,,,,,,,,,,,,,,,,,,,,,,,,,,,,,,,,,,,,,,,,,,,,,,,,,,,,,,,,,,,,,,,,
,,,,,,,,,,,,,,,,,,,,,,,,,,,,,,,,,,,,,,,,,,,,,,,,,,,,,,,,,,,,,,,,,,,,,,,,,,,,,,,,,,,,,,,,,,,,,,,,,,,,,,,,,,,,,,,,,,,,,,,,,,,,,,,,,,,,,,,,,,,,,,,,,,,,,,,,,,,,,,,,,,,,,,,,,,,,,,,,,,,,,,,,,,,,,,,,,,,,,,,,,,,
,,,,,,,,,,,,,,,,,,,,,,,,,,,,,,,,,,,,,,,,,,,,,,,,,,,,,,,,,,,,,,,,,,,,,,,,,,,,,,,,,,,,,,,,,,,,,,,,,,,,,,,,,,,,,,,,,,,,,,,,,,,,,,,,,,,,,,,,,,,,,,,,,,,,,,,,,,,,,,,,,,,,,,,,,,,,,,,,,,,,,,,,,,,,,,,,,,,,,,,,,,,
,,,,,,,,,,,,,,,,,,,,,,,,,,,,,,,,,,,,,,,,,,,,,,,,,,,,,,,,,,,,,,,,,,,,,,,,,,,,,,,,,,,,,,,,,,,,,,,,,,,,,,,,,,,,,,,,,,,,,,,,,,,,,,,,,,,,,,,,,,,,,,,,,,,,,,,,,,,,,,,,,,,,,,,,,,,,,,,,,,,,,,,,,,,,,,,,,,,,,,,,,,,
,,,,,,,,,,,,,,,,,,,,,,,,,,,,,,,,,,,,,,,,,,,,,,,,,,,,,,,,,,,,,,,,,,,,,,,,,,,,,,,,,,,,,,,,,,,,,,,,,,,,,,,,,,,,,,,,,,,,,,,,,,,,,,,,,,,,,,,,,,,,,,,,,,,,,,,,,,,,,,,,,,,,,,,,,,,,,,,,,,,,,,,,,,,,,,,,,,,,,,,,,,,
,,,,,,,,,,,,,,,,,,,,,,,,,,,,,,,,,,,,,,,,,,,,,,,,,,,,,,,,,,,,,,,,,,,,,,,,,,,,,,,,,,,,,,,,,,,,,,,,,,,,,,,,,,,,,,,,,,,,,,,,,,,,,,,,,,,,,,,,,,,,,,,,,,,,,,,,,,,,,,,,,,,,,,,,,,,,,,,,,,,,,,,,,,,,,,,,,,,,,,,,,,,
,,,,,,,,,,,,,,,,,,,,,,,,,,,,,,,,,,,,,,,,,,,,,,,,,,,,,,,,,,,,,,,,,,,,,,,,,,,,,,,,,,,,,,,,,,,,,,,,,,,,,,,,,,,,,,,,,,,,,,,,,,,,,,,,,,,,,,,,,,,,,,,,,,,,,,,,,,,,,,,,,,,,,,,,,,,,,,,,,,,,,,,,,,,,,,,,,,,,,,,,,,,
,,,,,,,,,,,,,,,,,,,,,,,,,,,,,,,,,,,,,,,,,,,,,,,,,,,,,,,,,,,,,,,,,,,,,,,,,,,,,,,,,,,,,,,,,,,,,,,,,,,,,,,,,,,,,,,,,,,,,,,,,,,,,,,,,,,,,,,,,,,,,,,,,,,,,,,,,,,,,,,,,,,,,,,,,,,,,,,,,,,,,,,,,,,,,,,,,,,,,,,,,,,
,,,,,,,,,,,,,,,,,,,,,,,,,,,,,,,,,,,,,,,,,,,,,,,,,,,,,,,,,,,,,,,,,,,,,,,,,,,,,,,,,,,,,,,,,,,,,,,,,,,,,,,,,,,,,,,,,,,,,,,,,,,,,,,,,,,,,,,,,,,,,,,,,,,,,,,,,,,,,,,,,,,,,,,,,,,,,,,,,,,,,,,,,,,,,,,,,,,,,,,,,,,
,,,,,,,,,,,,,,,,,,,,,,,,,,,,,,,,,,,,,,,,,,,,,,,,,,,,,,,,,,,,,,,,,,,,,,,,,,,,,,,,,,,,,,,,,,,,,,,,,,,,,,,,,,,,,,,,,,,,,,,,,,,,,,,,,,,,,,,,,,,,,,,,,,,,,,,,,,,,,,,,,,,,,,,,,,,,,,,,,,,,,,,,,,,,,,,,,,,,,,,,,,,
,,,,,,,,,,,,,,,,,,,,,,,,,,,,,,,,,,,,,,,,,,,,,,,,,,,,,,,,,,,,,,,,,,,,,,,,,,,,,,,,,,,,,,,,,,,,,,,,,,,,,,,,,,,,,,,,,,,,,,,,,,,,,,,,,,,,,,,,,,,,,,,,,,,,,,,,,,,,,,,,,,,,,,,,,,,,,,,,,,,,,,,,,,,,,,,,,,,,,,,,,,,
,,,,,,,,,,,,,,,,,,,,,,,,,,,,,,,,,,,,,,,,,,,,,,,,,,,,,,,,,,,,,,,,,,,,,,,,,,,,,,,,,,,,,,,,,,,,,,,,,,,,,,,,,,,,,,,,,,,,,,,,,,,,,,,,,,,,,,,,,,,,,,,,,,,,,,,,,,,,,,,,,,,,,,,,,,,,,,,,,,,,,,,,,,,,,,,,,,,,,,,,,,,
,,,,,,,,,,,,,,,,,,,,,,,,,,,,,,,,,,,,,,,,,,,,,,,,,,,,,,,,,,,,,,,,,,,,,,,,,,,,,,,,,,,,,,,,,,,,,,,,,,,,,,,,,,,,,,,,,,,,,,,,,,,,,,,,,,,,,,,,,,,,,,,,,,,,,,,,,,,,,,,,,,,,,,,,,,,,,,,,,,,,,,,,,,,,,,,,,,,,,,,,,,,
,,,,,,,,,,,,,,,,,,,,,,,,,,,,,,,,,,,,,,,,,,,,,,,,,,,,,,,,,,,,,,,,,,,,,,,,,,,,,,,,,,,,,,,,,,,,,,,,,,,,,,,,,,,,,,,,,,,,,,,,,,,,,,,,,,,,,,,,,,,,,,,,,,,,,,,,,,,,,,,,,,,,,,,,,,,,,,,,,,,,,,,,,,,,,,,,,,,,,,,,,,,
,,,,,,,,,,,,,,,,,,,,,,,,,,,,,,,,,,,,,,,,,,,,,,,,,,,,,,,,,,,,,,,,,,,,,,,,,,,,,,,,,,,,,,,,,,,,,,,,,,,,,,,,,,,,,,,,,,,,,,,,,,,,,,,,,,,,,,,,,,,,,,,,,,,,,,,,,,,,,,,,,,,,,,,,,,,,,,,,,,,,,,,,,,,,,,,,,,,,,,,,,,,
,,,,,,,,,,,,,,,,,,,,,,,,,,,,,,,,,,,,,,,,,,,,,,,,,,,,,,,,,,,,,,,,,,,,,,,,,,,,,,,,,,,,,,,,,,,,,,,,,,,,,,,,,,,,,,,,,,,,,,,,,,,,,,,,,,,,,,,,,,,,,,,,,,,,,,,,,,,,,,,,,,,,,,,,,,,,,,,,,,,,,,,,,,,,,,,,,,,,,,,,,,,
,,,,,,,,,,,,,,,,,,,,,,,,,,,,,,,,,,,,,,,,,,,,,,,,,,,,,,,,,,,,,,,,,,,,,,,,,,,,,,,,,,,,,,,,,,,,,,,,,,,,,,,,,,,,,,,,,,,,,,,,,,,,,,,,,,,,,,,,,,,,,,,,,,,,,,,,,,,,,,,,,,,,,,,,,,,,,,,,,,,,,,,,,,,,,,,,,,,,,,,,,,,
,,,,,,,,,,,,,,,,,,,,,,,,,,,,,,,,,,,,,,,,,,,,,,,,,,,,,,,,,,,,,,,,,,,,,,,,,,,,,,,,,,,,,,,,,,,,,,,,,,,,,,,,,,,,,,,,,,,,,,,,,,,,,,,,,,,,,,,,,,,,,,,,,,,,,,,,,,,,,,,,,,,,,,,,,,,,,,,,,,,,,,,,,,,,,,,,,,,,,,,,,,,
,,,,,,,,,,,,,,,,,,,,,,,,,,,,,,,,,,,,,,,,,,,,,,,,,,,,,,,,,,,,,,,,,,,,,,,,,,,,,,,,,,,,,,,,,,,,,,,,,,,,,,,,,,,,,,,,,,,,,,,,,,,,,,,,,,,,,,,,,,,,,,,,,,,,,,,,,,,,,,,,,,,,,,,,,,,,,,,,,,,,,,,,,,,,,,,,,,,,,,,,,,,
,,,,,,,,,,,,,,,,,,,,,,,,,,,,,,,,,,,,,,,,,,,,,,,,,,,,,,,,,,,,,,,,,,,,,,,,,,,,,,,,,,,,,,,,,,,,,,,,,,,,,,,,,,,,,,,,,,,,,,,,,,,,,,,,,,,,,,,,,,,,,,,,,,,,,,,,,,,,,,,,,,,,,,,,,,,,,,,,,,,,,,,,,,,,,,,,,,,,,,,,,,,
,,,,,,,,,,,,,,,,,,,,,,,,,,,,,,,,,,,,,,,,,,,,,,,,,,,,,,,,,,,,,,,,,,,,,,,,,,,,,,,,,,,,,,,,,,,,,,,,,,,,,,,,,,,,,,,,,,,,,,,,,,,,,,,,,,,,,,,,,,,,,,,,,,,,,,,,,,,,,,,,,,,,,,,,,,,,,,,,,,,,,,,,,,,,,,,,,,,,,,,,,,,
,,,,,,,,,,,,,,,,,,,,,,,,,,,,,,,,,,,,,,,,,,,,,,,,,,,,,,,,,,,,,,,,,,,,,,,,,,,,,,,,,,,,,,,,,,,,,,,,,,,,,,,,,,,,,,,,,,,,,,,,,,,,,,,,,,,,,,,,,,,,,,,,,,,,,,,,,,,,,,,,,,,,,,,,,,,,,,,,,,,,,,,,,,,,,,,,,,,,,,,,,,,
,,,,,,,,,,,,,,,,,,,,,,,,,,,,,,,,,,,,,,,,,,,,,,,,,,,,,,,,,,,,,,,,,,,,,,,,,,,,,,,,,,,,,,,,,,,,,,,,,,,,,,,,,,,,,,,,,,,,,,,,,,,,,,,,,,,,,,,,,,,,,,,,,,,,,,,,,,,,,,,,,,,,,,,,,,,,,,,,,,,,,,,,,,,,,,,,,,,,,,,,,,,
,,,,,,,,,,,,,,,,,,,,,,,,,,,,,,,,,,,,,,,,,,,,,,,,,,,,,,,,,,,,,,,,,,,,,,,,,,,,,,,,,,,,,,,,,,,,,,,,,,,,,,,,,,,,,,,,,,,,,,,,,,,,,,,,,,,,,,,,,,,,,,,,,,,,,,,,,,,,,,,,,,,,,,,,,,,,,,,,,,,,,,,,,,,,,,,,,,,,,,,,,,,
,,,,,,,,,,,,,,,,,,,,,,,,,,,,,,,,,,,,,,,,,,,,,,,,,,,,,,,,,,,,,,,,,,,,,,,,,,,,,,,,,,,,,,,,,,,,,,,,,,,,,,,,,,,,,,,,,,,,,,,,,,,,,,,,,,,,,,,,,,,,,,,,,,,,,,,,,,,,,,,,,,,,,,,,,,,,,,,,,,,,,,,,,,,,,,,,,,,,,,,,,,,
,,,,,,,,,,,,,,,,,,,,,,,,,,,,,,,,,,,,,,,,,,,,,,,,,,,,,,,,,,,,,,,,,,,,,,,,,,,,,,,,,,,,,,,,,,,,,,,,,,,,,,,,,,,,,,,,,,,,,,,,,,,,,,,,,,,,,,,,,,,,,,,,,,,,,,,,,,,,,,,,,,,,,,,,,,,,,,,,,,,,,,,,,,,,,,,,,,,,,,,,,,,
,,,,,,,,,,,,,,,,,,,,,,,,,,,,,,,,,,,,,,,,,,,,,,,,,,,,,,,,,,,,,,,,,,,,,,,,,,,,,,,,,,,,,,,,,,,,,,,,,,,,,,,,,,,,,,,,,,,,,,,,,,,,,,,,,,,,,,,,,,,,,,,,,,,,,,,,,,,,,,,,,,,,,,,,,,,,,,,,,,,,,,,,,,,,,,,,,,,,,,,,,,,
,,,,,,,,,,,,,,,,,,,,,,,,,,,,,,,,,,,,,,,,,,,,,,,,,,,,,,,,,,,,,,,,,,,,,,,,,,,,,,,,,,,,,,,,,,,,,,,,,,,,,,,,,,,,,,,,,,,,,,,,,,,,,,,,,,,,,,,,,,,,,,,,,,,,,,,,,,,,,,,,,,,,,,,,,,,,,,,,,,,,,,,,,,,,,,,,,,,,,,,,,,,
,,,,,,,,,,,,,,,,,,,,,,,,,,,,,,,,,,,,,,,,,,,,,,,,,,,,,,,,,,,,,,,,,,,,,,,,,,,,,,,,,,,,,,,,,,,,,,,,,,,,,,,,,,,,,,,,,,,,,,,,,,,,,,,,,,,,,,,,,,,,,,,,,,,,,,,,,,,,,,,,,,,,,,,,,,,,,,,,,,,,,,,,,,,,,,,,,,,,,,,,,,,
,,,,,,,,,,,,,,,,,,,,,,,,,,,,,,,,,,,,,,,,,,,,,,,,,,,,,,,,,,,,,,,,,,,,,,,,,,,,,,,,,,,,,,,,,,,,,,,,,,,,,,,,,,,,,,,,,,,,,,,,,,,,,,,,,,,,,,,,,,,,,,,,,,,,,,,,,,,,,,,,,,,,,,,,,,,,,,,,,,,,,,,,,,,,,,,,,,,,,,,,,,,
,,,,,,,,,,,,,,,,,,,,,,,,,,,,,,,,,,,,,,,,,,,,,,,,,,,,,,,,,,,,,,,,,,,,,,,,,,,,,,,,,,,,,,,,,,,,,,,,,,,,,,,,,,,,,,,,,,,,,,,,,,,,,,,,,,,,,,,,,,,,,,,,,,,,,,,,,,,,,,,,,,,,,,,,,,,,,,,,,,,,,,,,,,,,,,,,,,,,,,,,,,,
,,,,,,,,,,,,,,,,,,,,,,,,,,,,,,,,,,,,,,,,,,,,,,,,,,,,,,,,,,,,,,,,,,,,,,,,,,,,,,,,,,,,,,,,,,,,,,,,,,,,,,,,,,,,,,,,,,,,,,,,,,,,,,,,,,,,,,,,,,,,,,,,,,,,,,,,,,,,,,,,,,,,,,,,,,,,,,,,,,,,,,,,,,,,,,,,,,,,,,,,,,,
,,,,,,,,,,,,,,,,,,,,,,,,,,,,,,,,,,,,,,,,,,,,,,,,,,,,,,,,,,,,,,,,,,,,,,,,,,,,,,,,,,,,,,,,,,,,,,,,,,,,,,,,,,,,,,,,,,,,,,,,,,,,,,,,,,,,,,,,,,,,,,,,,,,,,,,,,,,,,,,,,,,,,,,,,,,,,,,,,,,,,,,,,,,,,,,,,,,,,,,,,,,
,,,,,,,,,,,,,,,,,,,,,,,,,,,,,,,,,,,,,,,,,,,,,,,,,,,,,,,,,,,,,,,,,,,,,,,,,,,,,,,,,,,,,,,,,,,,,,,,,,,,,,,,,,,,,,,,,,,,,,,,,,,,,,,,,,,,,,,,,,,,,,,,,,,,,,,,,,,,,,,,,,,,,,,,,,,,,,,,,,,,,,,,,,,,,,,,,,,,,,,,,,,
,,,,,,,,,,,,,,,,,,,,,,,,,,,,,,,,,,,,,,,,,,,,,,,,,,,,,,,,,,,,,,,,,,,,,,,,,,,,,,,,,,,,,,,,,,,,,,,,,,,,,,,,,,,,,,,,,,,,,,,,,,,,,,,,,,,,,,,,,,,,,,,,,,,,,,,,,,,,,,,,,,,,,,,,,,,,,,,,,,,,,,,,,,,,,,,,,,,,,,,,,,,
,,,,,,,,,,,,,,,,,,,,,,,,,,,,,,,,,,,,,,,,,,,,,,,,,,,,,,,,,,,,,,,,,,,,,,,,,,,,,,,,,,,,,,,,,,,,,,,,,,,,,,,,,,,,,,,,,,,,,,,,,,,,,,,,,,,,,,,,,,,,,,,,,,,,,,,,,,,,,,,,,,,,,,,,,,,,,,,,,,,,,,,,,,,,,,,,,,,,,,,,,,,
,,,,,,,,,,,,,,,,,,,,,,,,,,,,,,,,,,,,,,,,,,,,,,,,,,,,,,,,,,,,,,,,,,,,,,,,,,,,,,,,,,,,,,,,,,,,,,,,,,,,,,,,,,,,,,,,,,,,,,,,,,,,,,,,,,,,,,,,,,,,,,,,,,,,,,,,,,,,,,,,,,,,,,,,,,,,,,,,,,,,,,,,,,,,,,,,,,,,,,,,,,,
,,,,,,,,,,,,,,,,,,,,,,,,,,,,,,,,,,,,,,,,,,,,,,,,,,,,,,,,,,,,,,,,,,,,,,,,,,,,,,,,,,,,,,,,,,,,,,,,,,,,,,,,,,,,,,,,,,,,,,,,,,,,,,,,,,,,,,,,,,,,,,,,,,,,,,,,,,,,,,,,,,,,,,,,,,,,,,,,,,,,,,,,,,,,,,,,,,,,,,,,,,,
,,,,,,,,,,,,,,,,,,,,,,,,,,,,,,,,,,,,,,,,,,,,,,,,,,,,,,,,,,,,,,,,,,,,,,,,,,,,,,,,,,,,,,,,,,,,,,,,,,,,,,,,,,,,,,,,,,,,,,,,,,,,,,,,,,,,,,,,,,,,,,,,,,,,,,,,,,,,,,,,,,,,,,,,,,,,,,,,,,,,,,,,,,,,,,,,,,,,,,,,,,,
,,,,,,,,,,,,,,,,,,,,,,,,,,,,,,,,,,,,,,,,,,,,,,,,,,,,,,,,,,,,,,,,,,,,,,,,,,,,,,,,,,,,,,,,,,,,,,,,,,,,,,,,,,,,,,,,,,,,,,,,,,,,,,,,,,,,,,,,,,,,,,,,,,,,,,,,,,,,,,,,,,,,,,,,,,,,,,,,,,,,,,,,,,,,,,,,,,,,,,,,,,,
,,,,,,,,,,,,,,,,,,,,,,,,,,,,,,,,,,,,,,,,,,,,,,,,,,,,,,,,,,,,,,,,,,,,,,,,,,,,,,,,,,,,,,,,,,,,,,,,,,,,,,,,,,,,,,,,,,,,,,,,,,,,,,,,,,,,,,,,,,,,,,,,,,,,,,,,,,,,,,,,,,,,,,,,,,,,,,,,,,,,,,,,,,,,,,,,,,,,,,,,,,,
,,,,,,,,,,,,,,,,,,,,,,,,,,,,,,,,,,,,,,,,,,,,,,,,,,,,,,,,,,,,,,,,,,,,,,,,,,,,,,,,,,,,,,,,,,,,,,,,,,,,,,,,,,,,,,,,,,,,,,,,,,,,,,,,,,,,,,,,,,,,,,,,,,,,,,,,,,,,,,,,,,,,,,,,,,,,,,,,,,,,,,,,,,,,,,,,,,,,,,,,,,,
,,,,,,,,,,,,,,,,,,,,,,,,,,,,,,,,,,,,,,,,,,,,,,,,,,,,,,,,,,,,,,,,,,,,,,,,,,,,,,,,,,,,,,,,,,,,,,,,,,,,,,,,,,,,,,,,,,,,,,,,,,,,,,,,,,,,,,,,,,,,,,,,,,,,,,,,,,,,,,,,,,,,,,,,,,,,,,,,,,,,,,,,,,,,,,,,,,,,,,,,,,,
,,,,,,,,,,,,,,,,,,,,,,,,,,,,,,,,,,,,,,,,,,,,,,,,,,,,,,,,,,,,,,,,,,,,,,,,,,,,,,,,,,,,,,,,,,,,,,,,,,,,,,,,,,,,,,,,,,,,,,,,,,,,,,,,,,,,,,,,,,,,,,,,,,,,,,,,,,,,,,,,,,,,,,,,,,,,,,,,,,,,,,,,,,,,,,,,,,,,,,,,,,,
,,,,,,,,,,,,,,,,,,,,,,,,,,,,,,,,,,,,,,,,,,,,,,,,,,,,,,,,,,,,,,,,,,,,,,,,,,,,,,,,,,,,,,,,,,,,,,,,,,,,,,,,,,,,,,,,,,,,,,,,,,,,,,,,,,,,,,,,,,,,,,,,,,,,,,,,,,,,,,,,,,,,,,,,,,,,,,,,,,,,,,,,,,,,,,,,,,,,,,,,,,,
,,,,,,,,,,,,,,,,,,,,,,,,,,,,,,,,,,,,,,,,,,,,,,,,,,,,,,,,,,,,,,,,,,,,,,,,,,,,,,,,,,,,,,,,,,,,,,,,,,,,,,,,,,,,,,,,,,,,,,,,,,,,,,,,,,,,,,,,,,,,,,,,,,,,,,,,,,,,,,,,,,,,,,,,,,,,,,,,,,,,,,,,,,,,,,,,,,,,,,,,,,,
,,,,,,,,,,,,,,,,,,,,,,,,,,,,,,,,,,,,,,,,,,,,,,,,,,,,,,,,,,,,,,,,,,,,,,,,,,,,,,,,,,,,,,,,,,,,,,,,,,,,,,,,,,,,,,,,,,,,,,,,,,,,,,,,,,,,,,,,,,,,,,,,,,,,,,,,,,,,,,,,,,,,,,,,,,,,,,,,,,,,,,,,,,,,,,,,,,,,,,,,,,,
,,,,,,,,,,,,,,,,,,,,,,,,,,,,,,,,,,,,,,,,,,,,,,,,,,,,,,,,,,,,,,,,,,,,,,,,,,,,,,,,,,,,,,,,,,,,,,,,,,,,,,,,,,,,,,,,,,,,,,,,,,,,,,,,,,,,,,,,,,,,,,,,,,,,,,,,,,,,,,,,,,,,,,,,,,,,,,,,,,,,,,,,,,,,,,,,,,,,,,,,,,,
,,,,,,,,,,,,,,,,,,,,,,,,,,,,,,,,,,,,,,,,,,,,,,,,,,,,,,,,,,,,,,,,,,,,,,,,,,,,,,,,,,,,,,,,,,,,,,,,,,,,,,,,,,,,,,,,,,,,,,,,,,,,,,,,,,,,,,,,,,,,,,,,,,,,,,,,,,,,,,,,,,,,,,,,,,,,,,,,,,,,,,,,,,,,,,,,,,,,,,,,,,,
,,,,,,,,,,,,,,,,,,,,,,,,,,,,,,,,,,,,,,,,,,,,,,,,,,,,,,,,,,,,,,,,,,,,,,,,,,,,,,,,,,,,,,,,,,,,,,,,,,,,,,,,,,,,,,,,,,,,,,,,,,,,,,,,,,,,,,,,,,,,,,,,,,,,,,,,,,,,,,,,,,,,,,,,,,,,,,,,,,,,,,,,,,,,,,,,,,,,,,,,,,,
,,,,,,,,,,,,,,,,,,,,,,,,,,,,,,,,,,,,,,,,,,,,,,,,,,,,,,,,,,,,,,,,,,,,,,,,,,,,,,,,,,,,,,,,,,,,,,,,,,,,,,,,,,,,,,,,,,,,,,,,,,,,,,,,,,,,,,,,,,,,,,,,,,,,,,,,,,,,,,,,,,,,,,,,,,,,,,,,,,,,,,,,,,,,,,,,,,,,,,,,,,,
,,,,,,,,,,,,,,,,,,,,,,,,,,,,,,,,,,,,,,,,,,,,,,,,,,,,,,,,,,,,,,,,,,,,,,,,,,,,,,,,,,,,,,,,,,,,,,,,,,,,,,,,,,,,,,,,,,,,,,,,,,,,,,,,,,,,,,,,,,,,,,,,,,,,,,,,,,,,,,,,,,,,,,,,,,,,,,,,,,,,,,,,,,,,,,,,,,,,,,,,,,,
,,,,,,,,,,,,,,,,,,,,,,,,,,,,,,,,,,,,,,,,,,,,,,,,,,,,,,,,,,,,,,,,,,,,,,,,,,,,,,,,,,,,,,,,,,,,,,,,,,,,,,,,,,,,,,,,,,,,,,,,,,,,,,,,,,,,,,,,,,,,,,,,,,,,,,,,,,,,,,,,,,,,,,,,,,,,,,,,,,,,,,,,,,,,,,,,,,,,,,,,,,,
,,,,,,,,,,,,,,,,,,,,,,,,,,,,,,,,,,,,,,,,,,,,,,,,,,,,,,,,,,,,,,,,,,,,,,,,,,,,,,,,,,,,,,,,,,,,,,,,,,,,,,,,,,,,,,,,,,,,,,,,,,,,,,,,,,,,,,,,,,,,,,,,,,,,,,,,,,,,,,,,,,,,,,,,,,,,,,,,,,,,,,,,,,,,,,,,,,,,,,,,,,,
,,,,,,,,,,,,,,,,,,,,,,,,,,,,,,,,,,,,,,,,,,,,,,,,,,,,,,,,,,,,,,,,,,,,,,,,,,,,,,,,,,,,,,,,,,,,,,,,,,,,,,,,,,,,,,,,,,,,,,,,,,,,,,,,,,,,,,,,,,,,,,,,,,,,,,,,,,,,,,,,,,,,,,,,,,,,,,,,,,,,,,,,,,,,,,,,,,,,,,,,,,,
,,,,,,,,,,,,,,,,,,,,,,,,,,,,,,,,,,,,,,,,,,,,,,,,,,,,,,,,,,,,,,,,,,,,,,,,,,,,,,,,,,,,,,,,,,,,,,,,,,,,,,,,,,,,,,,,,,,,,,,,,,,,,,,,,,,,,,,,,,,,,,,,,,,,,,,,,,,,,,,,,,,,,,,,,,,,,,,,,,,,,,,,,,,,,,,,,,,,,,,,,,,
,,,,,,,,,,,,,,,,,,,,,,,,,,,,,,,,,,,,,,,,,,,,,,,,,,,,,,,,,,,,,,,,,,,,,,,,,,,,,,,,,,,,,,,,,,,,,,,,,,,,,,,,,,,,,,,,,,,,,,,,,,,,,,,,,,,,,,,,,,,,,,,,,,,,,,,,,,,,,,,,,,,,,,,,,,,,,,,,,,,,,,,,,,,,,,,,,,,,,,,,,,,
,,,,,,,,,,,,,,,,,,,,,,,,,,,,,,,,,,,,,,,,,,,,,,,,,,,,,,,,,,,,,,,,,,,,,,,,,,,,,,,,,,,,,,,,,,,,,,,,,,,,,,,,,,,,,,,,,,,,,,,,,,,,,,,,,,,,,,,,,,,,,,,,,,,,,,,,,,,,,,,,,,,,,,,,,,,,,,,,,,,,,,,,,,,,,,,,,,,,,,,,,,,
,,,,,,,,,,,,,,,,,,,,,,,,,,,,,,,,,,,,,,,,,,,,,,,,,,,,,,,,,,,,,,,,,,,,,,,,,,,,,,,,,,,,,,,,,,,,,,,,,,,,,,,,,,,,,,,,,,,,,,,,,,,,,,,,,,,,,,,,,,,,,,,,,,,,,,,,,,,,,,,,,,,,,,,,,,,,,,,,,,,,,,,,,,,,,,,,,,,,,,,,,,,
,,,,,,,,,,,,,,,,,,,,,,,,,,,,,,,,,,,,,,,,,,,,,,,,,,,,,,,,,,,,,,,,,,,,,,,,,,,,,,,,,,,,,,,,,,,,,,,,,,,,,,,,,,,,,,,,,,,,,,,,,,,,,,,,,,,,,,,,,,,,,,,,,,,,,,,,,,,,,,,,,,,,,,,,,,,,,,,,,,,,,,,,,,,,,,,,,,,,,,,,,,,
,,,,,,,,,,,,,,,,,,,,,,,,,,,,,,,,,,,,,,,,,,,,,,,,,,,,,,,,,,,,,,,,,,,,,,,,,,,,,,,,,,,,,,,,,,,,,,,,,,,,,,,,,,,,,,,,,,,,,,,,,,,,,,,,,,,,,,,,,,,,,,,,,,,,,,,,,,,,,,,,,,,,,,,,,,,,,,,,,,,,,,,,,,,,,,,,,,,,,,,,,,,
,,,,,,,,,,,,,,,,,,,,,,,,,,,,,,,,,,,,,,,,,,,,,,,,,,,,,,,,,,,,,,,,,,,,,,,,,,,,,,,,,,,,,,,,,,,,,,,,,,,,,,,,,,,,,,,,,,,,,,,,,,,,,,,,,,,,,,,,,,,,,,,,,,,,,,,,,,,,,,,,,,,,,,,,,,,,,,,,,,,,,,,,,,,,,,,,,,,,,,,,,,,
,,,,,,,,,,,,,,,,,,,,,,,,,,,,,,,,,,,,,,,,,,,,,,,,,,,,,,,,,,,,,,,,,,,,,,,,,,,,,,,,,,,,,,,,,,,,,,,,,,,,,,,,,,,,,,,,,,,,,,,,,,,,,,,,,,,,,,,,,,,,,,,,,,,,,,,,,,,,,,,,,,,,,,,,,,,,,,,,,,,,,,,,,,,,,,,,,,,,,,,,,,,
,,,,,,,,,,,,,,,,,,,,,,,,,,,,,,,,,,,,,,,,,,,,,,,,,,,,,,,,,,,,,,,,,,,,,,,,,,,,,,,,,,,,,,,,,,,,,,,,,,,,,,,,,,,,,,,,,,,,,,,,,,,,,,,,,,,,,,,,,,,,,,,,,,,,,,,,,,,,,,,,,,,,,,,,,,,,,,,,,,,,,,,,,,,,,,,,,,,,,,,,,,,
,,,,,,,,,,,,,,,,,,,,,,,,,,,,,,,,,,,,,,,,,,,,,,,,,,,,,,,,,,,,,,,,,,,,,,,,,,,,,,,,,,,,,,,,,,,,,,,,,,,,,,,,,,,,,,,,,,,,,,,,,,,,,,,,,,,,,,,,,,,,,,,,,,,,,,,,,,,,,,,,,,,,,,,,,,,,,,,,,,,,,,,,,,,,,,,,,,,,,,,,,,,
,,,,,,,,,,,,,,,,,,,,,,,,,,,,,,,,,,,,,,,,,,,,,,,,,,,,,,,,,,,,,,,,,,,,,,,,,,,,,,,,,,,,,,,,,,,,,,,,,,,,,,,,,,,,,,,,,,,,,,,,,,,,,,,,,,,,,,,,,,,,,,,,,,,,,,,,,,,,,,,,,,,,,,,,,,,,,,,,,,,,,,,,,,,,,,,,,,,,,,,,,,,
,,,,,,,,,,,,,,,,,,,,,,,,,,,,,,,,,,,,,,,,,,,,,,,,,,,,,,,,,,,,,,,,,,,,,,,,,,,,,,,,,,,,,,,,,,,,,,,,,,,,,,,,,,,,,,,,,,,,,,,,,,,,,,,,,,,,,,,,,,,,,,,,,,,,,,,,,,,,,,,,,,,,,,,,,,,,,,,,,,,,,,,,,,,,,,,,,,,,,,,,,,,
,,,,,,,,,,,,,,,,,,,,,,,,,,,,,,,,,,,,,,,,,,,,,,,,,,,,,,,,,,,,,,,,,,,,,,,,,,,,,,,,,,,,,,,,,,,,,,,,,,,,,,,,,,,,,,,,,,,,,,,,,,,,,,,,,,,,,,,,,,,,,,,,,,,,,,,,,,,,,,,,,,,,,,,,,,,,,,,,,,,,,,,,,,,,,,,,,,,,,,,,,,,
,,,,,,,,,,,,,,,,,,,,,,,,,,,,,,,,,,,,,,,,,,,,,,,,,,,,,,,,,,,,,,,,,,,,,,,,,,,,,,,,,,,,,,,,,,,,,,,,,,,,,,,,,,,,,,,,,,,,,,,,,,,,,,,,,,,,,,,,,,,,,,,,,,,,,,,,,,,,,,,,,,,,,,,,,,,,,,,,,,,,,,,,,,,,,,,,,,,,,,,,,,,
,,,,,,,,,,,,,,,,,,,,,,,,,,,,,,,,,,,,,,,,,,,,,,,,,,,,,,,,,,,,,,,,,,,,,,,,,,,,,,,,,,,,,,,,,,,,,,,,,,,,,,,,,,,,,,,,,,,,,,,,,,,,,,,,,,,,,,,,,,,,,,,,,,,,,,,,,,,,,,,,,,,,,,,,,,,,,,,,,,,,,,,,,,,,,,,,,,,,,,,,,,,
,,,,,,,,,,,,,,,,,,,,,,,,,,,,,,,,,,,,,,,,,,,,,,,,,,,,,,,,,,,,,,,,,,,,,,,,,,,,,,,,,,,,,,,,,,,,,,,,,,,,,,,,,,,,,,,,,,,,,,,,,,,,,,,,,,,,,,,,,,,,,,,,,,,,,,,,,,,,,,,,,,,,,,,,,,,,,,,,,,,,,,,,,,,,,,,,,,,,,,,,,,,
,,,,,,,,,,,,,,,,,,,,,,,,,,,,,,,,,,,,,,,,,,,,,,,,,,,,,,,,,,,,,,,,,,,,,,,,,,,,,,,,,,,,,,,,,,,,,,,,,,,,,,,,,,,,,,,,,,,,,,,,,,,,,,,,,,,,,,,,,,,,,,,,,,,,,,,,,,,,,,,,,,,,,,,,,,,,,,,,,,,,,,,,,,,,,,,,,,,,,,,,,,,
,,,,,,,,,,,,,,,,,,,,,,,,,,,,,,,,,,,,,,,,,,,,,,,,,,,,,,,,,,,,,,,,,,,,,,,,,,,,,,,,,,,,,,,,,,,,,,,,,,,,,,,,,,,,,,,,,,,,,,,,,,,,,,,,,,,,,,,,,,,,,,,,,,,,,,,,,,,,,,,,,,,,,,,,,,,,,,,,,,,,,,,,,,,,,,,,,,,,,,,,,,,
,,,,,,,,,,,,,,,,,,,,,,,,,,,,,,,,,,,,,,,,,,,,,,,,,,,,,,,,,,,,,,,,,,,,,,,,,,,,,,,,,,,,,,,,,,,,,,,,,,,,,,,,,,,,,,,,,,,,,,,,,,,,,,,,,,,,,,,,,,,,,,,,,,,,,,,,,,,,,,,,,,,,,,,,,,,,,,,,,,,,,,,,,,,,,,,,,,,,,,,,,,,
,,,,,,,,,,,,,,,,,,,,,,,,,,,,,,,,,,,,,,,,,,,,,,,,,,,,,,,,,,,,,,,,,,,,,,,,,,,,,,,,,,,,,,,,,,,,,,,,,,,,,,,,,,,,,,,,,,,,,,,,,,,,,,,,,,,,,,,,,,,,,,,,,,,,,,,,,,,,,,,,,,,,,,,,,,,,,,,,,,,,,,,,,,,,,,,,,,,,,,,,,,,
,,,,,,,,,,,,,,,,,,,,,,,,,,,,,,,,,,,,,,,,,,,,,,,,,,,,,,,,,,,,,,,,,,,,,,,,,,,,,,,,,,,,,,,,,,,,,,,,,,,,,,,,,,,,,,,,,,,,,,,,,,,,,,,,,,,,,,,,,,,,,,,,,,,,,,,,,,,,,,,,,,,,,,,,,,,,,,,,,,,,,,,,,,,,,,,,,,,,,,,,,,,
,,,,,,,,,,,,,,,,,,,,,,,,,,,,,,,,,,,,,,,,,,,,,,,,,,,,,,,,,,,,,,,,,,,,,,,,,,,,,,,,,,,,,,,,,,,,,,,,,,,,,,,,,,,,,,,,,,,,,,,,,,,,,,,,,,,,,,,,,,,,,,,,,,,,,,,,,,,,,,,,,,,,,,,,,,,,,,,,,,,,,,,,,,,,,,,,,,,,,,,,,,,
,,,,,,,,,,,,,,,,,,,,,,,,,,,,,,,,,,,,,,,,,,,,,,,,,,,,,,,,,,,,,,,,,,,,,,,,,,,,,,,,,,,,,,,,,,,,,,,,,,,,,,,,,,,,,,,,,,,,,,,,,,,,,,,,,,,,,,,,,,,,,,,,,,,,,,,,,,,,,,,,,,,,,,,,,,,,,,,,,,,,,,,,,,,,,,,,,,,,,,,,,,,
,,,,,,,,,,,,,,,,,,,,,,,,,,,,,,,,,,,,,,,,,,,,,,,,,,,,,,,,,,,,,,,,,,,,,,,,,,,,,,,,,,,,,,,,,,,,,,,,,,,,,,,,,,,,,,,,,,,,,,,,,,,,,,,,,,,,,,,,,,,,,,,,,,,,,,,,,,,,,,,,,,,,,,,,,,,,,,,,,,,,,,,,,,,,,,,,,,,,,,,,,,,
,,,,,,,,,,,,,,,,,,,,,,,,,,,,,,,,,,,,,,,,,,,,,,,,,,,,,,,,,,,,,,,,,,,,,,,,,,,,,,,,,,,,,,,,,,,,,,,,,,,,,,,,,,,,,,,,,,,,,,,,,,,,,,,,,,,,,,,,,,,,,,,,,,,,,,,,,,,,,,,,,,,,,,,,,,,,,,,,,,,,,,,,,,,,,,,,,,,,,,,,,,,
,,,,,,,,,,,,,,,,,,,,,,,,,,,,,,,,,,,,,,,,,,,,,,,,,,,,,,,,,,,,,,,,,,,,,,,,,,,,,,,,,,,,,,,,,,,,,,,,,,,,,,,,,,,,,,,,,,,,,,,,,,,,,,,,,,,,,,,,,,,,,,,,,,,,,,,,,,,,,,,,,,,,,,,,,,,,,,,,,,,,,,,,,,,,,,,,,,,,,,,,,,,
,,,,,,,,,,,,,,,,,,,,,,,,,,,,,,,,,,,,,,,,,,,,,,,,,,,,,,,,,,,,,,,,,,,,,,,,,,,,,,,,,,,,,,,,,,,,,,,,,,,,,,,,,,,,,,,,,,,,,,,,,,,,,,,,,,,,,,,,,,,,,,,,,,,,,,,,,,,,,,,,,,,,,,,,,,,,,,,,,,,,,,,,,,,,,,,,,,,,,,,,,,,
,,,,,,,,,,,,,,,,,,,,,,,,,,,,,,,,,,,,,,,,,,,,,,,,,,,,,,,,,,,,,,,,,,,,,,,,,,,,,,,,,,,,,,,,,,,,,,,,,,,,,,,,,,,,,,,,,,,,,,,,,,,,,,,,,,,,,,,,,,,,,,,,,,,,,,,,,,,,,,,,,,,,,,,,,,,,,,,,,,,,,,,,,,,,,,,,,,,,,,,,,,,
,,,,,,,,,,,,,,,,,,,,,,,,,,,,,,,,,,,,,,,,,,,,,,,,,,,,,,,,,,,,,,,,,,,,,,,,,,,,,,,,,,,,,,,,,,,,,,,,,,,,,,,,,,,,,,,,,,,,,,,,,,,,,,,,,,,,,,,,,,,,,,,,,,,,,,,,,,,,,,,,,,,,,,,,,,,,,,,,,,,,,,,,,,,,,,,,,,,,,,,,,,,
,,,,,,,,,,,,,,,,,,,,,,,,,,,,,,,,,,,,,,,,,,,,,,,,,,,,,,,,,,,,,,,,,,,,,,,,,,,,,,,,,,,,,,,,,,,,,,,,,,,,,,,,,,,,,,,,,,,,,,,,,,,,,,,,,,,,,,,,,,,,,,,,,,,,,,,,,,,,,,,,,,,,,,,,,,,,,,,,,,,,,,,,,,,,,,,,,,,,,,,,,,,
,,,,,,,,,,,,,,,,,,,,,,,,,,,,,,,,,,,,,,,,,,,,,,,,,,,,,,,,,,,,,,,,,,,,,,,,,,,,,,,,,,,,,,,,,,,,,,,,,,,,,,,,,,,,,,,,,,,,,,,,,,,,,,,,,,,,,,,,,,,,,,,,,,,,,,,,,,,,,,,,,,,,,,,,,,,,,,,,,,,,,,,,,,,,,,,,,,,,,,,,,,,
,,,,,,,,,,,,,,,,,,,,,,,,,,,,,,,,,,,,,,,,,,,,,,,,,,,,,,,,,,,,,,,,,,,,,,,,,,,,,,,,,,,,,,,,,,,,,,,,,,,,,,,,,,,,,,,,,,,,,,,,,,,,,,,,,,,,,,,,,,,,,,,,,,,,,,,,,,,,,,,,,,,,,,,,,,,,,,,,,,,,,,,,,,,,,,,,,,,,,,,,,,,
,,,,,,,,,,,,,,,,,,,,,,,,,,,,,,,,,,,,,,,,,,,,,,,,,,,,,,,,,,,,,,,,,,,,,,,,,,,,,,,,,,,,,,,,,,,,,,,,,,,,,,,,,,,,,,,,,,,,,,,,,,,,,,,,,,,,,,,,,,,,,,,,,,,,,,,,,,,,,,,,,,,,,,,,,,,,,,,,,,,,,,,,,,,,,,,,,,,,,,,,,,,
,,,,,,,,,,,,,,,,,,,,,,,,,,,,,,,,,,,,,,,,,,,,,,,,,,,,,,,,,,,,,,,,,,,,,,,,,,,,,,,,,,,,,,,,,,,,,,,,,,,,,,,,,,,,,,,,,,,,,,,,,,,,,,,,,,,,,,,,,,,,,,,,,,,,,,,,,,,,,,,,,,,,,,,,,,,,,,,,,,,,,,,,,,,,,,,,,,,,,,,,,,,
,,,,,,,,,,,,,,,,,,,,,,,,,,,,,,,,,,,,,,,,,,,,,,,,,,,,,,,,,,,,,,,,,,,,,,,,,,,,,,,,,,,,,,,,,,,,,,,,,,,,,,,,,,,,,,,,,,,,,,,,,,,,,,,,,,,,,,,,,,,,,,,,,,,,,,,,,,,,,,,,,,,,,,,,,,,,,,,,,,,,,,,,,,,,,,,,,,,,,,,,,,,
,,,,,,,,,,,,,,,,,,,,,,,,,,,,,,,,,,,,,,,,,,,,,,,,,,,,,,,,,,,,,,,,,,,,,,,,,,,,,,,,,,,,,,,,,,,,,,,,,,,,,,,,,,,,,,,,,,,,,,,,,,,,,,,,,,,,,,,,,,,,,,,,,,,,,,,,,,,,,,,,,,,,,,,,,,,,,,,,,,,,,,,,,,,,,,,,,,,,,,,,,,,
,,,,,,,,,,,,,,,,,,,,,,,,,,,,,,,,,,,,,,,,,,,,,,,,,,,,,,,,,,,,,,,,,,,,,,,,,,,,,,,,,,,,,,,,,,,,,,,,,,,,,,,,,,,,,,,,,,,,,,,,,,,,,,,,,,,,,,,,,,,,,,,,,,,,,,,,,,,,,,,,,,,,,,,,,,,,,,,,,,,,,,,,,,,,,,,,,,,,,,,,,,,
,,,,,,,,,,,,,,,,,,,,,,,,,,,,,,,,,,,,,,,,,,,,,,,,,,,,,,,,,,,,,,,,,,,,,,,,,,,,,,,,,,,,,,,,,,,,,,,,,,,,,,,,,,,,,,,,,,,,,,,,,,,,,,,,,,,,,,,,,,,,,,,,,,,,,,,,,,,,,,,,,,,,,,,,,,,,,,,,,,,,,,,,,,,,,,,,,,,,,,,,,,,
,,,,,,,,,,,,,,,,,,,,,,,,,,,,,,,,,,,,,,,,,,,,,,,,,,,,,,,,,,,,,,,,,,,,,,,,,,,,,,,,,,,,,,,,,,,,,,,,,,,,,,,,,,,,,,,,,,,,,,,,,,,,,,,,,,,,,,,,,,,,,,,,,,,,,,,,,,,,,,,,,,,,,,,,,,,,,,,,,,,,,,,,,,,,,,,,,,,,,,,,,,,
,,,,,,,,,,,,,,,,,,,,,,,,,,,,,,,,,,,,,,,,,,,,,,,,,,,,,,,,,,,,,,,,,,,,,,,,,,,,,,,,,,,,,,,,,,,,,,,,,,,,,,,,,,,,,,,,,,,,,,,,,,,,,,,,,,,,,,,,,,,,,,,,,,,,,,,,,,,,,,,,,,,,,,,,,,,,,,,,,,,,,,,,,,,,,,,,,,,,,,,,,,,
,,,,,,,,,,,,,,,,,,,,,,,,,,,,,,,,,,,,,,,,,,,,,,,,,,,,,,,,,,,,,,,,,,,,,,,,,,,,,,,,,,,,,,,,,,,,,,,,,,,,,,,,,,,,,,,,,,,,,,,,,,,,,,,,,,,,,,,,,,,,,,,,,,,,,,,,,,,,,,,,,,,,,,,,,,,,,,,,,,,,,,,,,,,,,,,,,,,,,,,,,,,
,,,,,,,,,,,,,,,,,,,,,,,,,,,,,,,,,,,,,,,,,,,,,,,,,,,,,,,,,,,,,,,,,,,,,,,,,,,,,,,,,,,,,,,,,,,,,,,,,,,,,,,,,,,,,,,,,,,,,,,,,,,,,,,,,,,,,,,,,,,,,,,,,,,,,,,,,,,,,,,,,,,,,,,,,,,,,,,,,,,,,,,,,,,,,,,,,,,,,,,,,,,
,,,,,,,,,,,,,,,,,,,,,,,,,,,,,,,,,,,,,,,,,,,,,,,,,,,,,,,,,,,,,,,,,,,,,,,,,,,,,,,,,,,,,,,,,,,,,,,,,,,,,,,,,,,,,,,,,,,,,,,,,,,,,,,,,,,,,,,,,,,,,,,,,,,,,,,,,,,,,,,,,,,,,,,,,,,,,,,,,,,,,,,,,,,,,,,,,,,,,,,,,,,
,,,,,,,,,,,,,,,,,,,,,,,,,,,,,,,,,,,,,,,,,,,,,,,,,,,,,,,,,,,,,,,,,,,,,,,,,,,,,,,,,,,,,,,,,,,,,,,,,,,,,,,,,,,,,,,,,,,,,,,,,,,,,,,,,,,,,,,,,,,,,,,,,,,,,,,,,,,,,,,,,,,,,,,,,,,,,,,,,,,,,,,,,,,,,,,,,,,,,,,,,,,
,,,,,,,,,,,,,,,,,,,,,,,,,,,,,,,,,,,,,,,,,,,,,,,,,,,,,,,,,,,,,,,,,,,,,,,,,,,,,,,,,,,,,,,,,,,,,,,,,,,,,,,,,,,,,,,,,,,,,,,,,,,,,,,,,,,,,,,,,,,,,,,,,,,,,,,,,,,,,,,,,,,,,,,,,,,,,,,,,,,,,,,,,,,,,,,,,,,,,,,,,,,
,,,,,,,,,,,,,,,,,,,,,,,,,,,,,,,,,,,,,,,,,,,,,,,,,,,,,,,,,,,,,,,,,,,,,,,,,,,,,,,,,,,,,,,,,,,,,,,,,,,,,,,,,,,,,,,,,,,,,,,,,,,,,,,,,,,,,,,,,,,,,,,,,,,,,,,,,,,,,,,,,,,,,,,,,,,,,,,,,,,,,,,,,,,,,,,,,,,,,,,,,,,
,,,,,,,,,,,,,,,,,,,,,,,,,,,,,,,,,,,,,,,,,,,,,,,,,,,,,,,,,,,,,,,,,,,,,,,,,,,,,,,,,,,,,,,,,,,,,,,,,,,,,,,,,,,,,,,,,,,,,,,,,,,,,,,,,,,,,,,,,,,,,,,,,,,,,,,,,,,,,,,,,,,,,,,,,,,,,,,,,,,,,,,,,,,,,,,,,,,,,,,,,,,
,,,,,,,,,,,,,,,,,,,,,,,,,,,,,,,,,,,,,,,,,,,,,,,,,,,,,,,,,,,,,,,,,,,,,,,,,,,,,,,,,,,,,,,,,,,,,,,,,,,,,,,,,,,,,,,,,,,,,,,,,,,,,,,,,,,,,,,,,,,,,,,,,,,,,,,,,,,,,,,,,,,,,,,,,,,,,,,,,,,,,,,,,,,,,,,,,,,,,,,,,,,
,,,,,,,,,,,,,,,,,,,,,,,,,,,,,,,,,,,,,,,,,,,,,,,,,,,,,,,,,,,,,,,,,,,,,,,,,,,,,,,,,,,,,,,,,,,,,,,,,,,,,,,,,,,,,,,,,,,,,,,,,,,,,,,,,,,,,,,,,,,,,,,,,,,,,,,,,,,,,,,,,,,,,,,,,,,,,,,,,,,,,,,,,,,,,,,,,,,,,,,,,,,
,,,,,,,,,,,,,,,,,,,,,,,,,,,,,,,,,,,,,,,,,,,,,,,,,,,,,,,,,,,,,,,,,,,,,,,,,,,,,,,,,,,,,,,,,,,,,,,,,,,,,,,,,,,,,,,,,,,,,,,,,,,,,,,,,,,,,,,,,,,,,,,,,,,,,,,,,,,,,,,,,,,,,,,,,,,,,,,,,,,,,,,,,,,,,,,,,,,,,,,,,,,
,,,,,,,,,,,,,,,,,,,,,,,,,,,,,,,,,,,,,,,,,,,,,,,,,,,,,,,,,,,,,,,,,,,,,,,,,,,,,,,,,,,,,,,,,,,,,,,,,,,,,,,,,,,,,,,,,,,,,,,,,,,,,,,,,,,,,,,,,,,,,,,,,,,,,,,,,,,,,,,,,,,,,,,,,,,,,,,,,,,,,,,,,,,,,,,,,,,,,,,,,,,
,,,,,,,,,,,,,,,,,,,,,,,,,,,,,,,,,,,,,,,,,,,,,,,,,,,,,,,,,,,,,,,,,,,,,,,,,,,,,,,,,,,,,,,,,,,,,,,,,,,,,,,,,,,,,,,,,,,,,,,,,,,,,,,,,,,,,,,,,,,,,,,,,,,,,,,,,,,,,,,,,,,,,,,,,,,,,,,,,,,,,,,,,,,,,,,,,,,,,,,,,,,
,,,,,,,,,,,,,,,,,,,,,,,,,,,,,,,,,,,,,,,,,,,,,,,,,,,,,,,,,,,,,,,,,,,,,,,,,,,,,,,,,,,,,,,,,,,,,,,,,,,,,,,,,,,,,,,,,,,,,,,,,,,,,,,,,,,,,,,,,,,,,,,,,,,,,,,,,,,,,,,,,,,,,,,,,,,,,,,,,,,,,,,,,,,,,,,,,,,,,,,,,,,
,,,,,,,,,,,,,,,,,,,,,,,,,,,,,,,,,,,,,,,,,,,,,,,,,,,,,,,,,,,,,,,,,,,,,,,,,,,,,,,,,,,,,,,,,,,,,,,,,,,,,,,,,,,,,,,,,,,,,,,,,,,,,,,,,,,,,,,,,,,,,,,,,,,,,,,,,,,,,,,,,,,,,,,,,,,,,,,,,,,,,,,,,,,,,,,,,,,,,,,,,,,
,,,,,,,,,,,,,,,,,,,,,,,,,,,,,,,,,,,,,,,,,,,,,,,,,,,,,,,,,,,,,,,,,,,,,,,,,,,,,,,,,,,,,,,,,,,,,,,,,,,,,,,,,,,,,,,,,,,,,,,,,,,,,,,,,,,,,,,,,,,,,,,,,,,,,,,,,,,,,,,,,,,,,,,,,,,,,,,,,,,,,,,,,,,,,,,,,,,,,,,,,,,
,,,,,,,,,,,,,,,,,,,,,,,,,,,,,,,,,,,,,,,,,,,,,,,,,,,,,,,,,,,,,,,,,,,,,,,,,,,,,,,,,,,,,,,,,,,,,,,,,,,,,,,,,,,,,,,,,,,,,,,,,,,,,,,,,,,,,,,,,,,,,,,,,,,,,,,,,,,,,,,,,,,,,,,,,,,,,,,,,,,,,,,,,,,,,,,,,,,,,,,,,,,
,,,,,,,,,,,,,,,,,,,,,,,,,,,,,,,,,,,,,,,,,,,,,,,,,,,,,,,,,,,,,,,,,,,,,,,,,,,,,,,,,,,,,,,,,,,,,,,,,,,,,,,,,,,,,,,,,,,,,,,,,,,,,,,,,,,,,,,,,,,,,,,,,,,,,,,,,,,,,,,,,,,,,,,,,,,,,,,,,,,,,,,,,,,,,,,,,,,,,,,,,,,
,,,,,,,,,,,,,,,,,,,,,,,,,,,,,,,,,,,,,,,,,,,,,,,,,,,,,,,,,,,,,,,,,,,,,,,,,,,,,,,,,,,,,,,,,,,,,,,,,,,,,,,,,,,,,,,,,,,,,,,,,,,,,,,,,,,,,,,,,,,,,,,,,,,,,,,,,,,,,,,,,,,,,,,,,,,,,,,,,,,,,,,,,,,,,,,,,,,,,,,,,,,
,,,,,,,,,,,,,,,,,,,,,,,,,,,,,,,,,,,,,,,,,,,,,,,,,,,,,,,,,,,,,,,,,,,,,,,,,,,,,,,,,,,,,,,,,,,,,,,,,,,,,,,,,,,,,,,,,,,,,,,,,,,,,,,,,,,,,,,,,,,,,,,,,,,,,,,,,,,,,,,,,,,,,,,,,,,,,,,,,,,,,,,,,,,,,,,,,,,,,,,,,,,
,,,,,,,,,,,,,,,,,,,,,,,,,,,,,,,,,,,,,,,,,,,,,,,,,,,,,,,,,,,,,,,,,,,,,,,,,,,,,,,,,,,,,,,,,,,,,,,,,,,,,,,,,,,,,,,,,,,,,,,,,,,,,,,,,,,,,,,,,,,,,,,,,,,,,,,,,,,,,,,,,,,,,,,,,,,,,,,,,,,,,,,,,,,,,,,,,,,,,,,,,,,
,,,,,,,,,,,,,,,,,,,,,,,,,,,,,,,,,,,,,,,,,,,,,,,,,,,,,,,,,,,,,,,,,,,,,,,,,,,,,,,,,,,,,,,,,,,,,,,,,,,,,,,,,,,,,,,,,,,,,,,,,,,,,,,,,,,,,,,,,,,,,,,,,,,,,,,,,,,,,,,,,,,,,,,,,,,,,,,,,,,,,,,,,,,,,,,,,,,,,,,,,,,
,,,,,,,,,,,,,,,,,,,,,,,,,,,,,,,,,,,,,,,,,,,,,,,,,,,,,,,,,,,,,,,,,,,,,,,,,,,,,,,,,,,,,,,,,,,,,,,,,,,,,,,,,,,,,,,,,,,,,,,,,,,,,,,,,,,,,,,,,,,,,,,,,,,,,,,,,,,,,,,,,,,,,,,,,,,,,,,,,,,,,,,,,,,,,,,,,,,,,,,,,,,
,,,,,,,,,,,,,,,,,,,,,,,,,,,,,,,,,,,,,,,,,,,,,,,,,,,,,,,,,,,,,,,,,,,,,,,,,,,,,,,,,,,,,,,,,,,,,,,,,,,,,,,,,,,,,,,,,,,,,,,,,,,,,,,,,,,,,,,,,,,,,,,,,,,,,,,,,,,,,,,,,,,,,,,,,,,,,,,,,,,,,,,,,,,,,,,,,,,,,,,,,,,
,,,,,,,,,,,,,,,,,,,,,,,,,,,,,,,,,,,,,,,,,,,,,,,,,,,,,,,,,,,,,,,,,,,,,,,,,,,,,,,,,,,,,,,,,,,,,,,,,,,,,,,,,,,,,,,,,,,,,,,,,,,,,,,,,,,,,,,,,,,,,,,,,,,,,,,,,,,,,,,,,,,,,,,,,,,,,,,,,,,,,,,,,,,,,,,,,,,,,,,,,,,
,,,,,,,,,,,,,,,,,,,,,,,,,,,,,,,,,,,,,,,,,,,,,,,,,,,,,,,,,,,,,,,,,,,,,,,,,,,,,,,,,,,,,,,,,,,,,,,,,,,,,,,,,,,,,,,,,,,,,,,,,,,,,,,,,,,,,,,,,,,,,,,,,,,,,,,,,,,,,,,,,,,,,,,,,,,,,,,,,,,,,,,,,,,,,,,,,,,,,,,,,,,
,,,,,,,,,,,,,,,,,,,,,,,,,,,,,,,,,,,,,,,,,,,,,,,,,,,,,,,,,,,,,,,,,,,,,,,,,,,,,,,,,,,,,,,,,,,,,,,,,,,,,,,,,,,,,,,,,,,,,,,,,,,,,,,,,,,,,,,,,,,,,,,,,,,,,,,,,,,,,,,,,,,,,,,,,,,,,,,,,,,,,,,,,,,,,,,,,,,,,,,,,,,
,,,,,,,,,,,,,,,,,,,,,,,,,,,,,,,,,,,,,,,,,,,,,,,,,,,,,,,,,,,,,,,,,,,,,,,,,,,,,,,,,,,,,,,,,,,,,,,,,,,,,,,,,,,,,,,,,,,,,,,,,,,,,,,,,,,,,,,,,,,,,,,,,,,,,,,,,,,,,,,,,,,,,,,,,,,,,,,,,,,,,,,,,,,,,,,,,,,,,,,,,,,
,,,,,,,,,,,,,,,,,,,,,,,,,,,,,,,,,,,,,,,,,,,,,,,,,,,,,,,,,,,,,,,,,,,,,,,,,,,,,,,,,,,,,,,,,,,,,,,,,,,,,,,,,,,,,,,,,,,,,,,,,,,,,,,,,,,,,,,,,,,,,,,,,,,,,,,,,,,,,,,,,,,,,,,,,,,,,,,,,,,,,,,,,,,,,,,,,,,,,,,,,,,
,,,,,,,,,,,,,,,,,,,,,,,,,,,,,,,,,,,,,,,,,,,,,,,,,,,,,,,,,,,,,,,,,,,,,,,,,,,,,,,,,,,,,,,,,,,,,,,,,,,,,,,,,,,,,,,,,,,,,,,,,,,,,,,,,,,,,,,,,,,,,,,,,,,,,,,,,,,,,,,,,,,,,,,,,,,,,,,,,,,,,,,,,,,,,,,,,,,,,,,,,,,
,,,,,,,,,,,,,,,,,,,,,,,,,,,,,,,,,,,,,,,,,,,,,,,,,,,,,,,,,,,,,,,,,,,,,,,,,,,,,,,,,,,,,,,,,,,,,,,,,,,,,,,,,,,,,,,,,,,,,,,,,,,,,,,,,,,,,,,,,,,,,,,,,,,,,,,,,,,,,,,,,,,,,,,,,,,,,,,,,,,,,,,,,,,,,,,,,,,,,,,,,,,
,,,,,,,,,,,,,,,,,,,,,,,,,,,,,,,,,,,,,,,,,,,,,,,,,,,,,,,,,,,,,,,,,,,,,,,,,,,,,,,,,,,,,,,,,,,,,,,,,,,,,,,,,,,,,,,,,,,,,,,,,,,,,,,,,,,,,,,,,,,,,,,,,,,,,,,,,,,,,,,,,,,,,,,,,,,,,,,,,,,,,,,,,,,,,,,,,,,,,,,,,,,
,,,,,,,,,,,,,,,,,,,,,,,,,,,,,,,,,,,,,,,,,,,,,,,,,,,,,,,,,,,,,,,,,,,,,,,,,,,,,,,,,,,,,,,,,,,,,,,,,,,,,,,,,,,,,,,,,,,,,,,,,,,,,,,,,,,,,,,,,,,,,,,,,,,,,,,,,,,,,,,,,,,,,,,,,,,,,,,,,,,,,,,,,,,,,,,,,,,,,,,,,,,
,,,,,,,,,,,,,,,,,,,,,,,,,,,,,,,,,,,,,,,,,,,,,,,,,,,,,,,,,,,,,,,,,,,,,,,,,,,,,,,,,,,,,,,,,,,,,,,,,,,,,,,,,,,,,,,,,,,,,,,,,,,,,,,,,,,,,,,,,,,,,,,,,,,,,,,,,,,,,,,,,,,,,,,,,,,,,,,,,,,,,,,,,,,,,,,,,,,,,,,,,,,
,,,,,,,,,,,,,,,,,,,,,,,,,,,,,,,,,,,,,,,,,,,,,,,,,,,,,,,,,,,,,,,,,,,,,,,,,,,,,,,,,,,,,,,,,,,,,,,,,,,,,,,,,,,,,,,,,,,,,,,,,,,,,,,,,,,,,,,,,,,,,,,,,,,,,,,,,,,,,,,,,,,,,,,,,,,,,,,,,,,,,,,,,,,,,,,,,,,,,,,,,,,
,,,,,,,,,,,,,,,,,,,,,,,,,,,,,,,,,,,,,,,,,,,,,,,,,,,,,,,,,,,,,,,,,,,,,,,,,,,,,,,,,,,,,,,,,,,,,,,,,,,,,,,,,,,,,,,,,,,,,,,,,,,,,,,,,,,,,,,,,,,,,,,,,,,,,,,,,,,,,,,,,,,,,,,,,,,,,,,,,,,,,,,,,,,,,,,,,,,,,,,,,,,
,,,,,,,,,,,,,,,,,,,,,,,,,,,,,,,,,,,,,,,,,,,,,,,,,,,,,,,,,,,,,,,,,,,,,,,,,,,,,,,,,,,,,,,,,,,,,,,,,,,,,,,,,,,,,,,,,,,,,,,,,,,,,,,,,,,,,,,,,,,,,,,,,,,,,,,,,,,,,,,,,,,,,,,,,,,,,,,,,,,,,,,,,,,,,,,,,,,,,,,,,,,
,,,,,,,,,,,,,,,,,,,,,,,,,,,,,,,,,,,,,,,,,,,,,,,,,,,,,,,,,,,,,,,,,,,,,,,,,,,,,,,,,,,,,,,,,,,,,,,,,,,,,,,,,,,,,,,,,,,,,,,,,,,,,,,,,,,,,,,,,,,,,,,,,,,,,,,,,,,,,,,,,,,,,,,,,,,,,,,,,,,,,,,,,,,,,,,,,,,,,,,,,,,
,,,,,,,,,,,,,,,,,,,,,,,,,,,,,,,,,,,,,,,,,,,,,,,,,,,,,,,,,,,,,,,,,,,,,,,,,,,,,,,,,,,,,,,,,,,,,,,,,,,,,,,,,,,,,,,,,,,,,,,,,,,,,,,,,,,,,,,,,,,,,,,,,,,,,,,,,,,,,,,,,,,,,,,,,,,,,,,,,,,,,,,,,,,,,,,,,,,,,,,,,,,
,,,,,,,,,,,,,,,,,,,,,,,,,,,,,,,,,,,,,,,,,,,,,,,,,,,,,,,,,,,,,,,,,,,,,,,,,,,,,,,,,,,,,,,,,,,,,,,,,,,,,,,,,,,,,,,,,,,,,,,,,,,,,,,,,,,,,,,,,,,,,,,,,,,,,,,,,,,,,,,,,,,,,,,,,,,,,,,,,,,,,,,,,,,,,,,,,,,,,,,,,,,
,,,,,,,,,,,,,,,,,,,,,,,,,,,,,,,,,,,,,,,,,,,,,,,,,,,,,,,,,,,,,,,,,,,,,,,,,,,,,,,,,,,,,,,,,,,,,,,,,,,,,,,,,,,,,,,,,,,,,,,,,,,,,,,,,,,,,,,,,,,,,,,,,,,,,,,,,,,,,,,,,,,,,,,,,,,,,,,,,,,,,,,,,,,,,,,,,,,,,,,,,,,
,,,,,,,,,,,,,,,,,,,,,,,,,,,,,,,,,,,,,,,,,,,,,,,,,,,,,,,,,,,,,,,,,,,,,,,,,,,,,,,,,,,,,,,,,,,,,,,,,,,,,,,,,,,,,,,,,,,,,,,,,,,,,,,,,,,,,,,,,,,,,,,,,,,,,,,,,,,,,,,,,,,,,,,,,,,,,,,,,,,,,,,,,,,,,,,,,,,,,,,,,,,
,,,,,,,,,,,,,,,,,,,,,,,,,,,,,,,,,,,,,,,,,,,,,,,,,,,,,,,,,,,,,,,,,,,,,,,,,,,,,,,,,,,,,,,,,,,,,,,,,,,,,,,,,,,,,,,,,,,,,,,,,,,,,,,,,,,,,,,,,,,,,,,,,,,,,,,,,,,,,,,,,,,,,,,,,,,,,,,,,,,,,,,,,,,,,,,,,,,,,,,,,,,
,,,,,,,,,,,,,,,,,,,,,,,,,,,,,,,,,,,,,,,,,,,,,,,,,,,,,,,,,,,,,,,,,,,,,,,,,,,,,,,,,,,,,,,,,,,,,,,,,,,,,,,,,,,,,,,,,,,,,,,,,,,,,,,,,,,,,,,,,,,,,,,,,,,,,,,,,,,,,,,,,,,,,,,,,,,,,,,,,,,,,,,,,,,,,,,,,,,,,,,,,,,
,,,,,,,,,,,,,,,,,,,,,,,,,,,,,,,,,,,,,,,,,,,,,,,,,,,,,,,,,,,,,,,,,,,,,,,,,,,,,,,,,,,,,,,,,,,,,,,,,,,,,,,,,,,,,,,,,,,,,,,,,,,,,,,,,,,,,,,,,,,,,,,,,,,,,,,,,,,,,,,,,,,,,,,,,,,,,,,,,,,,,,,,,,,,,,,,,,,,,,,,,,,
,,,,,,,,,,,,,,,,,,,,,,,,,,,,,,,,,,,,,,,,,,,,,,,,,,,,,,,,,,,,,,,,,,,,,,,,,,,,,,,,,,,,,,,,,,,,,,,,,,,,,,,,,,,,,,,,,,,,,,,,,,,,,,,,,,,,,,,,,,,,,,,,,,,,,,,,,,,,,,,,,,,,,,,,,,,,,,,,,,,,,,,,,,,,,,,,,,,,,,,,,,,
,,,,,,,,,,,,,,,,,,,,,,,,,,,,,,,,,,,,,,,,,,,,,,,,,,,,,,,,,,,,,,,,,,,,,,,,,,,,,,,,,,,,,,,,,,,,,,,,,,,,,,,,,,,,,,,,,,,,,,,,,,,,,,,,,,,,,,,,,,,,,,,,,,,,,,,,,,,,,,,,,,,,,,,,,,,,,,,,,,,,,,,,,,,,,,,,,,,,,,,,,,,
,,,,,,,,,,,,,,,,,,,,,,,,,,,,,,,,,,,,,,,,,,,,,,,,,,,,,,,,,,,,,,,,,,,,,,,,,,,,,,,,,,,,,,,,,,,,,,,,,,,,,,,,,,,,,,,,,,,,,,,,,,,,,,,,,,,,,,,,,,,,,,,,,,,,,,,,,,,,,,,,,,,,,,,,,,,,,,,,,,,,,,,,,,,,,,,,,,,,,,,,,,,
,,,,,,,,,,,,,,,,,,,,,,,,,,,,,,,,,,,,,,,,,,,,,,,,,,,,,,,,,,,,,,,,,,,,,,,,,,,,,,,,,,,,,,,,,,,,,,,,,,,,,,,,,,,,,,,,,,,,,,,,,,,,,,,,,,,,,,,,,,,,,,,,,,,,,,,,,,,,,,,,,,,,,,,,,,,,,,,,,,,,,,,,,,,,,,,,,,,,,,,,,,,
,,,,,,,,,,,,,,,,,,,,,,,,,,,,,,,,,,,,,,,,,,,,,,,,,,,,,,,,,,,,,,,,,,,,,,,,,,,,,,,,,,,,,,,,,,,,,,,,,,,,,,,,,,,,,,,,,,,,,,,,,,,,,,,,,,,,,,,,,,,,,,,,,,,,,,,,,,,,,,,,,,,,,,,,,,,,,,,,,,,,,,,,,,,,,,,,,,,,,,,,,,,
,,,,,,,,,,,,,,,,,,,,,,,,,,,,,,,,,,,,,,,,,,,,,,,,,,,,,,,,,,,,,,,,,,,,,,,,,,,,,,,,,,,,,,,,,,,,,,,,,,,,,,,,,,,,,,,,,,,,,,,,,,,,,,,,,,,,,,,,,,,,,,,,,,,,,,,,,,,,,,,,,,,,,,,,,,,,,,,,,,,,,,,,,,,,,,,,,,,,,,,,,,,
,,,,,,,,,,,,,,,,,,,,,,,,,,,,,,,,,,,,,,,,,,,,,,,,,,,,,,,,,,,,,,,,,,,,,,,,,,,,,,,,,,,,,,,,,,,,,,,,,,,,,,,,,,,,,,,,,,,,,,,,,,,,,,,,,,,,,,,,,,,,,,,,,,,,,,,,,,,,,,,,,,,,,,,,,,,,,,,,,,,,,,,,,,,,,,,,,,,,,,,,,,,
,,,,,,,,,,,,,,,,,,,,,,,,,,,,,,,,,,,,,,,,,,,,,,,,,,,,,,,,,,,,,,,,,,,,,,,,,,,,,,,,,,,,,,,,,,,,,,,,,,,,,,,,,,,,,,,,,,,,,,,,,,,,,,,,,,,,,,,,,,,,,,,,,,,,,,,,,,,,,,,,,,,,,,,,,,,,,,,,,,,,,,,,,,,,,,,,,,,,,,,,,,,
,,,,,,,,,,,,,,,,,,,,,,,,,,,,,,,,,,,,,,,,,,,,,,,,,,,,,,,,,,,,,,,,,,,,,,,,,,,,,,,,,,,,,,,,,,,,,,,,,,,,,,,,,,,,,,,,,,,,,,,,,,,,,,,,,,,,,,,,,,,,,,,,,,,,,,,,,,,,,,,,,,,,,,,,,,,,,,,,,,,,,,,,,,,,,,,,,,,,,,,,,,,
,,,,,,,,,,,,,,,,,,,,,,,,,,,,,,,,,,,,,,,,,,,,,,,,,,,,,,,,,,,,,,,,,,,,,,,,,,,,,,,,,,,,,,,,,,,,,,,,,,,,,,,,,,,,,,,,,,,,,,,,,,,,,,,,,,,,,,,,,,,,,,,,,,,,,,,,,,,,,,,,,,,,,,,,,,,,,,,,,,,,,,,,,,,,,,,,,,,,,,,,,,,
,,,,,,,,,,,,,,,,,,,,,,,,,,,,,,,,,,,,,,,,,,,,,,,,,,,,,,,,,,,,,,,,,,,,,,,,,,,,,,,,,,,,,,,,,,,,,,,,,,,,,,,,,,,,,,,,,,,,,,,,,,,,,,,,,,,,,,,,,,,,,,,,,,,,,,,,,,,,,,,,,,,,,,,,,,,,,,,,,,,,,,,,,,,,,,,,,,,,,,,,,,,
,,,,,,,,,,,,,,,,,,,,,,,,,,,,,,,,,,,,,,,,,,,,,,,,,,,,,,,,,,,,,,,,,,,,,,,,,,,,,,,,,,,,,,,,,,,,,,,,,,,,,,,,,,,,,,,,,,,,,,,,,,,,,,,,,,,,,,,,,,,,,,,,,,,,,,,,,,,,,,,,,,,,,,,,,,,,,,,,,,,,,,,,,,,,,,,,,,,,,,,,,,,
,,,,,,,,,,,,,,,,,,,,,,,,,,,,,,,,,,,,,,,,,,,,,,,,,,,,,,,,,,,,,,,,,,,,,,,,,,,,,,,,,,,,,,,,,,,,,,,,,,,,,,,,,,,,,,,,,,,,,,,,,,,,,,,,,,,,,,,,,,,,,,,,,,,,,,,,,,,,,,,,,,,,,,,,,,,,,,,,,,,,,,,,,,,,,,,,,,,,,,,,,,,
,,,,,,,,,,,,,,,,,,,,,,,,,,,,,,,,,,,,,,,,,,,,,,,,,,,,,,,,,,,,,,,,,,,,,,,,,,,,,,,,,,,,,,,,,,,,,,,,,,,,,,,,,,,,,,,,,,,,,,,,,,,,,,,,,,,,,,,,,,,,,,,,,,,,,,,,,,,,,,,,,,,,,,,,,,,,,,,,,,,,,,,,,,,,,,,,,,,,,,,,,,,
,,,,,,,,,,,,,,,,,,,,,,,,,,,,,,,,,,,,,,,,,,,,,,,,,,,,,,,,,,,,,,,,,,,,,,,,,,,,,,,,,,,,,,,,,,,,,,,,,,,,,,,,,,,,,,,,,,,,,,,,,,,,,,,,,,,,,,,,,,,,,,,,,,,,,,,,,,,,,,,,,,,,,,,,,,,,,,,,,,,,,,,,,,,,,,,,,,,,,,,,,,,
,,,,,,,,,,,,,,,,,,,,,,,,,,,,,,,,,,,,,,,,,,,,,,,,,,,,,,,,,,,,,,,,,,,,,,,,,,,,,,,,,,,,,,,,,,,,,,,,,,,,,,,,,,,,,,,,,,,,,,,,,,,,,,,,,,,,,,,,,,,,,,,,,,,,,,,,,,,,,,,,,,,,,,,,,,,,,,,,,,,,,,,,,,,,,,,,,,,,,,,,,,,
,,,,,,,,,,,,,,,,,,,,,,,,,,,,,,,,,,,,,,,,,,,,,,,,,,,,,,,,,,,,,,,,,,,,,,,,,,,,,,,,,,,,,,,,,,,,,,,,,,,,,,,,,,,,,,,,,,,,,,,,,,,,,,,,,,,,,,,,,,,,,,,,,,,,,,,,,,,,,,,,,,,,,,,,,,,,,,,,,,,,,,,,,,,,,,,,,,,,,,,,,,,
,,,,,,,,,,,,,,,,,,,,,,,,,,,,,,,,,,,,,,,,,,,,,,,,,,,,,,,,,,,,,,,,,,,,,,,,,,,,,,,,,,,,,,,,,,,,,,,,,,,,,,,,,,,,,,,,,,,,,,,,,,,,,,,,,,,,,,,,,,,,,,,,,,,,,,,,,,,,,,,,,,,,,,,,,,,,,,,,,,,,,,,,,,,,,,,,,,,,,,,,,,,
,,,,,,,,,,,,,,,,,,,,,,,,,,,,,,,,,,,,,,,,,,,,,,,,,,,,,,,,,,,,,,,,,,,,,,,,,,,,,,,,,,,,,,,,,,,,,,,,,,,,,,,,,,,,,,,,,,,,,,,,,,,,,,,,,,,,,,,,,,,,,,,,,,,,,,,,,,,,,,,,,,,,,,,,,,,,,,,,,,,,,,,,,,,,,,,,,,,,,,,,,,,
,,,,,,,,,,,,,,,,,,,,,,,,,,,,,,,,,,,,,,,,,,,,,,,,,,,,,,,,,,,,,,,,,,,,,,,,,,,,,,,,,,,,,,,,,,,,,,,,,,,,,,,,,,,,,,,,,,,,,,,,,,,,,,,,,,,,,,,,,,,,,,,,,,,,,,,,,,,,,,,,,,,,,,,,,,,,,,,,,,,,,,,,,,,,,,,,,,,,,,,,,,,
,,,,,,,,,,,,,,,,,,,,,,,,,,,,,,,,,,,,,,,,,,,,,,,,,,,,,,,,,,,,,,,,,,,,,,,,,,,,,,,,,,,,,,,,,,,,,,,,,,,,,,,,,,,,,,,,,,,,,,,,,,,,,,,,,,,,,,,,,,,,,,,,,,,,,,,,,,,,,,,,,,,,,,,,,,,,,,,,,,,,,,,,,,,,,,,,,,,,,,,,,,,
,,,,,,,,,,,,,,,,,,,,,,,,,,,,,,,,,,,,,,,,,,,,,,,,,,,,,,,,,,,,,,,,,,,,,,,,,,,,,,,,,,,,,,,,,,,,,,,,,,,,,,,,,,,,,,,,,,,,,,,,,,,,,,,,,,,,,,,,,,,,,,,,,,,,,,,,,,,,,,,,,,,,,,,,,,,,,,,,,,,,,,,,,,,,,,,,,,,,,,,,,,,
,,,,,,,,,,,,,,,,,,,,,,,,,,,,,,,,,,,,,,,,,,,,,,,,,,,,,,,,,,,,,,,,,,,,,,,,,,,,,,,,,,,,,,,,,,,,,,,,,,,,,,,,,,,,,,,,,,,,,,,,,,,,,,,,,,,,,,,,,,,,,,,,,,,,,,,,,,,,,,,,,,,,,,,,,,,,,,,,,,,,,,,,,,,,,,,,,,,,,,,,,,,
,,,,,,,,,,,,,,,,,,,,,,,,,,,,,,,,,,,,,,,,,,,,,,,,,,,,,,,,,,,,,,,,,,,,,,,,,,,,,,,,,,,,,,,,,,,,,,,,,,,,,,,,,,,,,,,,,,,,,,,,,,,,,,,,,,,,,,,,,,,,,,,,,,,,,,,,,,,,,,,,,,,,,,,,,,,,,,,,,,,,,,,,,,,,,,,,,,,,,,,,,,,
,,,,,,,,,,,,,,,,,,,,,,,,,,,,,,,,,,,,,,,,,,,,,,,,,,,,,,,,,,,,,,,,,,,,,,,,,,,,,,,,,,,,,,,,,,,,,,,,,,,,,,,,,,,,,,,,,,,,,,,,,,,,,,,,,,,,,,,,,,,,,,,,,,,,,,,,,,,,,,,,,,,,,,,,,,,,,,,,,,,,,,,,,,,,,,,,,,,,,,,,,,,
,,,,,,,,,,,,,,,,,,,,,,,,,,,,,,,,,,,,,,,,,,,,,,,,,,,,,,,,,,,,,,,,,,,,,,,,,,,,,,,,,,,,,,,,,,,,,,,,,,,,,,,,,,,,,,,,,,,,,,,,,,,,,,,,,,,,,,,,,,,,,,,,,,,,,,,,,,,,,,,,,,,,,,,,,,,,,,,,,,,,,,,,,,,,,,,,,,,,,,,,,,,
,,,,,,,,,,,,,,,,,,,,,,,,,,,,,,,,,,,,,,,,,,,,,,,,,,,,,,,,,,,,,,,,,,,,,,,,,,,,,,,,,,,,,,,,,,,,,,,,,,,,,,,,,,,,,,,,,,,,,,,,,,,,,,,,,,,,,,,,,,,,,,,,,,,,,,,,,,,,,,,,,,,,,,,,,,,,,,,,,,,,,,,,,,,,,,,,,,,,,,,,,,,
,,,,,,,,,,,,,,,,,,,,,,,,,,,,,,,,,,,,,,,,,,,,,,,,,,,,,,,,,,,,,,,,,,,,,,,,,,,,,,,,,,,,,,,,,,,,,,,,,,,,,,,,,,,,,,,,,,,,,,,,,,,,,,,,,,,,,,,,,,,,,,,,,,,,,,,,,,,,,,,,,,,,,,,,,,,,,,,,,,,,,,,,,,,,,,,,,,,,,,,,,,,
,,,,,,,,,,,,,,,,,,,,,,,,,,,,,,,,,,,,,,,,,,,,,,,,,,,,,,,,,,,,,,,,,,,,,,,,,,,,,,,,,,,,,,,,,,,,,,,,,,,,,,,,,,,,,,,,,,,,,,,,,,,,,,,,,,,,,,,,,,,,,,,,,,,,,,,,,,,,,,,,,,,,,,,,,,,,,,,,,,,,,,,,,,,,,,,,,,,,,,,,,,,
,,,,,,,,,,,,,,,,,,,,,,,,,,,,,,,,,,,,,,,,,,,,,,,,,,,,,,,,,,,,,,,,,,,,,,,,,,,,,,,,,,,,,,,,,,,,,,,,,,,,,,,,,,,,,,,,,,,,,,,,,,,,,,,,,,,,,,,,,,,,,,,,,,,,,,,,,,,,,,,,,,,,,,,,,,,,,,,,,,,,,,,,,,,,,,,,,,,,,,,,,,,
,,,,,,,,,,,,,,,,,,,,,,,,,,,,,,,,,,,,,,,,,,,,,,,,,,,,,,,,,,,,,,,,,,,,,,,,,,,,,,,,,,,,,,,,,,,,,,,,,,,,,,,,,,,,,,,,,,,,,,,,,,,,,,,,,,,,,,,,,,,,,,,,,,,,,,,,,,,,,,,,,,,,,,,,,,,,,,,,,,,,,,,,,,,,,,,,,,,,,,,,,,,
,,,,,,,,,,,,,,,,,,,,,,,,,,,,,,,,,,,,,,,,,,,,,,,,,,,,,,,,,,,,,,,,,,,,,,,,,,,,,,,,,,,,,,,,,,,,,,,,,,,,,,,,,,,,,,,,,,,,,,,,,,,,,,,,,,,,,,,,,,,,,,,,,,,,,,,,,,,,,,,,,,,,,,,,,,,,,,,,,,,,,,,,,,,,,,,,,,,,,,,,,,,
,,,,,,,,,,,,,,,,,,,,,,,,,,,,,,,,,,,,,,,,,,,,,,,,,,,,,,,,,,,,,,,,,,,,,,,,,,,,,,,,,,,,,,,,,,,,,,,,,,,,,,,,,,,,,,,,,,,,,,,,,,,,,,,,,,,,,,,,,,,,,,,,,,,,,,,,,,,,,,,,,,,,,,,,,,,,,,,,,,,,,,,,,,,,,,,,,,,,,,,,,,,
,,,,,,,,,,,,,,,,,,,,,,,,,,,,,,,,,,,,,,,,,,,,,,,,,,,,,,,,,,,,,,,,,,,,,,,,,,,,,,,,,,,,,,,,,,,,,,,,,,,,,,,,,,,,,,,,,,,,,,,,,,,,,,,,,,,,,,,,,,,,,,,,,,,,,,,,,,,,,,,,,,,,,,,,,,,,,,,,,,,,,,,,,,,,,,,,,,,,,,,,,,,
,,,,,,,,,,,,,,,,,,,,,,,,,,,,,,,,,,,,,,,,,,,,,,,,,,,,,,,,,,,,,,,,,,,,,,,,,,,,,,,,,,,,,,,,,,,,,,,,,,,,,,,,,,,,,,,,,,,,,,,,,,,,,,,,,,,,,,,,,,,,,,,,,,,,,,,,,,,,,,,,,,,,,,,,,,,,,,,,,,,,,,,,,,,,,,,,,,,,,,,,,,,
,,,,,,,,,,,,,,,,,,,,,,,,,,,,,,,,,,,,,,,,,,,,,,,,,,,,,,,,,,,,,,,,,,,,,,,,,,,,,,,,,,,,,,,,,,,,,,,,,,,,,,,,,,,,,,,,,,,,,,,,,,,,,,,,,,,,,,,,,,,,,,,,,,,,,,,,,,,,,,,,,,,,,,,,,,,,,,,,,,,,,,,,,,,,,,,,,,,,,,,,,,,
,,,,,,,,,,,,,,,,,,,,,,,,,,,,,,,,,,,,,,,,,,,,,,,,,,,,,,,,,,,,,,,,,,,,,,,,,,,,,,,,,,,,,,,,,,,,,,,,,,,,,,,,,,,,,,,,,,,,,,,,,,,,,,,,,,,,,,,,,,,,,,,,,,,,,,,,,,,,,,,,,,,,,,,,,,,,,,,,,,,,,,,,,,,,,,,,,,,,,,,,,,,
,,,,,,,,,,,,,,,,,,,,,,,,,,,,,,,,,,,,,,,,,,,,,,,,,,,,,,,,,,,,,,,,,,,,,,,,,,,,,,,,,,,,,,,,,,,,,,,,,,,,,,,,,,,,,,,,,,,,,,,,,,,,,,,,,,,,,,,,,,,,,,,,,,,,,,,,,,,,,,,,,,,,,,,,,,,,,,,,,,,,,,,,,,,,,,,,,,,,,,,,,,,
,,,,,,,,,,,,,,,,,,,,,,,,,,,,,,,,,,,,,,,,,,,,,,,,,,,,,,,,,,,,,,,,,,,,,,,,,,,,,,,,,,,,,,,,,,,,,,,,,,,,,,,,,,,,,,,,,,,,,,,,,,,,,,,,,,,,,,,,,,,,,,,,,,,,,,,,,,,,,,,,,,,,,,,,,,,,,,,,,,,,,,,,,,,,,,,,,,,,,,,,,,,
,,,,,,,,,,,,,,,,,,,,,,,,,,,,,,,,,,,,,,,,,,,,,,,,,,,,,,,,,,,,,,,,,,,,,,,,,,,,,,,,,,,,,,,,,,,,,,,,,,,,,,,,,,,,,,,,,,,,,,,,,,,,,,,,,,,,,,,,,,,,,,,,,,,,,,,,,,,,,,,,,,,,,,,,,,,,,,,,,,,,,,,,,,,,,,,,,,,,,,,,,,,
,,,,,,,,,,,,,,,,,,,,,,,,,,,,,,,,,,,,,,,,,,,,,,,,,,,,,,,,,,,,,,,,,,,,,,,,,,,,,,,,,,,,,,,,,,,,,,,,,,,,,,,,,,,,,,,,,,,,,,,,,,,,,,,,,,,,,,,,,,,,,,,,,,,,,,,,,,,,,,,,,,,,,,,,,,,,,,,,,,,,,,,,,,,,,,,,,,,,,,,,,,,
,,,,,,,,,,,,,,,,,,,,,,,,,,,,,,,,,,,,,,,,,,,,,,,,,,,,,,,,,,,,,,,,,,,,,,,,,,,,,,,,,,,,,,,,,,,,,,,,,,,,,,,,,,,,,,,,,,,,,,,,,,,,,,,,,,,,,,,,,,,,,,,,,,,,,,,,,,,,,,,,,,,,,,,,,,,,,,,,,,,,,,,,,,,,,,,,,,,,,,,,,,,
,,,,,,,,,,,,,,,,,,,,,,,,,,,,,,,,,,,,,,,,,,,,,,,,,,,,,,,,,,,,,,,,,,,,,,,,,,,,,,,,,,,,,,,,,,,,,,,,,,,,,,,,,,,,,,,,,,,,,,,,,,,,,,,,,,,,,,,,,,,,,,,,,,,,,,,,,,,,,,,,,,,,,,,,,,,,,,,,,,,,,,,,,,,,,,,,,,,,,,,,,,,
,,,,,,,,,,,,,,,,,,,,,,,,,,,,,,,,,,,,,,,,,,,,,,,,,,,,,,,,,,,,,,,,,,,,,,,,,,,,,,,,,,,,,,,,,,,,,,,,,,,,,,,,,,,,,,,,,,,,,,,,,,,,,,,,,,,,,,,,,,,,,,,,,,,,,,,,,,,,,,,,,,,,,,,,,,,,,,,,,,,,,,,,,,,,,,,,,,,,,,,,,,,
,,,,,,,,,,,,,,,,,,,,,,,,,,,,,,,,,,,,,,,,,,,,,,,,,,,,,,,,,,,,,,,,,,,,,,,,,,,,,,,,,,,,,,,,,,,,,,,,,,,,,,,,,,,,,,,,,,,,,,,,,,,,,,,,,,,,,,,,,,,,,,,,,,,,,,,,,,,,,,,,,,,,,,,,,,,,,,,,,,,,,,,,,,,,,,,,,,,,,,,,,,,
,,,,,,,,,,,,,,,,,,,,,,,,,,,,,,,,,,,,,,,,,,,,,,,,,,,,,,,,,,,,,,,,,,,,,,,,,,,,,,,,,,,,,,,,,,,,,,,,,,,,,,,,,,,,,,,,,,,,,,,,,,,,,,,,,,,,,,,,,,,,,,,,,,,,,,,,,,,,,,,,,,,,,,,,,,,,,,,,,,,,,,,,,,,,,,,,,,,,,,,,,,,
,,,,,,,,,,,,,,,,,,,,,,,,,,,,,,,,,,,,,,,,,,,,,,,,,,,,,,,,,,,,,,,,,,,,,,,,,,,,,,,,,,,,,,,,,,,,,,,,,,,,,,,,,,,,,,,,,,,,,,,,,,,,,,,,,,,,,,,,,,,,,,,,,,,,,,,,,,,,,,,,,,,,,,,,,,,,,,,,,,,,,,,,,,,,,,,,,,,,,,,,,,,
,,,,,,,,,,,,,,,,,,,,,,,,,,,,,,,,,,,,,,,,,,,,,,,,,,,,,,,,,,,,,,,,,,,,,,,,,,,,,,,,,,,,,,,,,,,,,,,,,,,,,,,,,,,,,,,,,,,,,,,,,,,,,,,,,,,,,,,,,,,,,,,,,,,,,,,,,,,,,,,,,,,,,,,,,,,,,,,,,,,,,,,,,,,,,,,,,,,,,,,,,,,
,,,,,,,,,,,,,,,,,,,,,,,,,,,,,,,,,,,,,,,,,,,,,,,,,,,,,,,,,,,,,,,,,,,,,,,,,,,,,,,,,,,,,,,,,,,,,,,,,,,,,,,,,,,,,,,,,,,,,,,,,,,,,,,,,,,,,,,,,,,,,,,,,,,,,,,,,,,,,,,,,,,,,,,,,,,,,,,,,,,,,,,,,,,,,,,,,,,,,,,,,,,
,,,,,,,,,,,,,,,,,,,,,,,,,,,,,,,,,,,,,,,,,,,,,,,,,,,,,,,,,,,,,,,,,,,,,,,,,,,,,,,,,,,,,,,,,,,,,,,,,,,,,,,,,,,,,,,,,,,,,,,,,,,,,,,,,,,,,,,,,,,,,,,,,,,,,,,,,,,,,,,,,,,,,,,,,,,,,,,,,,,,,,,,,,,,,,,,,,,,,,,,,,,
,,,,,,,,,,,,,,,,,,,,,,,,,,,,,,,,,,,,,,,,,,,,,,,,,,,,,,,,,,,,,,,,,,,,,,,,,,,,,,,,,,,,,,,,,,,,,,,,,,,,,,,,,,,,,,,,,,,,,,,,,,,,,,,,,,,,,,,,,,,,,,,,,,,,,,,,,,,,,,,,,,,,,,,,,,,,,,,,,,,,,,,,,,,,,,,,,,,,,,,,,,,
,,,,,,,,,,,,,,,,,,,,,,,,,,,,,,,,,,,,,,,,,,,,,,,,,,,,,,,,,,,,,,,,,,,,,,,,,,,,,,,,,,,,,,,,,,,,,,,,,,,,,,,,,,,,,,,,,,,,,,,,,,,,,,,,,,,,,,,,,,,,,,,,,,,,,,,,,,,,,,,,,,,,,,,,,,,,,,,,,,,,,,,,,,,,,,,,,,,,,,,,,,,
,,,,,,,,,,,,,,,,,,,,,,,,,,,,,,,,,,,,,,,,,,,,,,,,,,,,,,,,,,,,,,,,,,,,,,,,,,,,,,,,,,,,,,,,,,,,,,,,,,,,,,,,,,,,,,,,,,,,,,,,,,,,,,,,,,,,,,,,,,,,,,,,,,,,,,,,,,,,,,,,,,,,,,,,,,,,,,,,,,,,,,,,,,,,,,,,,,,,,,,,,,,
,,,,,,,,,,,,,,,,,,,,,,,,,,,,,,,,,,,,,,,,,,,,,,,,,,,,,,,,,,,,,,,,,,,,,,,,,,,,,,,,,,,,,,,,,,,,,,,,,,,,,,,,,,,,,,,,,,,,,,,,,,,,,,,,,,,,,,,,,,,,,,,,,,,,,,,,,,,,,,,,,,,,,,,,,,,,,,,,,,,,,,,,,,,,,,,,,,,,,,,,,,,
,,,,,,,,,,,,,,,,,,,,,,,,,,,,,,,,,,,,,,,,,,,,,,,,,,,,,,,,,,,,,,,,,,,,,,,,,,,,,,,,,,,,,,,,,,,,,,,,,,,,,,,,,,,,,,,,,,,,,,,,,,,,,,,,,,,,,,,,,,,,,,,,,,,,,,,,,,,,,,,,,,,,,,,,,,,,,,,,,,,,,,,,,,,,,,,,,,,,,,,,,,,
,,,,,,,,,,,,,,,,,,,,,,,,,,,,,,,,,,,,,,,,,,,,,,,,,,,,,,,,,,,,,,,,,,,,,,,,,,,,,,,,,,,,,,,,,,,,,,,,,,,,,,,,,,,,,,,,,,,,,,,,,,,,,,,,,,,,,,,,,,,,,,,,,,,,,,,,,,,,,,,,,,,,,,,,,,,,,,,,,,,,,,,,,,,,,,,,,,,,,,,,,,,
,,,,,,,,,,,,,,,,,,,,,,,,,,,,,,,,,,,,,,,,,,,,,,,,,,,,,,,,,,,,,,,,,,,,,,,,,,,,,,,,,,,,,,,,,,,,,,,,,,,,,,,,,,,,,,,,,,,,,,,,,,,,,,,,,,,,,,,,,,,,,,,,,,,,,,,,,,,,,,,,,,,,,,,,,,,,,,,,,,,,,,,,,,,,,,,,,,,,,,,,,,,
,,,,,,,,,,,,,,,,,,,,,,,,,,,,,,,,,,,,,,,,,,,,,,,,,,,,,,,,,,,,,,,,,,,,,,,,,,,,,,,,,,,,,,,,,,,,,,,,,,,,,,,,,,,,,,,,,,,,,,,,,,,,,,,,,,,,,,,,,,,,,,,,,,,,,,,,,,,,,,,,,,,,,,,,,,,,,,,,,,,,,,,,,,,,,,,,,,,,,,,,,,,
,,,,,,,,,,,,,,,,,,,,,,,,,,,,,,,,,,,,,,,,,,,,,,,,,,,,,,,,,,,,,,,,,,,,,,,,,,,,,,,,,,,,,,,,,,,,,,,,,,,,,,,,,,,,,,,,,,,,,,,,,,,,,,,,,,,,,,,,,,,,,,,,,,,,,,,,,,,,,,,,,,,,,,,,,,,,,,,,,,,,,,,,,,,,,,,,,,,,,,,,,,,
,,,,,,,,,,,,,,,,,,,,,,,,,,,,,,,,,,,,,,,,,,,,,,,,,,,,,,,,,,,,,,,,,,,,,,,,,,,,,,,,,,,,,,,,,,,,,,,,,,,,,,,,,,,,,,,,,,,,,,,,,,,,,,,,,,,,,,,,,,,,,,,,,,,,,,,,,,,,,,,,,,,,,,,,,,,,,,,,,,,,,,,,,,,,,,,,,,,,,,,,,,,
,,,,,,,,,,,,,,,,,,,,,,,,,,,,,,,,,,,,,,,,,,,,,,,,,,,,,,,,,,,,,,,,,,,,,,,,,,,,,,,,,,,,,,,,,,,,,,,,,,,,,,,,,,,,,,,,,,,,,,,,,,,,,,,,,,,,,,,,,,,,,,,,,,,,,,,,,,,,,,,,,,,,,,,,,,,,,,,,,,,,,,,,,,,,,,,,,,,,,,,,,,,
,,,,,,,,,,,,,,,,,,,,,,,,,,,,,,,,,,,,,,,,,,,,,,,,,,,,,,,,,,,,,,,,,,,,,,,,,,,,,,,,,,,,,,,,,,,,,,,,,,,,,,,,,,,,,,,,,,,,,,,,,,,,,,,,,,,,,,,,,,,,,,,,,,,,,,,,,,,,,,,,,,,,,,,,,,,,,,,,,,,,,,,,,,,,,,,,,,,,,,,,,,,
,,,,,,,,,,,,,,,,,,,,,,,,,,,,,,,,,,,,,,,,,,,,,,,,,,,,,,,,,,,,,,,,,,,,,,,,,,,,,,,,,,,,,,,,,,,,,,,,,,,,,,,,,,,,,,,,,,,,,,,,,,,,,,,,,,,,,,,,,,,,,,,,,,,,,,,,,,,,,,,,,,,,,,,,,,,,,,,,,,,,,,,,,,,,,,,,,,,,,,,,,,,
,,,,,,,,,,,,,,,,,,,,,,,,,,,,,,,,,,,,,,,,,,,,,,,,,,,,,,,,,,,,,,,,,,,,,,,,,,,,,,,,,,,,,,,,,,,,,,,,,,,,,,,,,,,,,,,,,,,,,,,,,,,,,,,,,,,,,,,,,,,,,,,,,,,,,,,,,,,,,,,,,,,,,,,,,,,,,,,,,,,,,,,,,,,,,,,,,,,,,,,,,,,
,,,,,,,,,,,,,,,,,,,,,,,,,,,,,,,,,,,,,,,,,,,,,,,,,,,,,,,,,,,,,,,,,,,,,,,,,,,,,,,,,,,,,,,,,,,,,,,,,,,,,,,,,,,,,,,,,,,,,,,,,,,,,,,,,,,,,,,,,,,,,,,,,,,,,,,,,,,,,,,,,,,,,,,,,,,,,,,,,,,,,,,,,,,,,,,,,,,,,,,,,,,
,,,,,,,,,,,,,,,,,,,,,,,,,,,,,,,,,,,,,,,,,,,,,,,,,,,,,,,,,,,,,,,,,,,,,,,,,,,,,,,,,,,,,,,,,,,,,,,,,,,,,,,,,,,,,,,,,,,,,,,,,,,,,,,,,,,,,,,,,,,,,,,,,,,,,,,,,,,,,,,,,,,,,,,,,,,,,,,,,,,,,,,,,,,,,,,,,,,,,,,,,,,
,,,,,,,,,,,,,,,,,,,,,,,,,,,,,,,,,,,,,,,,,,,,,,,,,,,,,,,,,,,,,,,,,,,,,,,,,,,,,,,,,,,,,,,,,,,,,,,,,,,,,,,,,,,,,,,,,,,,,,,,,,,,,,,,,,,,,,,,,,,,,,,,,,,,,,,,,,,,,,,,,,,,,,,,,,,,,,,,,,,,,,,,,,,,,,,,,,,,,,,,,,,
,,,,,,,,,,,,,,,,,,,,,,,,,,,,,,,,,,,,,,,,,,,,,,,,,,,,,,,,,,,,,,,,,,,,,,,,,,,,,,,,,,,,,,,,,,,,,,,,,,,,,,,,,,,,,,,,,,,,,,,,,,,,,,,,,,,,,,,,,,,,,,,,,,,,,,,,,,,,,,,,,,,,,,,,,,,,,,,,,,,,,,,,,,,,,,,,,,,,,,,,,,,
,,,,,,,,,,,,,,,,,,,,,,,,,,,,,,,,,,,,,,,,,,,,,,,,,,,,,,,,,,,,,,,,,,,,,,,,,,,,,,,,,,,,,,,,,,,,,,,,,,,,,,,,,,,,,,,,,,,,,,,,,,,,,,,,,,,,,,,,,,,,,,,,,,,,,,,,,,,,,,,,,,,,,,,,,,,,,,,,,,,,,,,,,,,,,,,,,,,,,,,,,,,
,,,,,,,,,,,,,,,,,,,,,,,,,,,,,,,,,,,,,,,,,,,,,,,,,,,,,,,,,,,,,,,,,,,,,,,,,,,,,,,,,,,,,,,,,,,,,,,,,,,,,,,,,,,,,,,,,,,,,,,,,,,,,,,,,,,,,,,,,,,,,,,,,,,,,,,,,,,,,,,,,,,,,,,,,,,,,,,,,,,,,,,,,,,,,,,,,,,,,,,,,,,
,,,,,,,,,,,,,,,,,,,,,,,,,,,,,,,,,,,,,,,,,,,,,,,,,,,,,,,,,,,,,,,,,,,,,,,,,,,,,,,,,,,,,,,,,,,,,,,,,,,,,,,,,,,,,,,,,,,,,,,,,,,,,,,,,,,,,,,,,,,,,,,,,,,,,,,,,,,,,,,,,,,,,,,,,,,,,,,,,,,,,,,,,,,,,,,,,,,,,,,,,,,
,,,,,,,,,,,,,,,,,,,,,,,,,,,,,,,,,,,,,,,,,,,,,,,,,,,,,,,,,,,,,,,,,,,,,,,,,,,,,,,,,,,,,,,,,,,,,,,,,,,,,,,,,,,,,,,,,,,,,,,,,,,,,,,,,,,,,,,,,,,,,,,,,,,,,,,,,,,,,,,,,,,,,,,,,,,,,,,,,,,,,,,,,,,,,,,,,,,,,,,,,,,
,,,,,,,,,,,,,,,,,,,,,,,,,,,,,,,,,,,,,,,,,,,,,,,,,,,,,,,,,,,,,,,,,,,,,,,,,,,,,,,,,,,,,,,,,,,,,,,,,,,,,,,,,,,,,,,,,,,,,,,,,,,,,,,,,,,,,,,,,,,,,,,,,,,,,,,,,,,,,,,,,,,,,,,,,,,,,,,,,,,,,,,,,,,,,,,,,,,,,,,,,,,
,,,,,,,,,,,,,,,,,,,,,,,,,,,,,,,,,,,,,,,,,,,,,,,,,,,,,,,,,,,,,,,,,,,,,,,,,,,,,,,,,,,,,,,,,,,,,,,,,,,,,,,,,,,,,,,,,,,,,,,,,,,,,,,,,,,,,,,,,,,,,,,,,,,,,,,,,,,,,,,,,,,,,,,,,,,,,,,,,,,,,,,,,,,,,,,,,,,,,,,,,,,
,,,,,,,,,,,,,,,,,,,,,,,,,,,,,,,,,,,,,,,,,,,,,,,,,,,,,,,,,,,,,,,,,,,,,,,,,,,,,,,,,,,,,,,,,,,,,,,,,,,,,,,,,,,,,,,,,,,,,,,,,,,,,,,,,,,,,,,,,,,,,,,,,,,,,,,,,,,,,,,,,,,,,,,,,,,,,,,,,,,,,,,,,,,,,,,,,,,,,,,,,,,
,,,,,,,,,,,,,,,,,,,,,,,,,,,,,,,,,,,,,,,,,,,,,,,,,,,,,,,,,,,,,,,,,,,,,,,,,,,,,,,,,,,,,,,,,,,,,,,,,,,,,,,,,,,,,,,,,,,,,,,,,,,,,,,,,,,,,,,,,,,,,,,,,,,,,,,,,,,,,,,,,,,,,,,,,,,,,,,,,,,,,,,,,,,,,,,,,,,,,,,,,,,
,,,,,,,,,,,,,,,,,,,,,,,,,,,,,,,,,,,,,,,,,,,,,,,,,,,,,,,,,,,,,,,,,,,,,,,,,,,,,,,,,,,,,,,,,,,,,,,,,,,,,,,,,,,,,,,,,,,,,,,,,,,,,,,,,,,,,,,,,,,,,,,,,,,,,,,,,,,,,,,,,,,,,,,,,,,,,,,,,,,,,,,,,,,,,,,,,,,,,,,,,,,
,,,,,,,,,,,,,,,,,,,,,,,,,,,,,,,,,,,,,,,,,,,,,,,,,,,,,,,,,,,,,,,,,,,,,,,,,,,,,,,,,,,,,,,,,,,,,,,,,,,,,,,,,,,,,,,,,,,,,,,,,,,,,,,,,,,,,,,,,,,,,,,,,,,,,,,,,,,,,,,,,,,,,,,,,,,,,,,,,,,,,,,,,,,,,,,,,,,,,,,,,,,
,,,,,,,,,,,,,,,,,,,,,,,,,,,,,,,,,,,,,,,,,,,,,,,,,,,,,,,,,,,,,,,,,,,,,,,,,,,,,,,,,,,,,,,,,,,,,,,,,,,,,,,,,,,,,,,,,,,,,,,,,,,,,,,,,,,,,,,,,,,,,,,,,,,,,,,,,,,,,,,,,,,,,,,,,,,,,,,,,,,,,,,,,,,,,,,,,,,,,,,,,,,
,,,,,,,,,,,,,,,,,,,,,,,,,,,,,,,,,,,,,,,,,,,,,,,,,,,,,,,,,,,,,,,,,,,,,,,,,,,,,,,,,,,,,,,,,,,,,,,,,,,,,,,,,,,,,,,,,,,,,,,,,,,,,,,,,,,,,,,,,,,,,,,,,,,,,,,,,,,,,,,,,,,,,,,,,,,,,,,,,,,,,,,,,,,,,,,,,,,,,,,,,,,
,,,,,,,,,,,,,,,,,,,,,,,,,,,,,,,,,,,,,,,,,,,,,,,,,,,,,,,,,,,,,,,,,,,,,,,,,,,,,,,,,,,,,,,,,,,,,,,,,,,,,,,,,,,,,,,,,,,,,,,,,,,,,,,,,,,,,,,,,,,,,,,,,,,,,,,,,,,,,,,,,,,,,,,,,,,,,,,,,,,,,,,,,,,,,,,,,,,,,,,,,,,
,,,,,,,,,,,,,,,,,,,,,,,,,,,,,,,,,,,,,,,,,,,,,,,,,,,,,,,,,,,,,,,,,,,,,,,,,,,,,,,,,,,,,,,,,,,,,,,,,,,,,,,,,,,,,,,,,,,,,,,,,,,,,,,,,,,,,,,,,,,,,,,,,,,,,,,,,,,,,,,,,,,,,,,,,,,,,,,,,,,,,,,,,,,,,,,,,,,,,,,,,,,
,,,,,,,,,,,,,,,,,,,,,,,,,,,,,,,,,,,,,,,,,,,,,,,,,,,,,,,,,,,,,,,,,,,,,,,,,,,,,,,,,,,,,,,,,,,,,,,,,,,,,,,,,,,,,,,,,,,,,,,,,,,,,,,,,,,,,,,,,,,,,,,,,,,,,,,,,,,,,,,,,,,,,,,,,,,,,,,,,,,,,,,,,,,,,,,,,,,,,,,,,,,
,,,,,,,,,,,,,,,,,,,,,,,,,,,,,,,,,,,,,,,,,,,,,,,,,,,,,,,,,,,,,,,,,,,,,,,,,,,,,,,,,,,,,,,,,,,,,,,,,,,,,,,,,,,,,,,,,,,,,,,,,,,,,,,,,,,,,,,,,,,,,,,,,,,,,,,,,,,,,,,,,,,,,,,,,,,,,,,,,,,,,,,,,,,,,,,,,,,,,,,,,,,
,,,,,,,,,,,,,,,,,,,,,,,,,,,,,,,,,,,,,,,,,,,,,,,,,,,,,,,,,,,,,,,,,,,,,,,,,,,,,,,,,,,,,,,,,,,,,,,,,,,,,,,,,,,,,,,,,,,,,,,,,,,,,,,,,,,,,,,,,,,,,,,,,,,,,,,,,,,,,,,,,,,,,,,,,,,,,,,,,,,,,,,,,,,,,,,,,,,,,,,,,,,
,,,,,,,,,,,,,,,,,,,,,,,,,,,,,,,,,,,,,,,,,,,,,,,,,,,,,,,,,,,,,,,,,,,,,,,,,,,,,,,,,,,,,,,,,,,,,,,,,,,,,,,,,,,,,,,,,,,,,,,,,,,,,,,,,,,,,,,,,,,,,,,,,,,,,,,,,,,,,,,,,,,,,,,,,,,,,,,,,,,,,,,,,,,,,,,,,,,,,,,,,,,
,,,,,,,,,,,,,,,,,,,,,,,,,,,,,,,,,,,,,,,,,,,,,,,,,,,,,,,,,,,,,,,,,,,,,,,,,,,,,,,,,,,,,,,,,,,,,,,,,,,,,,,,,,,,,,,,,,,,,,,,,,,,,,,,,,,,,,,,,,,,,,,,,,,,,,,,,,,,,,,,,,,,,,,,,,,,,,,,,,,,,,,,,,,,,,,,,,,,,,,,,,,
,,,,,,,,,,,,,,,,,,,,,,,,,,,,,,,,,,,,,,,,,,,,,,,,,,,,,,,,,,,,,,,,,,,,,,,,,,,,,,,,,,,,,,,,,,,,,,,,,,,,,,,,,,,,,,,,,,,,,,,,,,,,,,,,,,,,,,,,,,,,,,,,,,,,,,,,,,,,,,,,,,,,,,,,,,,,,,,,,,,,,,,,,,,,,,,,,,,,,,,,,,,
,,,,,,,,,,,,,,,,,,,,,,,,,,,,,,,,,,,,,,,,,,,,,,,,,,,,,,,,,,,,,,,,,,,,,,,,,,,,,,,,,,,,,,,,,,,,,,,,,,,,,,,,,,,,,,,,,,,,,,,,,,,,,,,,,,,,,,,,,,,,,,,,,,,,,,,,,,,,,,,,,,,,,,,,,,,,,,,,,,,,,,,,,,,,,,,,,,,,,,,,,,,
,,,,,,,,,,,,,,,,,,,,,,,,,,,,,,,,,,,,,,,,,,,,,,,,,,,,,,,,,,,,,,,,,,,,,,,,,,,,,,,,,,,,,,,,,,,,,,,,,,,,,,,,,,,,,,,,,,,,,,,,,,,,,,,,,,,,,,,,,,,,,,,,,,,,,,,,,,,,,,,,,,,,,,,,,,,,,,,,,,,,,,,,,,,,,,,,,,,,,,,,,,,
,,,,,,,,,,,,,,,,,,,,,,,,,,,,,,,,,,,,,,,,,,,,,,,,,,,,,,,,,,,,,,,,,,,,,,,,,,,,,,,,,,,,,,,,,,,,,,,,,,,,,,,,,,,,,,,,,,,,,,,,,,,,,,,,,,,,,,,,,,,,,,,,,,,,,,,,,,,,,,,,,,,,,,,,,,,,,,,,,,,,,,,,,,,,,,,,,,,,,,,,,,,
,,,,,,,,,,,,,,,,,,,,,,,,,,,,,,,,,,,,,,,,,,,,,,,,,,,,,,,,,,,,,,,,,,,,,,,,,,,,,,,,,,,,,,,,,,,,,,,,,,,,,,,,,,,,,,,,,,,,,,,,,,,,,,,,,,,,,,,,,,,,,,,,,,,,,,,,,,,,,,,,,,,,,,,,,,,,,,,,,,,,,,,,,,,,,,,,,,,,,,,,,,,
,,,,,,,,,,,,,,,,,,,,,,,,,,,,,,,,,,,,,,,,,,,,,,,,,,,,,,,,,,,,,,,,,,,,,,,,,,,,,,,,,,,,,,,,,,,,,,,,,,,,,,,,,,,,,,,,,,,,,,,,,,,,,,,,,,,,,,,,,,,,,,,,,,,,,,,,,,,,,,,,,,,,,,,,,,,,,,,,,,,,,,,,,,,,,,,,,,,,,,,,,,,
,,,,,,,,,,,,,,,,,,,,,,,,,,,,,,,,,,,,,,,,,,,,,,,,,,,,,,,,,,,,,,,,,,,,,,,,,,,,,,,,,,,,,,,,,,,,,,,,,,,,,,,,,,,,,,,,,,,,,,,,,,,,,,,,,,,,,,,,,,,,,,,,,,,,,,,,,,,,,,,,,,,,,,,,,,,,,,,,,,,,,,,,,,,,,,,,,,,,,,,,,,,
,,,,,,,,,,,,,,,,,,,,,,,,,,,,,,,,,,,,,,,,,,,,,,,,,,,,,,,,,,,,,,,,,,,,,,,,,,,,,,,,,,,,,,,,,,,,,,,,,,,,,,,,,,,,,,,,,,,,,,,,,,,,,,,,,,,,,,,,,,,,,,,,,,,,,,,,,,,,,,,,,,,,,,,,,,,,,,,,,,,,,,,,,,,,,,,,,,,,,,,,,,,
,,,,,,,,,,,,,,,,,,,,,,,,,,,,,,,,,,,,,,,,,,,,,,,,,,,,,,,,,,,,,,,,,,,,,,,,,,,,,,,,,,,,,,,,,,,,,,,,,,,,,,,,,,,,,,,,,,,,,,,,,,,,,,,,,,,,,,,,,,,,,,,,,,,,,,,,,,,,,,,,,,,,,,,,,,,,,,,,,,,,,,,,,,,,,,,,,,,,,,,,,,,
,,,,,,,,,,,,,,,,,,,,,,,,,,,,,,,,,,,,,,,,,,,,,,,,,,,,,,,,,,,,,,,,,,,,,,,,,,,,,,,,,,,,,,,,,,,,,,,,,,,,,,,,,,,,,,,,,,,,,,,,,,,,,,,,,,,,,,,,,,,,,,,,,,,,,,,,,,,,,,,,,,,,,,,,,,,,,,,,,,,,,,,,,,,,,,,,,,,,,,,,,,,
,,,,,,,,,,,,,,,,,,,,,,,,,,,,,,,,,,,,,,,,,,,,,,,,,,,,,,,,,,,,,,,,,,,,,,,,,,,,,,,,,,,,,,,,,,,,,,,,,,,,,,,,,,,,,,,,,,,,,,,,,,,,,,,,,,,,,,,,,,,,,,,,,,,,,,,,,,,,,,,,,,,,,,,,,,,,,,,,,,,,,,,,,,,,,,,,,,,,,,,,,,,
,,,,,,,,,,,,,,,,,,,,,,,,,,,,,,,,,,,,,,,,,,,,,,,,,,,,,,,,,,,,,,,,,,,,,,,,,,,,,,,,,,,,,,,,,,,,,,,,,,,,,,,,,,,,,,,,,,,,,,,,,,,,,,,,,,,,,,,,,,,,,,,,,,,,,,,,,,,,,,,,,,,,,,,,,,,,,,,,,,,,,,,,,,,,,,,,,,,,,,,,,,,
,,,,,,,,,,,,,,,,,,,,,,,,,,,,,,,,,,,,,,,,,,,,,,,,,,,,,,,,,,,,,,,,,,,,,,,,,,,,,,,,,,,,,,,,,,,,,,,,,,,,,,,,,,,,,,,,,,,,,,,,,,,,,,,,,,,,,,,,,,,,,,,,,,,,,,,,,,,,,,,,,,,,,,,,,,,,,,,,,,,,,,,,,,,,,,,,,,,,,,,,,,,
,,,,,,,,,,,,,,,,,,,,,,,,,,,,,,,,,,,,,,,,,,,,,,,,,,,,,,,,,,,,,,,,,,,,,,,,,,,,,,,,,,,,,,,,,,,,,,,,,,,,,,,,,,,,,,,,,,,,,,,,,,,,,,,,,,,,,,,,,,,,,,,,,,,,,,,,,,,,,,,,,,,,,,,,,,,,,,,,,,,,,,,,,,,,,,,,,,,,,,,,,,,
,,,,,,,,,,,,,,,,,,,,,,,,,,,,,,,,,,,,,,,,,,,,,,,,,,,,,,,,,,,,,,,,,,,,,,,,,,,,,,,,,,,,,,,,,,,,,,,,,,,,,,,,,,,,,,,,,,,,,,,,,,,,,,,,,,,,,,,,,,,,,,,,,,,,,,,,,,,,,,,,,,,,,,,,,,,,,,,,,,,,,,,,,,,,,,,,,,,,,,,,,,,
,,,,,,,,,,,,,,,,,,,,,,,,,,,,,,,,,,,,,,,,,,,,,,,,,,,,,,,,,,,,,,,,,,,,,,,,,,,,,,,,,,,,,,,,,,,,,,,,,,,,,,,,,,,,,,,,,,,,,,,,,,,,,,,,,,,,,,,,,,,,,,,,,,,,,,,,,,,,,,,,,,,,,,,,,,,,,,,,,,,,,,,,,,,,,,,,,,,,,,,,,,,
,,,,,,,,,,,,,,,,,,,,,,,,,,,,,,,,,,,,,,,,,,,,,,,,,,,,,,,,,,,,,,,,,,,,,,,,,,,,,,,,,,,,,,,,,,,,,,,,,,,,,,,,,,,,,,,,,,,,,,,,,,,,,,,,,,,,,,,,,,,,,,,,,,,,,,,,,,,,,,,,,,,,,,,,,,,,,,,,,,,,,,,,,,,,,,,,,,,,,,,,,,,
,,,,,,,,,,,,,,,,,,,,,,,,,,,,,,,,,,,,,,,,,,,,,,,,,,,,,,,,,,,,,,,,,,,,,,,,,,,,,,,,,,,,,,,,,,,,,,,,,,,,,,,,,,,,,,,,,,,,,,,,,,,,,,,,,,,,,,,,,,,,,,,,,,,,,,,,,,,,,,,,,,,,,,,,,,,,,,,,,,,,,,,,,,,,,,,,,,,,,,,,,,,
,,,,,,,,,,,,,,,,,,,,,,,,,,,,,,,,,,,,,,,,,,,,,,,,,,,,,,,,,,,,,,,,,,,,,,,,,,,,,,,,,,,,,,,,,,,,,,,,,,,,,,,,,,,,,,,,,,,,,,,,,,,,,,,,,,,,,,,,,,,,,,,,,,,,,,,,,,,,,,,,,,,,,,,,,,,,,,,,,,,,,,,,,,,,,,,,,,,,,,,,,,,
,,,,,,,,,,,,,,,,,,,,,,,,,,,,,,,,,,,,,,,,,,,,,,,,,,,,,,,,,,,,,,,,,,,,,,,,,,,,,,,,,,,,,,,,,,,,,,,,,,,,,,,,,,,,,,,,,,,,,,,,,,,,,,,,,,,,,,,,,,,,,,,,,,,,,,,,,,,,,,,,,,,,,,,,,,,,,,,,,,,,,,,,,,,,,,,,,,,,,,,,,,,
,,,,,,,,,,,,,,,,,,,,,,,,,,,,,,,,,,,,,,,,,,,,,,,,,,,,,,,,,,,,,,,,,,,,,,,,,,,,,,,,,,,,,,,,,,,,,,,,,,,,,,,,,,,,,,,,,,,,,,,,,,,,,,,,,,,,,,,,,,,,,,,,,,,,,,,,,,,,,,,,,,,,,,,,,,,,,,,,,,,,,,,,,,,,,,,,,,,,,,,,,,,
,,,,,,,,,,,,,,,,,,,,,,,,,,,,,,,,,,,,,,,,,,,,,,,,,,,,,,,,,,,,,,,,,,,,,,,,,,,,,,,,,,,,,,,,,,,,,,,,,,,,,,,,,,,,,,,,,,,,,,,,,,,,,,,,,,,,,,,,,,,,,,,,,,,,,,,,,,,,,,,,,,,,,,,,,,,,,,,,,,,,,,,,,,,,,,,,,,,,,,,,,,,
,,,,,,,,,,,,,,,,,,,,,,,,,,,,,,,,,,,,,,,,,,,,,,,,,,,,,,,,,,,,,,,,,,,,,,,,,,,,,,,,,,,,,,,,,,,,,,,,,,,,,,,,,,,,,,,,,,,,,,,,,,,,,,,,,,,,,,,,,,,,,,,,,,,,,,,,,,,,,,,,,,,,,,,,,,,,,,,,,,,,,,,,,,,,,,,,,,,,,,,,,,,
,,,,,,,,,,,,,,,,,,,,,,,,,,,,,,,,,,,,,,,,,,,,,,,,,,,,,,,,,,,,,,,,,,,,,,,,,,,,,,,,,,,,,,,,,,,,,,,,,,,,,,,,,,,,,,,,,,,,,,,,,,,,,,,,,,,,,,,,,,,,,,,,,,,,,,,,,,,,,,,,,,,,,,,,,,,,,,,,,,,,,,,,,,,,,,,,,,,,,,,,,,,
,,,,,,,,,,,,,,,,,,,,,,,,,,,,,,,,,,,,,,,,,,,,,,,,,,,,,,,,,,,,,,,,,,,,,,,,,,,,,,,,,,,,,,,,,,,,,,,,,,,,,,,,,,,,,,,,,,,,,,,,,,,,,,,,,,,,,,,,,,,,,,,,,,,,,,,,,,,,,,,,,,,,,,,,,,,,,,,,,,,,,,,,,,,,,,,,,,,,,,,,,,,
,,,,,,,,,,,,,,,,,,,,,,,,,,,,,,,,,,,,,,,,,,,,,,,,,,,,,,,,,,,,,,,,,,,,,,,,,,,,,,,,,,,,,,,,,,,,,,,,,,,,,,,,,,,,,,,,,,,,,,,,,,,,,,,,,,,,,,,,,,,,,,,,,,,,,,,,,,,,,,,,,,,,,,,,,,,,,,,,,,,,,,,,,,,,,,,,,,,,,,,,,,,
,,,,,,,,,,,,,,,,,,,,,,,,,,,,,,,,,,,,,,,,,,,,,,,,,,,,,,,,,,,,,,,,,,,,,,,,,,,,,,,,,,,,,,,,,,,,,,,,,,,,,,,,,,,,,,,,,,,,,,,,,,,,,,,,,,,,,,,,,,,,,,,,,,,,,,,,,,,,,,,,,,,,,,,,,,,,,,,,,,,,,,,,,,,,,,,,,,,,,,,,,,,
,,,,,,,,,,,,,,,,,,,,,,,,,,,,,,,,,,,,,,,,,,,,,,,,,,,,,,,,,,,,,,,,,,,,,,,,,,,,,,,,,,,,,,,,,,,,,,,,,,,,,,,,,,,,,,,,,,,,,,,,,,,,,,,,,,,,,,,,,,,,,,,,,,,,,,,,,,,,,,,,,,,,,,,,,,,,,,,,,,,,,,,,,,,,,,,,,,,,,,,,,,,
,,,,,,,,,,,,,,,,,,,,,,,,,,,,,,,,,,,,,,,,,,,,,,,,,,,,,,,,,,,,,,,,,,,,,,,,,,,,,,,,,,,,,,,,,,,,,,,,,,,,,,,,,,,,,,,,,,,,,,,,,,,,,,,,,,,,,,,,,,,,,,,,,,,,,,,,,,,,,,,,,,,,,,,,,,,,,,,,,,,,,,,,,,,,,,,,,,,,,,,,,,,
,,,,,,,,,,,,,,,,,,,,,,,,,,,,,,,,,,,,,,,,,,,,,,,,,,,,,,,,,,,,,,,,,,,,,,,,,,,,,,,,,,,,,,,,,,,,,,,,,,,,,,,,,,,,,,,,,,,,,,,,,,,,,,,,,,,,,,,,,,,,,,,,,,,,,,,,,,,,,,,,,,,,,,,,,,,,,,,,,,,,,,,,,,,,,,,,,,,,,,,,,,,
,,,,,,,,,,,,,,,,,,,,,,,,,,,,,,,,,,,,,,,,,,,,,,,,,,,,,,,,,,,,,,,,,,,,,,,,,,,,,,,,,,,,,,,,,,,,,,,,,,,,,,,,,,,,,,,,,,,,,,,,,,,,,,,,,,,,,,,,,,,,,,,,,,,,,,,,,,,,,,,,,,,,,,,,,,,,,,,,,,,,,,,,,,,,,,,,,,,,,,,,,,,
,,,,,,,,,,,,,,,,,,,,,,,,,,,,,,,,,,,,,,,,,,,,,,,,,,,,,,,,,,,,,,,,,,,,,,,,,,,,,,,,,,,,,,,,,,,,,,,,,,,,,,,,,,,,,,,,,,,,,,,,,,,,,,,,,,,,,,,,,,,,,,,,,,,,,,,,,,,,,,,,,,,,,,,,,,,,,,,,,,,,,,,,,,,,,,,,,,,,,,,,,,,
,,,,,,,,,,,,,,,,,,,,,,,,,,,,,,,,,,,,,,,,,,,,,,,,,,,,,,,,,,,,,,,,,,,,,,,,,,,,,,,,,,,,,,,,,,,,,,,,,,,,,,,,,,,,,,,,,,,,,,,,,,,,,,,,,,,,,,,,,,,,,,,,,,,,,,,,,,,,,,,,,,,,,,,,,,,,,,,,,,,,,,,,,,,,,,,,,,,,,,,,,,,
,,,,,,,,,,,,,,,,,,,,,,,,,,,,,,,,,,,,,,,,,,,,,,,,,,,,,,,,,,,,,,,,,,,,,,,,,,,,,,,,,,,,,,,,,,,,,,,,,,,,,,,,,,,,,,,,,,,,,,,,,,,,,,,,,,,,,,,,,,,,,,,,,,,,,,,,,,,,,,,,,,,,,,,,,,,,,,,,,,,,,,,,,,,,,,,,,,,,,,,,,,,
,,,,,,,,,,,,,,,,,,,,,,,,,,,,,,,,,,,,,,,,,,,,,,,,,,,,,,,,,,,,,,,,,,,,,,,,,,,,,,,,,,,,,,,,,,,,,,,,,,,,,,,,,,,,,,,,,,,,,,,,,,,,,,,,,,,,,,,,,,,,,,,,,,,,,,,,,,,,,,,,,,,,,,,,,,,,,,,,,,,,,,,,,,,,,,,,,,,,,,,,,,,
,,,,,,,,,,,,,,,,,,,,,,,,,,,,,,,,,,,,,,,,,,,,,,,,,,,,,,,,,,,,,,,,,,,,,,,,,,,,,,,,,,,,,,,,,,,,,,,,,,,,,,,,,,,,,,,,,,,,,,,,,,,,,,,,,,,,,,,,,,,,,,,,,,,,,,,,,,,,,,,,,,,,,,,,,,,,,,,,,,,,,,,,,,,,,,,,,,,,,,,,,,,
,,,,,,,,,,,,,,,,,,,,,,,,,,,,,,,,,,,,,,,,,,,,,,,,,,,,,,,,,,,,,,,,,,,,,,,,,,,,,,,,,,,,,,,,,,,,,,,,,,,,,,,,,,,,,,,,,,,,,,,,,,,,,,,,,,,,,,,,,,,,,,,,,,,,,,,,,,,,,,,,,,,,,,,,,,,,,,,,,,,,,,,,,,,,,,,,,,,,,,,,,,,
,,,,,,,,,,,,,,,,,,,,,,,,,,,,,,,,,,,,,,,,,,,,,,,,,,,,,,,,,,,,,,,,,,,,,,,,,,,,,,,,,,,,,,,,,,,,,,,,,,,,,,,,,,,,,,,,,,,,,,,,,,,,,,,,,,,,,,,,,,,,,,,,,,,,,,,,,,,,,,,,,,,,,,,,,,,,,,,,,,,,,,,,,,,,,,,,,,,,,,,,,,,
,,,,,,,,,,,,,,,,,,,,,,,,,,,,,,,,,,,,,,,,,,,,,,,,,,,,,,,,,,,,,,,,,,,,,,,,,,,,,,,,,,,,,,,,,,,,,,,,,,,,,,,,,,,,,,,,,,,,,,,,,,,,,,,,,,,,,,,,,,,,,,,,,,,,,,,,,,,,,,,,,,,,,,,,,,,,,,,,,,,,,,,,,,,,,,,,,,,,,,,,,,,
,,,,,,,,,,,,,,,,,,,,,,,,,,,,,,,,,,,,,,,,,,,,,,,,,,,,,,,,,,,,,,,,,,,,,,,,,,,,,,,,,,,,,,,,,,,,,,,,,,,,,,,,,,,,,,,,,,,,,,,,,,,,,,,,,,,,,,,,,,,,,,,,,,,,,,,,,,,,,,,,,,,,,,,,,,,,,,,,,,,,,,,,,,,,,,,,,,,,,,,,,,,
,,,,,,,,,,,,,,,,,,,,,,,,,,,,,,,,,,,,,,,,,,,,,,,,,,,,,,,,,,,,,,,,,,,,,,,,,,,,,,,,,,,,,,,,,,,,,,,,,,,,,,,,,,,,,,,,,,,,,,,,,,,,,,,,,,,,,,,,,,,,,,,,,,,,,,,,,,,,,,,,,,,,,,,,,,,,,,,,,,,,,,,,,,,,,,,,,,,,,,,,,,,
,,,,,,,,,,,,,,,,,,,,,,,,,,,,,,,,,,,,,,,,,,,,,,,,,,,,,,,,,,,,,,,,,,,,,,,,,,,,,,,,,,,,,,,,,,,,,,,,,,,,,,,,,,,,,,,,,,,,,,,,,,,,,,,,,,,,,,,,,,,,,,,,,,,,,,,,,,,,,,,,,,,,,,,,,,,,,,,,,,,,,,,,,,,,,,,,,,,,,,,,,,,
,,,,,,,,,,,,,,,,,,,,,,,,,,,,,,,,,,,,,,,,,,,,,,,,,,,,,,,,,,,,,,,,,,,,,,,,,,,,,,,,,,,,,,,,,,,,,,,,,,,,,,,,,,,,,,,,,,,,,,,,,,,,,,,,,,,,,,,,,,,,,,,,,,,,,,,,,,,,,,,,,,,,,,,,,,,,,,,,,,,,,,,,,,,,,,,,,,,,,,,,,,,
,,,,,,,,,,,,,,,,,,,,,,,,,,,,,,,,,,,,,,,,,,,,,,,,,,,,,,,,,,,,,,,,,,,,,,,,,,,,,,,,,,,,,,,,,,,,,,,,,,,,,,,,,,,,,,,,,,,,,,,,,,,,,,,,,,,,,,,,,,,,,,,,,,,,,,,,,,,,,,,,,,,,,,,,,,,,,,,,,,,,,,,,,,,,,,,,,,,,,,,,,,,
,,,,,,,,,,,,,,,,,,,,,,,,,,,,,,,,,,,,,,,,,,,,,,,,,,,,,,,,,,,,,,,,,,,,,,,,,,,,,,,,,,,,,,,,,,,,,,,,,,,,,,,,,,,,,,,,,,,,,,,,,,,,,,,,,,,,,,,,,,,,,,,,,,,,,,,,,,,,,,,,,,,,,,,,,,,,,,,,,,,,,,,,,,,,,,,,,,,,,,,,,,,
,,,,,,,,,,,,,,,,,,,,,,,,,,,,,,,,,,,,,,,,,,,,,,,,,,,,,,,,,,,,,,,,,,,,,,,,,,,,,,,,,,,,,,,,,,,,,,,,,,,,,,,,,,,,,,,,,,,,,,,,,,,,,,,,,,,,,,,,,,,,,,,,,,,,,,,,,,,,,,,,,,,,,,,,,,,,,,,,,,,,,,,,,,,,,,,,,,,,,,,,,,,
,,,,,,,,,,,,,,,,,,,,,,,,,,,,,,,,,,,,,,,,,,,,,,,,,,,,,,,,,,,,,,,,,,,,,,,,,,,,,,,,,,,,,,,,,,,,,,,,,,,,,,,,,,,,,,,,,,,,,,,,,,,,,,,,,,,,,,,,,,,,,,,,,,,,,,,,,,,,,,,,,,,,,,,,,,,,,,,,,,,,,,,,,,,,,,,,,,,,,,,,,,,
,,,,,,,,,,,,,,,,,,,,,,,,,,,,,,,,,,,,,,,,,,,,,,,,,,,,,,,,,,,,,,,,,,,,,,,,,,,,,,,,,,,,,,,,,,,,,,,,,,,,,,,,,,,,,,,,,,,,,,,,,,,,,,,,,,,,,,,,,,,,,,,,,,,,,,,,,,,,,,,,,,,,,,,,,,,,,,,,,,,,,,,,,,,,,,,,,,,,,,,,,,,
,,,,,,,,,,,,,,,,,,,,,,,,,,,,,,,,,,,,,,,,,,,,,,,,,,,,,,,,,,,,,,,,,,,,,,,,,,,,,,,,,,,,,,,,,,,,,,,,,,,,,,,,,,,,,,,,,,,,,,,,,,,,,,,,,,,,,,,,,,,,,,,,,,,,,,,,,,,,,,,,,,,,,,,,,,,,,,,,,,,,,,,,,,,,,,,,,,,,,,,,,,,
,,,,,,,,,,,,,,,,,,,,,,,,,,,,,,,,,,,,,,,,,,,,,,,,,,,,,,,,,,,,,,,,,,,,,,,,,,,,,,,,,,,,,,,,,,,,,,,,,,,,,,,,,,,,,,,,,,,,,,,,,,,,,,,,,,,,,,,,,,,,,,,,,,,,,,,,,,,,,,,,,,,,,,,,,,,,,,,,,,,,,,,,,,,,,,,,,,,,,,,,,,,
,,,,,,,,,,,,,,,,,,,,,,,,,,,,,,,,,,,,,,,,,,,,,,,,,,,,,,,,,,,,,,,,,,,,,,,,,,,,,,,,,,,,,,,,,,,,,,,,,,,,,,,,,,,,,,,,,,,,,,,,,,,,,,,,,,,,,,,,,,,,,,,,,,,,,,,,,,,,,,,,,,,,,,,,,,,,,,,,,,,,,,,,,,,,,,,,,,,,,,,,,,,
,,,,,,,,,,,,,,,,,,,,,,,,,,,,,,,,,,,,,,,,,,,,,,,,,,,,,,,,,,,,,,,,,,,,,,,,,,,,,,,,,,,,,,,,,,,,,,,,,,,,,,,,,,,,,,,,,,,,,,,,,,,,,,,,,,,,,,,,,,,,,,,,,,,,,,,,,,,,,,,,,,,,,,,,,,,,,,,,,,,,,,,,,,,,,,,,,,,,,,,,,,,
,,,,,,,,,,,,,,,,,,,,,,,,,,,,,,,,,,,,,,,,,,,,,,,,,,,,,,,,,,,,,,,,,,,,,,,,,,,,,,,,,,,,,,,,,,,,,,,,,,,,,,,,,,,,,,,,,,,,,,,,,,,,,,,,,,,,,,,,,,,,,,,,,,,,,,,,,,,,,,,,,,,,,,,,,,,,,,,,,,,,,,,,,,,,,,,,,,,,,,,,,,,
,,,,,,,,,,,,,,,,,,,,,,,,,,,,,,,,,,,,,,,,,,,,,,,,,,,,,,,,,,,,,,,,,,,,,,,,,,,,,,,,,,,,,,,,,,,,,,,,,,,,,,,,,,,,,,,,,,,,,,,,,,,,,,,,,,,,,,,,,,,,,,,,,,,,,,,,,,,,,,,,,,,,,,,,,,,,,,,,,,,,,,,,,,,,,,,,,,,,,,,,,,,
,,,,,,,,,,,,,,,,,,,,,,,,,,,,,,,,,,,,,,,,,,,,,,,,,,,,,,,,,,,,,,,,,,,,,,,,,,,,,,,,,,,,,,,,,,,,,,,,,,,,,,,,,,,,,,,,,,,,,,,,,,,,,,,,,,,,,,,,,,,,,,,,,,,,,,,,,,,,,,,,,,,,,,,,,,,,,,,,,,,,,,,,,,,,,,,,,,,,,,,,,,,
,,,,,,,,,,,,,,,,,,,,,,,,,,,,,,,,,,,,,,,,,,,,,,,,,,,,,,,,,,,,,,,,,,,,,,,,,,,,,,,,,,,,,,,,,,,,,,,,,,,,,,,,,,,,,,,,,,,,,,,,,,,,,,,,,,,,,,,,,,,,,,,,,,,,,,,,,,,,,,,,,,,,,,,,,,,,,,,,,,,,,,,,,,,,,,,,,,,,,,,,,,,
,,,,,,,,,,,,,,,,,,,,,,,,,,,,,,,,,,,,,,,,,,,,,,,,,,,,,,,,,,,,,,,,,,,,,,,,,,,,,,,,,,,,,,,,,,,,,,,,,,,,,,,,,,,,,,,,,,,,,,,,,,,,,,,,,,,,,,,,,,,,,,,,,,,,,,,,,,,,,,,,,,,,,,,,,,,,,,,,,,,,,,,,,,,,,,,,,,,,,,,,,,,
,,,,,,,,,,,,,,,,,,,,,,,,,,,,,,,,,,,,,,,,,,,,,,,,,,,,,,,,,,,,,,,,,,,,,,,,,,,,,,,,,,,,,,,,,,,,,,,,,,,,,,,,,,,,,,,,,,,,,,,,,,,,,,,,,,,,,,,,,,,,,,,,,,,,,,,,,,,,,,,,,,,,,,,,,,,,,,,,,,,,,,,,,,,,,,,,,,,,,,,,,,,
,,,,,,,,,,,,,,,,,,,,,,,,,,,,,,,,,,,,,,,,,,,,,,,,,,,,,,,,,,,,,,,,,,,,,,,,,,,,,,,,,,,,,,,,,,,,,,,,,,,,,,,,,,,,,,,,,,,,,,,,,,,,,,,,,,,,,,,,,,,,,,,,,,,,,,,,,,,,,,,,,,,,,,,,,,,,,,,,,,,,,,,,,,,,,,,,,,,,,,,,,,,
,,,,,,,,,,,,,,,,,,,,,,,,,,,,,,,,,,,,,,,,,,,,,,,,,,,,,,,,,,,,,,,,,,,,,,,,,,,,,,,,,,,,,,,,,,,,,,,,,,,,,,,,,,,,,,,,,,,,,,,,,,,,,,,,,,,,,,,,,,,,,,,,,,,,,,,,,,,,,,,,,,,,,,,,,,,,,,,,,,,,,,,,,,,,,,,,,,,,,,,,,,,
,,,,,,,,,,,,,,,,,,,,,,,,,,,,,,,,,,,,,,,,,,,,,,,,,,,,,,,,,,,,,,,,,,,,,,,,,,,,,,,,,,,,,,,,,,,,,,,,,,,,,,,,,,,,,,,,,,,,,,,,,,,,,,,,,,,,,,,,,,,,,,,,,,,,,,,,,,,,,,,,,,,,,,,,,,,,,,,,,,,,,,,,,,,,,,,,,,,,,,,,,,,
,,,,,,,,,,,,,,,,,,,,,,,,,,,,,,,,,,,,,,,,,,,,,,,,,,,,,,,,,,,,,,,,,,,,,,,,,,,,,,,,,,,,,,,,,,,,,,,,,,,,,,,,,,,,,,,,,,,,,,,,,,,,,,,,,,,,,,,,,,,,,,,,,,,,,,,,,,,,,,,,,,,,,,,,,,,,,,,,,,,,,,,,,,,,,,,,,,,,,,,,,,,
,,,,,,,,,,,,,,,,,,,,,,,,,,,,,,,,,,,,,,,,,,,,,,,,,,,,,,,,,,,,,,,,,,,,,,,,,,,,,,,,,,,,,,,,,,,,,,,,,,,,,,,,,,,,,,,,,,,,,,,,,,,,,,,,,,,,,,,,,,,,,,,,,,,,,,,,,,,,,,,,,,,,,,,,,,,,,,,,,,,,,,,,,,,,,,,,,,,,,,,,,,,
,,,,,,,,,,,,,,,,,,,,,,,,,,,,,,,,,,,,,,,,,,,,,,,,,,,,,,,,,,,,,,,,,,,,,,,,,,,,,,,,,,,,,,,,,,,,,,,,,,,,,,,,,,,,,,,,,,,,,,,,,,,,,,,,,,,,,,,,,,,,,,,,,,,,,,,,,,,,,,,,,,,,,,,,,,,,,,,,,,,,,,,,,,,,,,,,,,,,,,,,,,,
,,,,,,,,,,,,,,,,,,,,,,,,,,,,,,,,,,,,,,,,,,,,,,,,,,,,,,,,,,,,,,,,,,,,,,,,,,,,,,,,,,,,,,,,,,,,,,,,,,,,,,,,,,,,,,,,,,,,,,,,,,,,,,,,,,,,,,,,,,,,,,,,,,,,,,,,,,,,,,,,,,,,,,,,,,,,,,,,,,,,,,,,,,,,,,,,,,,,,,,,,,,
,,,,,,,,,,,,,,,,,,,,,,,,,,,,,,,,,,,,,,,,,,,,,,,,,,,,,,,,,,,,,,,,,,,,,,,,,,,,,,,,,,,,,,,,,,,,,,,,,,,,,,,,,,,,,,,,,,,,,,,,,,,,,,,,,,,,,,,,,,,,,,,,,,,,,,,,,,,,,,,,,,,,,,,,,,,,,,,,,,,,,,,,,,,,,,,,,,,,,,,,,,,
,,,,,,,,,,,,,,,,,,,,,,,,,,,,,,,,,,,,,,,,,,,,,,,,,,,,,,,,,,,,,,,,,,,,,,,,,,,,,,,,,,,,,,,,,,,,,,,,,,,,,,,,,,,,,,,,,,,,,,,,,,,,,,,,,,,,,,,,,,,,,,,,,,,,,,,,,,,,,,,,,,,,,,,,,,,,,,,,,,,,,,,,,,,,,,,,,,,,,,,,,,,
,,,,,,,,,,,,,,,,,,,,,,,,,,,,,,,,,,,,,,,,,,,,,,,,,,,,,,,,,,,,,,,,,,,,,,,,,,,,,,,,,,,,,,,,,,,,,,,,,,,,,,,,,,,,,,,,,,,,,,,,,,,,,,,,,,,,,,,,,,,,,,,,,,,,,,,,,,,,,,,,,,,,,,,,,,,,,,,,,,,,,,,,,,,,,,,,,,,,,,,,,,,
,,,,,,,,,,,,,,,,,,,,,,,,,,,,,,,,,,,,,,,,,,,,,,,,,,,,,,,,,,,,,,,,,,,,,,,,,,,,,,,,,,,,,,,,,,,,,,,,,,,,,,,,,,,,,,,,,,,,,,,,,,,,,,,,,,,,,,,,,,,,,,,,,,,,,,,,,,,,,,,,,,,,,,,,,,,,,,,,,,,,,,,,,,,,,,,,,,,,,,,,,,,
,,,,,,,,,,,,,,,,,,,,,,,,,,,,,,,,,,,,,,,,,,,,,,,,,,,,,,,,,,,,,,,,,,,,,,,,,,,,,,,,,,,,,,,,,,,,,,,,,,,,,,,,,,,,,,,,,,,,,,,,,,,,,,,,,,,,,,,,,,,,,,,,,,,,,,,,,,,,,,,,,,,,,,,,,,,,,,,,,,,,,,,,,,,,,,,,,,,,,,,,,,,
,,,,,,,,,,,,,,,,,,,,,,,,,,,,,,,,,,,,,,,,,,,,,,,,,,,,,,,,,,,,,,,,,,,,,,,,,,,,,,,,,,,,,,,,,,,,,,,,,,,,,,,,,,,,,,,,,,,,,,,,,,,,,,,,,,,,,,,,,,,,,,,,,,,,,,,,,,,,,,,,,,,,,,,,,,,,,,,,,,,,,,,,,,,,,,,,,,,,,,,,,,,
,,,,,,,,,,,,,,,,,,,,,,,,,,,,,,,,,,,,,,,,,,,,,,,,,,,,,,,,,,,,,,,,,,,,,,,,,,,,,,,,,,,,,,,,,,,,,,,,,,,,,,,,,,,,,,,,,,,,,,,,,,,,,,,,,,,,,,,,,,,,,,,,,,,,,,,,,,,,,,,,,,,,,,,,,,,,,,,,,,,,,,,,,,,,,,,,,,,,,,,,,,,
,,,,,,,,,,,,,,,,,,,,,,,,,,,,,,,,,,,,,,,,,,,,,,,,,,,,,,,,,,,,,,,,,,,,,,,,,,,,,,,,,,,,,,,,,,,,,,,,,,,,,,,,,,,,,,,,,,,,,,,,,,,,,,,,,,,,,,,,,,,,,,,,,,,,,,,,,,,,,,,,,,,,,,,,,,,,,,,,,,,,,,,,,,,,,,,,,,,,,,,,,,,
,,,,,,,,,,,,,,,,,,,,,,,,,,,,,,,,,,,,,,,,,,,,,,,,,,,,,,,,,,,,,,,,,,,,,,,,,,,,,,,,,,,,,,,,,,,,,,,,,,,,,,,,,,,,,,,,,,,,,,,,,,,,,,,,,,,,,,,,,,,,,,,,,,,,,,,,,,,,,,,,,,,,,,,,,,,,,,,,,,,,,,,,,,,,,,,,,,,,,,,,,,,
,,,,,,,,,,,,,,,,,,,,,,,,,,,,,,,,,,,,,,,,,,,,,,,,,,,,,,,,,,,,,,,,,,,,,,,,,,,,,,,,,,,,,,,,,,,,,,,,,,,,,,,,,,,,,,,,,,,,,,,,,,,,,,,,,,,,,,,,,,,,,,,,,,,,,,,,,,,,,,,,,,,,,,,,,,,,,,,,,,,,,,,,,,,,,,,,,,,,,,,,,,,
,,,,,,,,,,,,,,,,,,,,,,,,,,,,,,,,,,,,,,,,,,,,,,,,,,,,,,,,,,,,,,,,,,,,,,,,,,,,,,,,,,,,,,,,,,,,,,,,,,,,,,,,,,,,,,,,,,,,,,,,,,,,,,,,,,,,,,,,,,,,,,,,,,,,,,,,,,,,,,,,,,,,,,,,,,,,,,,,,,,,,,,,,,,,,,,,,,,,,,,,,,,
,,,,,,,,,,,,,,,,,,,,,,,,,,,,,,,,,,,,,,,,,,,,,,,,,,,,,,,,,,,,,,,,,,,,,,,,,,,,,,,,,,,,,,,,,,,,,,,,,,,,,,,,,,,,,,,,,,,,,,,,,,,,,,,,,,,,,,,,,,,,,,,,,,,,,,,,,,,,,,,,,,,,,,,,,,,,,,,,,,,,,,,,,,,,,,,,,,,,,,,,,,,
,,,,,,,,,,,,,,,,,,,,,,,,,,,,,,,,,,,,,,,,,,,,,,,,,,,,,,,,,,,,,,,,,,,,,,,,,,,,,,,,,,,,,,,,,,,,,,,,,,,,,,,,,,,,,,,,,,,,,,,,,,,,,,,,,,,,,,,,,,,,,,,,,,,,,,,,,,,,,,,,,,,,,,,,,,,,,,,,,,,,,,,,,,,,,,,,,,,,,,,,,,,
,,,,,,,,,,,,,,,,,,,,,,,,,,,,,,,,,,,,,,,,,,,,,,,,,,,,,,,,,,,,,,,,,,,,,,,,,,,,,,,,,,,,,,,,,,,,,,,,,,,,,,,,,,,,,,,,,,,,,,,,,,,,,,,,,,,,,,,,,,,,,,,,,,,,,,,,,,,,,,,,,,,,,,,,,,,,,,,,,,,,,,,,,,,,,,,,,,,,,,,,,,,
,,,,,,,,,,,,,,,,,,,,,,,,,,,,,,,,,,,,,,,,,,,,,,,,,,,,,,,,,,,,,,,,,,,,,,,,,,,,,,,,,,,,,,,,,,,,,,,,,,,,,,,,,,,,,,,,,,,,,,,,,,,,,,,,,,,,,,,,,,,,,,,,,,,,,,,,,,,,,,,,,,,,,,,,,,,,,,,,,,,,,,,,,,,,,,,,,,,,,,,,,,,
,,,,,,,,,,,,,,,,,,,,,,,,,,,,,,,,,,,,,,,,,,,,,,,,,,,,,,,,,,,,,,,,,,,,,,,,,,,,,,,,,,,,,,,,,,,,,,,,,,,,,,,,,,,,,,,,,,,,,,,,,,,,,,,,,,,,,,,,,,,,,,,,,,,,,,,,,,,,,,,,,,,,,,,,,,,,,,,,,,,,,,,,,,,,,,,,,,,,,,,,,,,
,,,,,,,,,,,,,,,,,,,,,,,,,,,,,,,,,,,,,,,,,,,,,,,,,,,,,,,,,,,,,,,,,,,,,,,,,,,,,,,,,,,,,,,,,,,,,,,,,,,,,,,,,,,,,,,,,,,,,,,,,,,,,,,,,,,,,,,,,,,,,,,,,,,,,,,,,,,,,,,,,,,,,,,,,,,,,,,,,,,,,,,,,,,,,,,,,,,,,,,,,,,
,,,,,,,,,,,,,,,,,,,,,,,,,,,,,,,,,,,,,,,,,,,,,,,,,,,,,,,,,,,,,,,,,,,,,,,,,,,,,,,,,,,,,,,,,,,,,,,,,,,,,,,,,,,,,,,,,,,,,,,,,,,,,,,,,,,,,,,,,,,,,,,,,,,,,,,,,,,,,,,,,,,,,,,,,,,,,,,,,,,,,,,,,,,,,,,,,,,,,,,,,,,
,,,,,,,,,,,,,,,,,,,,,,,,,,,,,,,,,,,,,,,,,,,,,,,,,,,,,,,,,,,,,,,,,,,,,,,,,,,,,,,,,,,,,,,,,,,,,,,,,,,,,,,,,,,,,,,,,,,,,,,,,,,,,,,,,,,,,,,,,,,,,,,,,,,,,,,,,,,,,,,,,,,,,,,,,,,,,,,,,,,,,,,,,,,,,,,,,,,,,,,,,,,
,,,,,,,,,,,,,,,,,,,,,,,,,,,,,,,,,,,,,,,,,,,,,,,,,,,,,,,,,,,,,,,,,,,,,,,,,,,,,,,,,,,,,,,,,,,,,,,,,,,,,,,,,,,,,,,,,,,,,,,,,,,,,,,,,,,,,,,,,,,,,,,,,,,,,,,,,,,,,,,,,,,,,,,,,,,,,,,,,,,,,,,,,,,,,,,,,,,,,,,,,,,
