Header,Description,30_Year,,,,,,,,,,,,,,,,,,,,,,,,,,,,,,,,,,,,,,,,,,,,,,,,,,,,,,,,,,,,,,,,,,,,,,,,,,,,,,,,,,,,,,,,,,,,,,,,,,,,,,,,,,,,,,,,,,,,,,,,,,,,,,,,,,,,,,,,,,,,,,,,,,,,,,,,,,,,,,,,,,,,,,,,,,,,,,,,,,,,,,,,,,,,,,,,,,,,,,,,,,,,,,,,,,,,,
Header,Interpolation,CubicInterp,,,,,,,,,,,,,,,,,,,,,,,,,,,,,,,,,,,,,,,,,,,,,,,,,,,,,,,,,,,,,,,,,,,,,,,,,,,,,,,,,,,,,,,,,,,,,,,,,,,,,,,,,,,,,,,,,,,,,,,,,,,,,,,,,,,,,,,,,,,,,,,,,,,,,,,,,,,,,,,,,,,,,,,,,,,,,,,,,,,,,,,,,,,,,,,,,,,,,,,,,,,,,,,,,,,,,
Header,MonthsPerPeriod,1,,,,,,,,,,,,,,,,,,,,,,,,,,,,,,,,,,,,,,,,,,,,,,,,,,,,,,,,,,,,,,,,,,,,,,,,,,,,,,,,,,,,,,,,,,,,,,,,,,,,,,,,,,,,,,,,,,,,,,,,,,,,,,,,,,,,,,,,,,,,,,,,,,,,,,,,,,,,,,,,,,,,,,,,,,,,,,,,,,,,,,,,,,,,,,,,,,,,,,,,,,,,,,,,,,,,,
Header,Currency,USD,,,,,,,,,,,,,,,,,,,,,,,,,,,,,,,,,,,,,,,,,,,,,,,,,,,,,,,,,,,,,,,,,,,,,,,,,,,,,,,,,,,,,,,,,,,,,,,,,,,,,,,,,,,,,,,,,,,,,,,,,,,,,,,,,,,,,,,,,,,,,,,,,,,,,,,,,,,,,,,,,,,,,,,,,,,,,,,,,,,,,,,,,,,,,,,,,,,,,,,,,,,,,,,,,,,,,
Header,Index,SP,Income Return-Index Growth,Annual,3,4,,,,,,,,,,,,,,,,,,,,,,,,,,,,,,,,,,,,,,,,,,,,,,,,,,,,,,,,,,,,,,,,,,,,,,,,,,,,,,,,,,,,,,,,,,,,,,,,,,,,,,,,,,,,,,,,,,,,,,,,,,,,,,,,,,,,,,,,,,,,,,,,,,,,,,,,,,,,,,,,,,,,,,,,,,,,,,,,,,,,,,,,,,,,,,,,,,,,,,,,,,,,,,,,,
Header,Index,ND,Income Return-Index Growth,Annual,5,6,,,,,,,,,,,,,,,,,,,,,,,,,,,,,,,,,,,,,,,,,,,,,,,,,,,,,,,,,,,,,,,,,,,,,,,,,,,,,,,,,,,,,,,,,,,,,,,,,,,,,,,,,,,,,,,,,,,,,,,,,,,,,,,,,,,,,,,,,,,,,,,,,,,,,,,,,,,,,,,,,,,,,,,,,,,,,,,,,,,,,,,,,,,,,,,,,,,,,,,,,,,,,,,,,
Header,Index,ML,Income Return-Index Growth,Annual,7,8,,,,,,,,,,,,,,,,,,,,,,,,,,,,,,,,,,,,,,,,,,,,,,,,,,,,,,,,,,,,,,,,,,,,,,,,,,,,,,,,,,,,,,,,,,,,,,,,,,,,,,,,,,,,,,,,,,,,,,,,,,,,,,,,,,,,,,,,,,,,,,,,,,,,,,,,,,,,,,,,,,,,,,,,,,,,,,,,,,,,,,,,,,,,,,,,,,,,,,,,,,,,,,,,,
Header,Index,PB,Income Return-Index Growth,Annual,9,10,,,,,,,,,,,,,,,,,,,,,,,,,,,,,,,,,,,,,,,,,,,,,,,,,,,,,,,,,,,,,,,,,,,,,,,,,,,,,,,,,,,,,,,,,,,,,,,,,,,,,,,,,,,,,,,,,,,,,,,,,,,,,,,,,,,,,,,,,,,,,,,,,,,,,,,,,,,,,,,,,,,,,,,,,,,,,,,,,,,,,,,,,,,,,,,,,,,,,,,,,,,,,,,,,
Header,Index,PM,Income Return-Index Growth,Annual,11,12,,,,,,,,,,,,,,,,,,,,,,,,,,,,,,,,,,,,,,,,,,,,,,,,,,,,,,,,,,,,,,,,,,,,,,,,,,,,,,,,,,,,,,,,,,,,,,,,,,,,,,,,,,,,,,,,,,,,,,,,,,,,,,,,,,,,,,,,,,,,,,,,,,,,,,,,,,,,,,,,,,,,,,,,,,,,,,,,,,,,,,,,,,,,,,,,,,,,,,,,,,,,,,,,,
Header,Index,EF,Income Return-Index Growth,Annual,13,14,,,,,,,,,,,,,,,,,,,,,,,,,,,,,,,,,,,,,,,,,,,,,,,,,,,,,,,,,,,,,,,,,,,,,,,,,,,,,,,,,,,,,,,,,,,,,,,,,,,,,,,,,,,,,,,,,,,,,,,,,,,,,,,,,,,,,,,,,,,,,,,,,,,,,,,,,,,,,,,,,,,,,,,,,,,,,,,,,,,,,,,,,,,,,,,,,,,,,,,,,,,,,,,,,
Header,Index,RS,Income Return-Index Growth,Annual,15,16,,,,,,,,,,,,,,,,,,,,,,,,,,,,,,,,,,,,,,,,,,,,,,,,,,,,,,,,,,,,,,,,,,,,,,,,,,,,,,,,,,,,,,,,,,,,,,,,,,,,,,,,,,,,,,,,,,,,,,,,,,,,,,,,,,,,,,,,,,,,,,,,,,,,,,,,,,,,,,,,,,,,,,,,,,,,,,,,,,,,,,,,,,,,,,,,,,,,,,,,,,,,,,,,,
Header,Index,AG,Income Return-Index Growth,Annual,17,18,,,,,,,,,,,,,,,,,,,,,,,,,,,,,,,,,,,,,,,,,,,,,,,,,,,,,,,,,,,,,,,,,,,,,,,,,,,,,,,,,,,,,,,,,,,,,,,,,,,,,,,,,,,,,,,,,,,,,,,,,,,,,,,,,,,,,,,,,,,,,,,,,,,,,,,,,,,,,,,,,,,,,,,,,,,,,,,,,,,,,,,,,,,,,,,,,,,,,,,,,,,,,,,,,
Header,Index,AB,Income Return-Index Growth,Annual,19,20,,,,,,,,,,,,,,,,,,,,,,,,,,,,,,,,,,,,,,,,,,,,,,,,,,,,,,,,,,,,,,,,,,,,,,,,,,,,,,,,,,,,,,,,,,,,,,,,,,,,,,,,,,,,,,,,,,,,,,,,,,,,,,,,,,,,,,,,,,,,,,,,,,,,,,,,,,,,,,,,,,,,,,,,,,,,,,,,,,,,,,,,,,,,,,,,,,,,,,,,,,,,,,,,,
Header,Index,LM,Income Return-Index Growth,Annual,21,22,,,,,,,,,,,,,,,,,,,,,,,,,,,,,,,,,,,,,,,,,,,,,,,,,,,,,,,,,,,,,,,,,,,,,,,,,,,,,,,,,,,,,,,,,,,,,,,,,,,,,,,,,,,,,,,,,,,,,,,,,,,,,,,,,,,,,,,,,,,,,,,,,,,,,,,,,,,,,,,,,,,,,,,,,,,,,,,,,,,,,,,,,,,,,,,,,,,,,,,,,,,,,,,,,
Header,Index,MVA,Income Return-Index Growth,Annual,23,24,,,,,,,,,,,,,,,,,,,,,,,,,,,,,,,,,,,,,,,,,,,,,,,,,,,,,,,,,,,,,,,,,,,,,,,,,,,,,,,,,,,,,,,,,,,,,,,,,,,,,,,,,,,,,,,,,,,,,,,,,,,,,,,,,,,,,,,,,,,,,,,,,,,,,,,,,,,,,,,,,,,,,,,,,,,,,,,,,,,,,,,,,,,,,,,,,,,,,,,,,,,,,,,,,
Header,Index,AQ,Income Return-Index Growth,Annual,25,26,,,,,,,,,,,,,,,,,,,,,,,,,,,,,,,,,,,,,,,,,,,,,,,,,,,,,,,,,,,,,,,,,,,,,,,,,,,,,,,,,,,,,,,,,,,,,,,,,,,,,,,,,,,,,,,,,,,,,,,,,,,,,,,,,,,,,,,,,,,,,,,,,,,,,,,,,,,,,,,,,,,,,,,,,,,,,,,,,,,,,,,,,,,,,,,,,,,,,,,,,,,,,,,,,
Header,MiscRate,RiskFree,Annual,27,27,,,,,,,,,,,,,,,,,,,,,,,,,,,,,,,,,,,,,,,,,,,,,,,,,,,,,,,,,,,,,,,,,,,,,,,,,,,,,,,,,,,,,,,,,,,,,,,,,,,,,,,,,,,,,,,,,,,,,,,,,,,,,,,,,,,,,,,,,,,,,,,,,,,,,,,,,,,,,,,,,,,,,,,,,,,,,,,,,,,,,,,,,,,,,,,,,,,,,,,,,,,,,,,,,,
Header,MiscRate,MRMGAYield,Annual,28,28,,,,,,,,,,,,,,,,,,,,,,,,,,,,,,,,,,,,,,,,,,,,,,,,,,,,,,,,,,,,,,,,,,,,,,,,,,,,,,,,,,,,,,,,,,,,,,,,,,,,,,,,,,,,,,,,,,,,,,,,,,,,,,,,,,,,,,,,,,,,,,,,,,,,,,,,,,,,,,,,,,,,,,,,,,,,,,,,,,,,,,,,,,,,,,,,,,,,,,,,,,,,,,,,,,
Header,MiscRate,CALL_SP_D12_K100,Annual,29,29,,,,,,,,,,,,,,,,,,,,,,,,,,,,,,,,,,,,,,,,,,,,,,,,,,,,,,,,,,,,,,,,,,,,,,,,,,,,,,,,,,,,,,,,,,,,,,,,,,,,,,,,,,,,,,,,,,,,,,,,,,,,,,,,,,,,,,,,,,,,,,,,,,,,,,,,,,,,,,,,,,,,,,,,,,,,,,,,,,,,,,,,,,,,,,,,,,,,,,,,,,,,,,,,,,
Header,MiscRate,CALL_SP_D12_K101,Annual,30,30,,,,,,,,,,,,,,,,,,,,,,,,,,,,,,,,,,,,,,,,,,,,,,,,,,,,,,,,,,,,,,,,,,,,,,,,,,,,,,,,,,,,,,,,,,,,,,,,,,,,,,,,,,,,,,,,,,,,,,,,,,,,,,,,,,,,,,,,,,,,,,,,,,,,,,,,,,,,,,,,,,,,,,,,,,,,,,,,,,,,,,,,,,,,,,,,,,,,,,,,,,,,,,,,,,
Header,MiscRate,CALL_SP_D12_K102,Annual,31,31,,,,,,,,,,,,,,,,,,,,,,,,,,,,,,,,,,,,,,,,,,,,,,,,,,,,,,,,,,,,,,,,,,,,,,,,,,,,,,,,,,,,,,,,,,,,,,,,,,,,,,,,,,,,,,,,,,,,,,,,,,,,,,,,,,,,,,,,,,,,,,,,,,,,,,,,,,,,,,,,,,,,,,,,,,,,,,,,,,,,,,,,,,,,,,,,,,,,,,,,,,,,,,,,,,
Header,MiscRate,CALL_SP_D12_K104,Annual,32,32,,,,,,,,,,,,,,,,,,,,,,,,,,,,,,,,,,,,,,,,,,,,,,,,,,,,,,,,,,,,,,,,,,,,,,,,,,,,,,,,,,,,,,,,,,,,,,,,,,,,,,,,,,,,,,,,,,,,,,,,,,,,,,,,,,,,,,,,,,,,,,,,,,,,,,,,,,,,,,,,,,,,,,,,,,,,,,,,,,,,,,,,,,,,,,,,,,,,,,,,,,,,,,,,,,
Header,MiscRate,CALL_SP_D12_K108,Annual,33,33,,,,,,,,,,,,,,,,,,,,,,,,,,,,,,,,,,,,,,,,,,,,,,,,,,,,,,,,,,,,,,,,,,,,,,,,,,,,,,,,,,,,,,,,,,,,,,,,,,,,,,,,,,,,,,,,,,,,,,,,,,,,,,,,,,,,,,,,,,,,,,,,,,,,,,,,,,,,,,,,,,,,,,,,,,,,,,,,,,,,,,,,,,,,,,,,,,,,,,,,,,,,,,,,,,
Header,MiscRate,CALL_SP_D12_K112,Annual,34,34,,,,,,,,,,,,,,,,,,,,,,,,,,,,,,,,,,,,,,,,,,,,,,,,,,,,,,,,,,,,,,,,,,,,,,,,,,,,,,,,,,,,,,,,,,,,,,,,,,,,,,,,,,,,,,,,,,,,,,,,,,,,,,,,,,,,,,,,,,,,,,,,,,,,,,,,,,,,,,,,,,,,,,,,,,,,,,,,,,,,,,,,,,,,,,,,,,,,,,,,,,,,,,,,,,
Header,MiscRate,CALL_SP_D24_K100,Annual,35,35,,,,,,,,,,,,,,,,,,,,,,,,,,,,,,,,,,,,,,,,,,,,,,,,,,,,,,,,,,,,,,,,,,,,,,,,,,,,,,,,,,,,,,,,,,,,,,,,,,,,,,,,,,,,,,,,,,,,,,,,,,,,,,,,,,,,,,,,,,,,,,,,,,,,,,,,,,,,,,,,,,,,,,,,,,,,,,,,,,,,,,,,,,,,,,,,,,,,,,,,,,,,,,,,,,
Header,MiscRate,CALL_SP_D24_K102,Annual,36,36,,,,,,,,,,,,,,,,,,,,,,,,,,,,,,,,,,,,,,,,,,,,,,,,,,,,,,,,,,,,,,,,,,,,,,,,,,,,,,,,,,,,,,,,,,,,,,,,,,,,,,,,,,,,,,,,,,,,,,,,,,,,,,,,,,,,,,,,,,,,,,,,,,,,,,,,,,,,,,,,,,,,,,,,,,,,,,,,,,,,,,,,,,,,,,,,,,,,,,,,,,,,,,,,,,
Header,MiscRate,CALL_SP_D24_K104,Annual,37,37,,,,,,,,,,,,,,,,,,,,,,,,,,,,,,,,,,,,,,,,,,,,,,,,,,,,,,,,,,,,,,,,,,,,,,,,,,,,,,,,,,,,,,,,,,,,,,,,,,,,,,,,,,,,,,,,,,,,,,,,,,,,,,,,,,,,,,,,,,,,,,,,,,,,,,,,,,,,,,,,,,,,,,,,,,,,,,,,,,,,,,,,,,,,,,,,,,,,,,,,,,,,,,,,,,
Header,MiscRate,CALL_SP_D24_K108,Annual,38,38,,,,,,,,,,,,,,,,,,,,,,,,,,,,,,,,,,,,,,,,,,,,,,,,,,,,,,,,,,,,,,,,,,,,,,,,,,,,,,,,,,,,,,,,,,,,,,,,,,,,,,,,,,,,,,,,,,,,,,,,,,,,,,,,,,,,,,,,,,,,,,,,,,,,,,,,,,,,,,,,,,,,,,,,,,,,,,,,,,,,,,,,,,,,,,,,,,,,,,,,,,,,,,,,,,
Header,MiscRate,CALL_SP_D24_K116,Annual,39,39,,,,,,,,,,,,,,,,,,,,,,,,,,,,,,,,,,,,,,,,,,,,,,,,,,,,,,,,,,,,,,,,,,,,,,,,,,,,,,,,,,,,,,,,,,,,,,,,,,,,,,,,,,,,,,,,,,,,,,,,,,,,,,,,,,,,,,,,,,,,,,,,,,,,,,,,,,,,,,,,,,,,,,,,,,,,,,,,,,,,,,,,,,,,,,,,,,,,,,,,,,,,,,,,,,
Header,MiscRate,CALL_SP_D24_K124,Annual,40,40,,,,,,,,,,,,,,,,,,,,,,,,,,,,,,,,,,,,,,,,,,,,,,,,,,,,,,,,,,,,,,,,,,,,,,,,,,,,,,,,,,,,,,,,,,,,,,,,,,,,,,,,,,,,,,,,,,,,,,,,,,,,,,,,,,,,,,,,,,,,,,,,,,,,,,,,,,,,,,,,,,,,,,,,,,,,,,,,,,,,,,,,,,,,,,,,,,,,,,,,,,,,,,,,,,
Header,MiscRate,CALL_ND_D12_K100,Annual,41,41,,,,,,,,,,,,,,,,,,,,,,,,,,,,,,,,,,,,,,,,,,,,,,,,,,,,,,,,,,,,,,,,,,,,,,,,,,,,,,,,,,,,,,,,,,,,,,,,,,,,,,,,,,,,,,,,,,,,,,,,,,,,,,,,,,,,,,,,,,,,,,,,,,,,,,,,,,,,,,,,,,,,,,,,,,,,,,,,,,,,,,,,,,,,,,,,,,,,,,,,,,,,,,,,,,
Header,MiscRate,CALL_ND_D12_K101,Annual,42,42,,,,,,,,,,,,,,,,,,,,,,,,,,,,,,,,,,,,,,,,,,,,,,,,,,,,,,,,,,,,,,,,,,,,,,,,,,,,,,,,,,,,,,,,,,,,,,,,,,,,,,,,,,,,,,,,,,,,,,,,,,,,,,,,,,,,,,,,,,,,,,,,,,,,,,,,,,,,,,,,,,,,,,,,,,,,,,,,,,,,,,,,,,,,,,,,,,,,,,,,,,,,,,,,,,
Header,MiscRate,CALL_ND_D12_K102,Annual,43,43,,,,,,,,,,,,,,,,,,,,,,,,,,,,,,,,,,,,,,,,,,,,,,,,,,,,,,,,,,,,,,,,,,,,,,,,,,,,,,,,,,,,,,,,,,,,,,,,,,,,,,,,,,,,,,,,,,,,,,,,,,,,,,,,,,,,,,,,,,,,,,,,,,,,,,,,,,,,,,,,,,,,,,,,,,,,,,,,,,,,,,,,,,,,,,,,,,,,,,,,,,,,,,,,,,
Header,MiscRate,CALL_ND_D12_K104,Annual,44,44,,,,,,,,,,,,,,,,,,,,,,,,,,,,,,,,,,,,,,,,,,,,,,,,,,,,,,,,,,,,,,,,,,,,,,,,,,,,,,,,,,,,,,,,,,,,,,,,,,,,,,,,,,,,,,,,,,,,,,,,,,,,,,,,,,,,,,,,,,,,,,,,,,,,,,,,,,,,,,,,,,,,,,,,,,,,,,,,,,,,,,,,,,,,,,,,,,,,,,,,,,,,,,,,,,
Header,MiscRate,CALL_ND_D12_K108,Annual,45,45,,,,,,,,,,,,,,,,,,,,,,,,,,,,,,,,,,,,,,,,,,,,,,,,,,,,,,,,,,,,,,,,,,,,,,,,,,,,,,,,,,,,,,,,,,,,,,,,,,,,,,,,,,,,,,,,,,,,,,,,,,,,,,,,,,,,,,,,,,,,,,,,,,,,,,,,,,,,,,,,,,,,,,,,,,,,,,,,,,,,,,,,,,,,,,,,,,,,,,,,,,,,,,,,,,
Header,MiscRate,CALL_ND_D12_K112,Annual,46,46,,,,,,,,,,,,,,,,,,,,,,,,,,,,,,,,,,,,,,,,,,,,,,,,,,,,,,,,,,,,,,,,,,,,,,,,,,,,,,,,,,,,,,,,,,,,,,,,,,,,,,,,,,,,,,,,,,,,,,,,,,,,,,,,,,,,,,,,,,,,,,,,,,,,,,,,,,,,,,,,,,,,,,,,,,,,,,,,,,,,,,,,,,,,,,,,,,,,,,,,,,,,,,,,,,
Header,MiscRate,CALL_ML_D12_K100,Annual,47,47,,,,,,,,,,,,,,,,,,,,,,,,,,,,,,,,,,,,,,,,,,,,,,,,,,,,,,,,,,,,,,,,,,,,,,,,,,,,,,,,,,,,,,,,,,,,,,,,,,,,,,,,,,,,,,,,,,,,,,,,,,,,,,,,,,,,,,,,,,,,,,,,,,,,,,,,,,,,,,,,,,,,,,,,,,,,,,,,,,,,,,,,,,,,,,,,,,,,,,,,,,,,,,,,,,
Header,MiscRate,CALL_ML_D12_K101,Annual,48,48,,,,,,,,,,,,,,,,,,,,,,,,,,,,,,,,,,,,,,,,,,,,,,,,,,,,,,,,,,,,,,,,,,,,,,,,,,,,,,,,,,,,,,,,,,,,,,,,,,,,,,,,,,,,,,,,,,,,,,,,,,,,,,,,,,,,,,,,,,,,,,,,,,,,,,,,,,,,,,,,,,,,,,,,,,,,,,,,,,,,,,,,,,,,,,,,,,,,,,,,,,,,,,,,,,
Header,MiscRate,CALL_ML_D12_K102,Annual,49,49,,,,,,,,,,,,,,,,,,,,,,,,,,,,,,,,,,,,,,,,,,,,,,,,,,,,,,,,,,,,,,,,,,,,,,,,,,,,,,,,,,,,,,,,,,,,,,,,,,,,,,,,,,,,,,,,,,,,,,,,,,,,,,,,,,,,,,,,,,,,,,,,,,,,,,,,,,,,,,,,,,,,,,,,,,,,,,,,,,,,,,,,,,,,,,,,,,,,,,,,,,,,,,,,,,
Header,MiscRate,CALL_ML_D12_K104,Annual,50,50,,,,,,,,,,,,,,,,,,,,,,,,,,,,,,,,,,,,,,,,,,,,,,,,,,,,,,,,,,,,,,,,,,,,,,,,,,,,,,,,,,,,,,,,,,,,,,,,,,,,,,,,,,,,,,,,,,,,,,,,,,,,,,,,,,,,,,,,,,,,,,,,,,,,,,,,,,,,,,,,,,,,,,,,,,,,,,,,,,,,,,,,,,,,,,,,,,,,,,,,,,,,,,,,,,
Header,MiscRate,CALL_ML_D12_K108,Annual,51,51,,,,,,,,,,,,,,,,,,,,,,,,,,,,,,,,,,,,,,,,,,,,,,,,,,,,,,,,,,,,,,,,,,,,,,,,,,,,,,,,,,,,,,,,,,,,,,,,,,,,,,,,,,,,,,,,,,,,,,,,,,,,,,,,,,,,,,,,,,,,,,,,,,,,,,,,,,,,,,,,,,,,,,,,,,,,,,,,,,,,,,,,,,,,,,,,,,,,,,,,,,,,,,,,,,
Header,MiscRate,CALL_ML_D12_K112,Annual,52,52,,,,,,,,,,,,,,,,,,,,,,,,,,,,,,,,,,,,,,,,,,,,,,,,,,,,,,,,,,,,,,,,,,,,,,,,,,,,,,,,,,,,,,,,,,,,,,,,,,,,,,,,,,,,,,,,,,,,,,,,,,,,,,,,,,,,,,,,,,,,,,,,,,,,,,,,,,,,,,,,,,,,,,,,,,,,,,,,,,,,,,,,,,,,,,,,,,,,,,,,,,,,,,,,,,
Header,MiscRate,CALL_ML_D24_K100,Annual,53,53,,,,,,,,,,,,,,,,,,,,,,,,,,,,,,,,,,,,,,,,,,,,,,,,,,,,,,,,,,,,,,,,,,,,,,,,,,,,,,,,,,,,,,,,,,,,,,,,,,,,,,,,,,,,,,,,,,,,,,,,,,,,,,,,,,,,,,,,,,,,,,,,,,,,,,,,,,,,,,,,,,,,,,,,,,,,,,,,,,,,,,,,,,,,,,,,,,,,,,,,,,,,,,,,,,
Header,MiscRate,CALL_ML_D24_K102,Annual,54,54,,,,,,,,,,,,,,,,,,,,,,,,,,,,,,,,,,,,,,,,,,,,,,,,,,,,,,,,,,,,,,,,,,,,,,,,,,,,,,,,,,,,,,,,,,,,,,,,,,,,,,,,,,,,,,,,,,,,,,,,,,,,,,,,,,,,,,,,,,,,,,,,,,,,,,,,,,,,,,,,,,,,,,,,,,,,,,,,,,,,,,,,,,,,,,,,,,,,,,,,,,,,,,,,,,
Header,MiscRate,CALL_ML_D24_K104,Annual,55,55,,,,,,,,,,,,,,,,,,,,,,,,,,,,,,,,,,,,,,,,,,,,,,,,,,,,,,,,,,,,,,,,,,,,,,,,,,,,,,,,,,,,,,,,,,,,,,,,,,,,,,,,,,,,,,,,,,,,,,,,,,,,,,,,,,,,,,,,,,,,,,,,,,,,,,,,,,,,,,,,,,,,,,,,,,,,,,,,,,,,,,,,,,,,,,,,,,,,,,,,,,,,,,,,,,
Header,MiscRate,CALL_ML_D24_K108,Annual,56,56,,,,,,,,,,,,,,,,,,,,,,,,,,,,,,,,,,,,,,,,,,,,,,,,,,,,,,,,,,,,,,,,,,,,,,,,,,,,,,,,,,,,,,,,,,,,,,,,,,,,,,,,,,,,,,,,,,,,,,,,,,,,,,,,,,,,,,,,,,,,,,,,,,,,,,,,,,,,,,,,,,,,,,,,,,,,,,,,,,,,,,,,,,,,,,,,,,,,,,,,,,,,,,,,,,
Header,MiscRate,CALL_ML_D24_K116,Annual,57,57,,,,,,,,,,,,,,,,,,,,,,,,,,,,,,,,,,,,,,,,,,,,,,,,,,,,,,,,,,,,,,,,,,,,,,,,,,,,,,,,,,,,,,,,,,,,,,,,,,,,,,,,,,,,,,,,,,,,,,,,,,,,,,,,,,,,,,,,,,,,,,,,,,,,,,,,,,,,,,,,,,,,,,,,,,,,,,,,,,,,,,,,,,,,,,,,,,,,,,,,,,,,,,,,,,
Header,MiscRate,CALL_ML_D24_K124,Annual,58,58,,,,,,,,,,,,,,,,,,,,,,,,,,,,,,,,,,,,,,,,,,,,,,,,,,,,,,,,,,,,,,,,,,,,,,,,,,,,,,,,,,,,,,,,,,,,,,,,,,,,,,,,,,,,,,,,,,,,,,,,,,,,,,,,,,,,,,,,,,,,,,,,,,,,,,,,,,,,,,,,,,,,,,,,,,,,,,,,,,,,,,,,,,,,,,,,,,,,,,,,,,,,,,,,,,
Header,MiscRate,CALL_PB_D12_K100,Annual,59,59,,,,,,,,,,,,,,,,,,,,,,,,,,,,,,,,,,,,,,,,,,,,,,,,,,,,,,,,,,,,,,,,,,,,,,,,,,,,,,,,,,,,,,,,,,,,,,,,,,,,,,,,,,,,,,,,,,,,,,,,,,,,,,,,,,,,,,,,,,,,,,,,,,,,,,,,,,,,,,,,,,,,,,,,,,,,,,,,,,,,,,,,,,,,,,,,,,,,,,,,,,,,,,,,,,
Header,MiscRate,CALL_PB_D12_K101,Annual,60,60,,,,,,,,,,,,,,,,,,,,,,,,,,,,,,,,,,,,,,,,,,,,,,,,,,,,,,,,,,,,,,,,,,,,,,,,,,,,,,,,,,,,,,,,,,,,,,,,,,,,,,,,,,,,,,,,,,,,,,,,,,,,,,,,,,,,,,,,,,,,,,,,,,,,,,,,,,,,,,,,,,,,,,,,,,,,,,,,,,,,,,,,,,,,,,,,,,,,,,,,,,,,,,,,,,
Header,MiscRate,CALL_PB_D12_K102,Annual,61,61,,,,,,,,,,,,,,,,,,,,,,,,,,,,,,,,,,,,,,,,,,,,,,,,,,,,,,,,,,,,,,,,,,,,,,,,,,,,,,,,,,,,,,,,,,,,,,,,,,,,,,,,,,,,,,,,,,,,,,,,,,,,,,,,,,,,,,,,,,,,,,,,,,,,,,,,,,,,,,,,,,,,,,,,,,,,,,,,,,,,,,,,,,,,,,,,,,,,,,,,,,,,,,,,,,
Header,MiscRate,CALL_PB_D12_K104,Annual,62,62,,,,,,,,,,,,,,,,,,,,,,,,,,,,,,,,,,,,,,,,,,,,,,,,,,,,,,,,,,,,,,,,,,,,,,,,,,,,,,,,,,,,,,,,,,,,,,,,,,,,,,,,,,,,,,,,,,,,,,,,,,,,,,,,,,,,,,,,,,,,,,,,,,,,,,,,,,,,,,,,,,,,,,,,,,,,,,,,,,,,,,,,,,,,,,,,,,,,,,,,,,,,,,,,,,
Header,MiscRate,CALL_PB_D12_K108,Annual,63,63,,,,,,,,,,,,,,,,,,,,,,,,,,,,,,,,,,,,,,,,,,,,,,,,,,,,,,,,,,,,,,,,,,,,,,,,,,,,,,,,,,,,,,,,,,,,,,,,,,,,,,,,,,,,,,,,,,,,,,,,,,,,,,,,,,,,,,,,,,,,,,,,,,,,,,,,,,,,,,,,,,,,,,,,,,,,,,,,,,,,,,,,,,,,,,,,,,,,,,,,,,,,,,,,,,
Header,MiscRate,CALL_PB_D12_K112,Annual,64,64,,,,,,,,,,,,,,,,,,,,,,,,,,,,,,,,,,,,,,,,,,,,,,,,,,,,,,,,,,,,,,,,,,,,,,,,,,,,,,,,,,,,,,,,,,,,,,,,,,,,,,,,,,,,,,,,,,,,,,,,,,,,,,,,,,,,,,,,,,,,,,,,,,,,,,,,,,,,,,,,,,,,,,,,,,,,,,,,,,,,,,,,,,,,,,,,,,,,,,,,,,,,,,,,,,
Header,MiscRate,CALL_PB_D24_K100,Annual,65,65,,,,,,,,,,,,,,,,,,,,,,,,,,,,,,,,,,,,,,,,,,,,,,,,,,,,,,,,,,,,,,,,,,,,,,,,,,,,,,,,,,,,,,,,,,,,,,,,,,,,,,,,,,,,,,,,,,,,,,,,,,,,,,,,,,,,,,,,,,,,,,,,,,,,,,,,,,,,,,,,,,,,,,,,,,,,,,,,,,,,,,,,,,,,,,,,,,,,,,,,,,,,,,,,,,
Header,MiscRate,CALL_PB_D24_K102,Annual,66,66,,,,,,,,,,,,,,,,,,,,,,,,,,,,,,,,,,,,,,,,,,,,,,,,,,,,,,,,,,,,,,,,,,,,,,,,,,,,,,,,,,,,,,,,,,,,,,,,,,,,,,,,,,,,,,,,,,,,,,,,,,,,,,,,,,,,,,,,,,,,,,,,,,,,,,,,,,,,,,,,,,,,,,,,,,,,,,,,,,,,,,,,,,,,,,,,,,,,,,,,,,,,,,,,,,
Header,MiscRate,CALL_PB_D24_K104,Annual,67,67,,,,,,,,,,,,,,,,,,,,,,,,,,,,,,,,,,,,,,,,,,,,,,,,,,,,,,,,,,,,,,,,,,,,,,,,,,,,,,,,,,,,,,,,,,,,,,,,,,,,,,,,,,,,,,,,,,,,,,,,,,,,,,,,,,,,,,,,,,,,,,,,,,,,,,,,,,,,,,,,,,,,,,,,,,,,,,,,,,,,,,,,,,,,,,,,,,,,,,,,,,,,,,,,,,
Header,MiscRate,CALL_PB_D24_K108,Annual,68,68,,,,,,,,,,,,,,,,,,,,,,,,,,,,,,,,,,,,,,,,,,,,,,,,,,,,,,,,,,,,,,,,,,,,,,,,,,,,,,,,,,,,,,,,,,,,,,,,,,,,,,,,,,,,,,,,,,,,,,,,,,,,,,,,,,,,,,,,,,,,,,,,,,,,,,,,,,,,,,,,,,,,,,,,,,,,,,,,,,,,,,,,,,,,,,,,,,,,,,,,,,,,,,,,,,
Header,MiscRate,CALL_PB_D24_K116,Annual,69,69,,,,,,,,,,,,,,,,,,,,,,,,,,,,,,,,,,,,,,,,,,,,,,,,,,,,,,,,,,,,,,,,,,,,,,,,,,,,,,,,,,,,,,,,,,,,,,,,,,,,,,,,,,,,,,,,,,,,,,,,,,,,,,,,,,,,,,,,,,,,,,,,,,,,,,,,,,,,,,,,,,,,,,,,,,,,,,,,,,,,,,,,,,,,,,,,,,,,,,,,,,,,,,,,,,
Header,MiscRate,CALL_PB_D24_K124,Annual,70,70,,,,,,,,,,,,,,,,,,,,,,,,,,,,,,,,,,,,,,,,,,,,,,,,,,,,,,,,,,,,,,,,,,,,,,,,,,,,,,,,,,,,,,,,,,,,,,,,,,,,,,,,,,,,,,,,,,,,,,,,,,,,,,,,,,,,,,,,,,,,,,,,,,,,,,,,,,,,,,,,,,,,,,,,,,,,,,,,,,,,,,,,,,,,,,,,,,,,,,,,,,,,,,,,,,
Header,MiscRate,CALL_PM_D12_K100,Annual,71,71,,,,,,,,,,,,,,,,,,,,,,,,,,,,,,,,,,,,,,,,,,,,,,,,,,,,,,,,,,,,,,,,,,,,,,,,,,,,,,,,,,,,,,,,,,,,,,,,,,,,,,,,,,,,,,,,,,,,,,,,,,,,,,,,,,,,,,,,,,,,,,,,,,,,,,,,,,,,,,,,,,,,,,,,,,,,,,,,,,,,,,,,,,,,,,,,,,,,,,,,,,,,,,,,,,
Header,MiscRate,CALL_PM_D12_K101,Annual,72,72,,,,,,,,,,,,,,,,,,,,,,,,,,,,,,,,,,,,,,,,,,,,,,,,,,,,,,,,,,,,,,,,,,,,,,,,,,,,,,,,,,,,,,,,,,,,,,,,,,,,,,,,,,,,,,,,,,,,,,,,,,,,,,,,,,,,,,,,,,,,,,,,,,,,,,,,,,,,,,,,,,,,,,,,,,,,,,,,,,,,,,,,,,,,,,,,,,,,,,,,,,,,,,,,,,
Header,MiscRate,CALL_PM_D12_K102,Annual,73,73,,,,,,,,,,,,,,,,,,,,,,,,,,,,,,,,,,,,,,,,,,,,,,,,,,,,,,,,,,,,,,,,,,,,,,,,,,,,,,,,,,,,,,,,,,,,,,,,,,,,,,,,,,,,,,,,,,,,,,,,,,,,,,,,,,,,,,,,,,,,,,,,,,,,,,,,,,,,,,,,,,,,,,,,,,,,,,,,,,,,,,,,,,,,,,,,,,,,,,,,,,,,,,,,,,
Header,MiscRate,CALL_PM_D12_K104,Annual,74,74,,,,,,,,,,,,,,,,,,,,,,,,,,,,,,,,,,,,,,,,,,,,,,,,,,,,,,,,,,,,,,,,,,,,,,,,,,,,,,,,,,,,,,,,,,,,,,,,,,,,,,,,,,,,,,,,,,,,,,,,,,,,,,,,,,,,,,,,,,,,,,,,,,,,,,,,,,,,,,,,,,,,,,,,,,,,,,,,,,,,,,,,,,,,,,,,,,,,,,,,,,,,,,,,,,
Header,MiscRate,CALL_PM_D12_K108,Annual,75,75,,,,,,,,,,,,,,,,,,,,,,,,,,,,,,,,,,,,,,,,,,,,,,,,,,,,,,,,,,,,,,,,,,,,,,,,,,,,,,,,,,,,,,,,,,,,,,,,,,,,,,,,,,,,,,,,,,,,,,,,,,,,,,,,,,,,,,,,,,,,,,,,,,,,,,,,,,,,,,,,,,,,,,,,,,,,,,,,,,,,,,,,,,,,,,,,,,,,,,,,,,,,,,,,,,
Header,MiscRate,CALL_PM_D12_K112,Annual,76,76,,,,,,,,,,,,,,,,,,,,,,,,,,,,,,,,,,,,,,,,,,,,,,,,,,,,,,,,,,,,,,,,,,,,,,,,,,,,,,,,,,,,,,,,,,,,,,,,,,,,,,,,,,,,,,,,,,,,,,,,,,,,,,,,,,,,,,,,,,,,,,,,,,,,,,,,,,,,,,,,,,,,,,,,,,,,,,,,,,,,,,,,,,,,,,,,,,,,,,,,,,,,,,,,,,
Header,MiscRate,CALL_PM_D24_K100,Annual,77,77,,,,,,,,,,,,,,,,,,,,,,,,,,,,,,,,,,,,,,,,,,,,,,,,,,,,,,,,,,,,,,,,,,,,,,,,,,,,,,,,,,,,,,,,,,,,,,,,,,,,,,,,,,,,,,,,,,,,,,,,,,,,,,,,,,,,,,,,,,,,,,,,,,,,,,,,,,,,,,,,,,,,,,,,,,,,,,,,,,,,,,,,,,,,,,,,,,,,,,,,,,,,,,,,,,
Header,MiscRate,CALL_PM_D24_K102,Annual,78,78,,,,,,,,,,,,,,,,,,,,,,,,,,,,,,,,,,,,,,,,,,,,,,,,,,,,,,,,,,,,,,,,,,,,,,,,,,,,,,,,,,,,,,,,,,,,,,,,,,,,,,,,,,,,,,,,,,,,,,,,,,,,,,,,,,,,,,,,,,,,,,,,,,,,,,,,,,,,,,,,,,,,,,,,,,,,,,,,,,,,,,,,,,,,,,,,,,,,,,,,,,,,,,,,,,
Header,MiscRate,CALL_PM_D24_K104,Annual,79,79,,,,,,,,,,,,,,,,,,,,,,,,,,,,,,,,,,,,,,,,,,,,,,,,,,,,,,,,,,,,,,,,,,,,,,,,,,,,,,,,,,,,,,,,,,,,,,,,,,,,,,,,,,,,,,,,,,,,,,,,,,,,,,,,,,,,,,,,,,,,,,,,,,,,,,,,,,,,,,,,,,,,,,,,,,,,,,,,,,,,,,,,,,,,,,,,,,,,,,,,,,,,,,,,,,
Header,MiscRate,CALL_PM_D24_K108,Annual,80,80,,,,,,,,,,,,,,,,,,,,,,,,,,,,,,,,,,,,,,,,,,,,,,,,,,,,,,,,,,,,,,,,,,,,,,,,,,,,,,,,,,,,,,,,,,,,,,,,,,,,,,,,,,,,,,,,,,,,,,,,,,,,,,,,,,,,,,,,,,,,,,,,,,,,,,,,,,,,,,,,,,,,,,,,,,,,,,,,,,,,,,,,,,,,,,,,,,,,,,,,,,,,,,,,,,
Header,MiscRate,CALL_PM_D24_K116,Annual,81,81,,,,,,,,,,,,,,,,,,,,,,,,,,,,,,,,,,,,,,,,,,,,,,,,,,,,,,,,,,,,,,,,,,,,,,,,,,,,,,,,,,,,,,,,,,,,,,,,,,,,,,,,,,,,,,,,,,,,,,,,,,,,,,,,,,,,,,,,,,,,,,,,,,,,,,,,,,,,,,,,,,,,,,,,,,,,,,,,,,,,,,,,,,,,,,,,,,,,,,,,,,,,,,,,,,
Header,MiscRate,CALL_PM_D24_K124,Annual,82,82,,,,,,,,,,,,,,,,,,,,,,,,,,,,,,,,,,,,,,,,,,,,,,,,,,,,,,,,,,,,,,,,,,,,,,,,,,,,,,,,,,,,,,,,,,,,,,,,,,,,,,,,,,,,,,,,,,,,,,,,,,,,,,,,,,,,,,,,,,,,,,,,,,,,,,,,,,,,,,,,,,,,,,,,,,,,,,,,,,,,,,,,,,,,,,,,,,,,,,,,,,,,,,,,,,
Header,MiscRate,CALL_AG_D12_K100,Annual,83,83,,,,,,,,,,,,,,,,,,,,,,,,,,,,,,,,,,,,,,,,,,,,,,,,,,,,,,,,,,,,,,,,,,,,,,,,,,,,,,,,,,,,,,,,,,,,,,,,,,,,,,,,,,,,,,,,,,,,,,,,,,,,,,,,,,,,,,,,,,,,,,,,,,,,,,,,,,,,,,,,,,,,,,,,,,,,,,,,,,,,,,,,,,,,,,,,,,,,,,,,,,,,,,,,,,
Header,MiscRate,CALL_AG_D12_K101,Annual,84,84,,,,,,,,,,,,,,,,,,,,,,,,,,,,,,,,,,,,,,,,,,,,,,,,,,,,,,,,,,,,,,,,,,,,,,,,,,,,,,,,,,,,,,,,,,,,,,,,,,,,,,,,,,,,,,,,,,,,,,,,,,,,,,,,,,,,,,,,,,,,,,,,,,,,,,,,,,,,,,,,,,,,,,,,,,,,,,,,,,,,,,,,,,,,,,,,,,,,,,,,,,,,,,,,,,
Header,MiscRate,CALL_AG_D12_K102,Annual,85,85,,,,,,,,,,,,,,,,,,,,,,,,,,,,,,,,,,,,,,,,,,,,,,,,,,,,,,,,,,,,,,,,,,,,,,,,,,,,,,,,,,,,,,,,,,,,,,,,,,,,,,,,,,,,,,,,,,,,,,,,,,,,,,,,,,,,,,,,,,,,,,,,,,,,,,,,,,,,,,,,,,,,,,,,,,,,,,,,,,,,,,,,,,,,,,,,,,,,,,,,,,,,,,,,,,
Header,MiscRate,CALL_AG_D12_K104,Annual,86,86,,,,,,,,,,,,,,,,,,,,,,,,,,,,,,,,,,,,,,,,,,,,,,,,,,,,,,,,,,,,,,,,,,,,,,,,,,,,,,,,,,,,,,,,,,,,,,,,,,,,,,,,,,,,,,,,,,,,,,,,,,,,,,,,,,,,,,,,,,,,,,,,,,,,,,,,,,,,,,,,,,,,,,,,,,,,,,,,,,,,,,,,,,,,,,,,,,,,,,,,,,,,,,,,,,
Header,MiscRate,CALL_AG_D12_K108,Annual,87,87,,,,,,,,,,,,,,,,,,,,,,,,,,,,,,,,,,,,,,,,,,,,,,,,,,,,,,,,,,,,,,,,,,,,,,,,,,,,,,,,,,,,,,,,,,,,,,,,,,,,,,,,,,,,,,,,,,,,,,,,,,,,,,,,,,,,,,,,,,,,,,,,,,,,,,,,,,,,,,,,,,,,,,,,,,,,,,,,,,,,,,,,,,,,,,,,,,,,,,,,,,,,,,,,,,
Header,MiscRate,CALL_AG_D12_K112,Annual,88,88,,,,,,,,,,,,,,,,,,,,,,,,,,,,,,,,,,,,,,,,,,,,,,,,,,,,,,,,,,,,,,,,,,,,,,,,,,,,,,,,,,,,,,,,,,,,,,,,,,,,,,,,,,,,,,,,,,,,,,,,,,,,,,,,,,,,,,,,,,,,,,,,,,,,,,,,,,,,,,,,,,,,,,,,,,,,,,,,,,,,,,,,,,,,,,,,,,,,,,,,,,,,,,,,,,
Header,MiscRate,CALL_AG_D24_K100,Annual,89,89,,,,,,,,,,,,,,,,,,,,,,,,,,,,,,,,,,,,,,,,,,,,,,,,,,,,,,,,,,,,,,,,,,,,,,,,,,,,,,,,,,,,,,,,,,,,,,,,,,,,,,,,,,,,,,,,,,,,,,,,,,,,,,,,,,,,,,,,,,,,,,,,,,,,,,,,,,,,,,,,,,,,,,,,,,,,,,,,,,,,,,,,,,,,,,,,,,,,,,,,,,,,,,,,,,
Header,MiscRate,CALL_AG_D24_K102,Annual,90,90,,,,,,,,,,,,,,,,,,,,,,,,,,,,,,,,,,,,,,,,,,,,,,,,,,,,,,,,,,,,,,,,,,,,,,,,,,,,,,,,,,,,,,,,,,,,,,,,,,,,,,,,,,,,,,,,,,,,,,,,,,,,,,,,,,,,,,,,,,,,,,,,,,,,,,,,,,,,,,,,,,,,,,,,,,,,,,,,,,,,,,,,,,,,,,,,,,,,,,,,,,,,,,,,,,
Header,MiscRate,CALL_AG_D24_K104,Annual,91,91,,,,,,,,,,,,,,,,,,,,,,,,,,,,,,,,,,,,,,,,,,,,,,,,,,,,,,,,,,,,,,,,,,,,,,,,,,,,,,,,,,,,,,,,,,,,,,,,,,,,,,,,,,,,,,,,,,,,,,,,,,,,,,,,,,,,,,,,,,,,,,,,,,,,,,,,,,,,,,,,,,,,,,,,,,,,,,,,,,,,,,,,,,,,,,,,,,,,,,,,,,,,,,,,,,
Header,MiscRate,CALL_AG_D24_K108,Annual,92,92,,,,,,,,,,,,,,,,,,,,,,,,,,,,,,,,,,,,,,,,,,,,,,,,,,,,,,,,,,,,,,,,,,,,,,,,,,,,,,,,,,,,,,,,,,,,,,,,,,,,,,,,,,,,,,,,,,,,,,,,,,,,,,,,,,,,,,,,,,,,,,,,,,,,,,,,,,,,,,,,,,,,,,,,,,,,,,,,,,,,,,,,,,,,,,,,,,,,,,,,,,,,,,,,,,
Header,MiscRate,CALL_AG_D24_K116,Annual,93,93,,,,,,,,,,,,,,,,,,,,,,,,,,,,,,,,,,,,,,,,,,,,,,,,,,,,,,,,,,,,,,,,,,,,,,,,,,,,,,,,,,,,,,,,,,,,,,,,,,,,,,,,,,,,,,,,,,,,,,,,,,,,,,,,,,,,,,,,,,,,,,,,,,,,,,,,,,,,,,,,,,,,,,,,,,,,,,,,,,,,,,,,,,,,,,,,,,,,,,,,,,,,,,,,,,
Header,MiscRate,CALL_AG_D24_K124,Annual,94,94,,,,,,,,,,,,,,,,,,,,,,,,,,,,,,,,,,,,,,,,,,,,,,,,,,,,,,,,,,,,,,,,,,,,,,,,,,,,,,,,,,,,,,,,,,,,,,,,,,,,,,,,,,,,,,,,,,,,,,,,,,,,,,,,,,,,,,,,,,,,,,,,,,,,,,,,,,,,,,,,,,,,,,,,,,,,,,,,,,,,,,,,,,,,,,,,,,,,,,,,,,,,,,,,,,
Header,MiscRate,CALL_AB_D12_K100,Annual,95,95,,,,,,,,,,,,,,,,,,,,,,,,,,,,,,,,,,,,,,,,,,,,,,,,,,,,,,,,,,,,,,,,,,,,,,,,,,,,,,,,,,,,,,,,,,,,,,,,,,,,,,,,,,,,,,,,,,,,,,,,,,,,,,,,,,,,,,,,,,,,,,,,,,,,,,,,,,,,,,,,,,,,,,,,,,,,,,,,,,,,,,,,,,,,,,,,,,,,,,,,,,,,,,,,,,
Header,MiscRate,CALL_AB_D12_K101,Annual,96,96,,,,,,,,,,,,,,,,,,,,,,,,,,,,,,,,,,,,,,,,,,,,,,,,,,,,,,,,,,,,,,,,,,,,,,,,,,,,,,,,,,,,,,,,,,,,,,,,,,,,,,,,,,,,,,,,,,,,,,,,,,,,,,,,,,,,,,,,,,,,,,,,,,,,,,,,,,,,,,,,,,,,,,,,,,,,,,,,,,,,,,,,,,,,,,,,,,,,,,,,,,,,,,,,,,
Header,MiscRate,CALL_AB_D12_K102,Annual,97,97,,,,,,,,,,,,,,,,,,,,,,,,,,,,,,,,,,,,,,,,,,,,,,,,,,,,,,,,,,,,,,,,,,,,,,,,,,,,,,,,,,,,,,,,,,,,,,,,,,,,,,,,,,,,,,,,,,,,,,,,,,,,,,,,,,,,,,,,,,,,,,,,,,,,,,,,,,,,,,,,,,,,,,,,,,,,,,,,,,,,,,,,,,,,,,,,,,,,,,,,,,,,,,,,,,
Header,MiscRate,CALL_AB_D12_K104,Annual,98,98,,,,,,,,,,,,,,,,,,,,,,,,,,,,,,,,,,,,,,,,,,,,,,,,,,,,,,,,,,,,,,,,,,,,,,,,,,,,,,,,,,,,,,,,,,,,,,,,,,,,,,,,,,,,,,,,,,,,,,,,,,,,,,,,,,,,,,,,,,,,,,,,,,,,,,,,,,,,,,,,,,,,,,,,,,,,,,,,,,,,,,,,,,,,,,,,,,,,,,,,,,,,,,,,,,
Header,MiscRate,CALL_AB_D12_K108,Annual,99,99,,,,,,,,,,,,,,,,,,,,,,,,,,,,,,,,,,,,,,,,,,,,,,,,,,,,,,,,,,,,,,,,,,,,,,,,,,,,,,,,,,,,,,,,,,,,,,,,,,,,,,,,,,,,,,,,,,,,,,,,,,,,,,,,,,,,,,,,,,,,,,,,,,,,,,,,,,,,,,,,,,,,,,,,,,,,,,,,,,,,,,,,,,,,,,,,,,,,,,,,,,,,,,,,,,
Header,MiscRate,CALL_AB_D12_K112,Annual,100,100,,,,,,,,,,,,,,,,,,,,,,,,,,,,,,,,,,,,,,,,,,,,,,,,,,,,,,,,,,,,,,,,,,,,,,,,,,,,,,,,,,,,,,,,,,,,,,,,,,,,,,,,,,,,,,,,,,,,,,,,,,,,,,,,,,,,,,,,,,,,,,,,,,,,,,,,,,,,,,,,,,,,,,,,,,,,,,,,,,,,,,,,,,,,,,,,,,,,,,,,,,,,,,,,,,
Header,MiscRate,CALL_AB_D24_K100,Annual,101,101,,,,,,,,,,,,,,,,,,,,,,,,,,,,,,,,,,,,,,,,,,,,,,,,,,,,,,,,,,,,,,,,,,,,,,,,,,,,,,,,,,,,,,,,,,,,,,,,,,,,,,,,,,,,,,,,,,,,,,,,,,,,,,,,,,,,,,,,,,,,,,,,,,,,,,,,,,,,,,,,,,,,,,,,,,,,,,,,,,,,,,,,,,,,,,,,,,,,,,,,,,,,,,,,,,
Header,MiscRate,CALL_AB_D24_K102,Annual,102,102,,,,,,,,,,,,,,,,,,,,,,,,,,,,,,,,,,,,,,,,,,,,,,,,,,,,,,,,,,,,,,,,,,,,,,,,,,,,,,,,,,,,,,,,,,,,,,,,,,,,,,,,,,,,,,,,,,,,,,,,,,,,,,,,,,,,,,,,,,,,,,,,,,,,,,,,,,,,,,,,,,,,,,,,,,,,,,,,,,,,,,,,,,,,,,,,,,,,,,,,,,,,,,,,,,
Header,MiscRate,CALL_AB_D24_K104,Annual,103,103,,,,,,,,,,,,,,,,,,,,,,,,,,,,,,,,,,,,,,,,,,,,,,,,,,,,,,,,,,,,,,,,,,,,,,,,,,,,,,,,,,,,,,,,,,,,,,,,,,,,,,,,,,,,,,,,,,,,,,,,,,,,,,,,,,,,,,,,,,,,,,,,,,,,,,,,,,,,,,,,,,,,,,,,,,,,,,,,,,,,,,,,,,,,,,,,,,,,,,,,,,,,,,,,,,
Header,MiscRate,CALL_AB_D24_K108,Annual,104,104,,,,,,,,,,,,,,,,,,,,,,,,,,,,,,,,,,,,,,,,,,,,,,,,,,,,,,,,,,,,,,,,,,,,,,,,,,,,,,,,,,,,,,,,,,,,,,,,,,,,,,,,,,,,,,,,,,,,,,,,,,,,,,,,,,,,,,,,,,,,,,,,,,,,,,,,,,,,,,,,,,,,,,,,,,,,,,,,,,,,,,,,,,,,,,,,,,,,,,,,,,,,,,,,,,
Header,MiscRate,CALL_AB_D24_K116,Annual,105,105,,,,,,,,,,,,,,,,,,,,,,,,,,,,,,,,,,,,,,,,,,,,,,,,,,,,,,,,,,,,,,,,,,,,,,,,,,,,,,,,,,,,,,,,,,,,,,,,,,,,,,,,,,,,,,,,,,,,,,,,,,,,,,,,,,,,,,,,,,,,,,,,,,,,,,,,,,,,,,,,,,,,,,,,,,,,,,,,,,,,,,,,,,,,,,,,,,,,,,,,,,,,,,,,,,
Header,MiscRate,CALL_AB_D24_K124,Annual,106,106,,,,,,,,,,,,,,,,,,,,,,,,,,,,,,,,,,,,,,,,,,,,,,,,,,,,,,,,,,,,,,,,,,,,,,,,,,,,,,,,,,,,,,,,,,,,,,,,,,,,,,,,,,,,,,,,,,,,,,,,,,,,,,,,,,,,,,,,,,,,,,,,,,,,,,,,,,,,,,,,,,,,,,,,,,,,,,,,,,,,,,,,,,,,,,,,,,,,,,,,,,,,,,,,,,
Header,MiscRate,CALL_AQ_D12_K100,Annual,107,107,,,,,,,,,,,,,,,,,,,,,,,,,,,,,,,,,,,,,,,,,,,,,,,,,,,,,,,,,,,,,,,,,,,,,,,,,,,,,,,,,,,,,,,,,,,,,,,,,,,,,,,,,,,,,,,,,,,,,,,,,,,,,,,,,,,,,,,,,,,,,,,,,,,,,,,,,,,,,,,,,,,,,,,,,,,,,,,,,,,,,,,,,,,,,,,,,,,,,,,,,,,,,,,,,,
Header,MiscRate,CALL_AQ_D12_K101,Annual,108,108,,,,,,,,,,,,,,,,,,,,,,,,,,,,,,,,,,,,,,,,,,,,,,,,,,,,,,,,,,,,,,,,,,,,,,,,,,,,,,,,,,,,,,,,,,,,,,,,,,,,,,,,,,,,,,,,,,,,,,,,,,,,,,,,,,,,,,,,,,,,,,,,,,,,,,,,,,,,,,,,,,,,,,,,,,,,,,,,,,,,,,,,,,,,,,,,,,,,,,,,,,,,,,,,,,
Header,MiscRate,CALL_AQ_D12_K102,Annual,109,109,,,,,,,,,,,,,,,,,,,,,,,,,,,,,,,,,,,,,,,,,,,,,,,,,,,,,,,,,,,,,,,,,,,,,,,,,,,,,,,,,,,,,,,,,,,,,,,,,,,,,,,,,,,,,,,,,,,,,,,,,,,,,,,,,,,,,,,,,,,,,,,,,,,,,,,,,,,,,,,,,,,,,,,,,,,,,,,,,,,,,,,,,,,,,,,,,,,,,,,,,,,,,,,,,,
Header,MiscRate,CALL_AQ_D12_K104,Annual,110,110,,,,,,,,,,,,,,,,,,,,,,,,,,,,,,,,,,,,,,,,,,,,,,,,,,,,,,,,,,,,,,,,,,,,,,,,,,,,,,,,,,,,,,,,,,,,,,,,,,,,,,,,,,,,,,,,,,,,,,,,,,,,,,,,,,,,,,,,,,,,,,,,,,,,,,,,,,,,,,,,,,,,,,,,,,,,,,,,,,,,,,,,,,,,,,,,,,,,,,,,,,,,,,,,,,
Header,MiscRate,CALL_AQ_D12_K108,Annual,111,111,,,,,,,,,,,,,,,,,,,,,,,,,,,,,,,,,,,,,,,,,,,,,,,,,,,,,,,,,,,,,,,,,,,,,,,,,,,,,,,,,,,,,,,,,,,,,,,,,,,,,,,,,,,,,,,,,,,,,,,,,,,,,,,,,,,,,,,,,,,,,,,,,,,,,,,,,,,,,,,,,,,,,,,,,,,,,,,,,,,,,,,,,,,,,,,,,,,,,,,,,,,,,,,,,,
Header,MiscRate,CALL_AQ_D12_K112,Annual,112,112,,,,,,,,,,,,,,,,,,,,,,,,,,,,,,,,,,,,,,,,,,,,,,,,,,,,,,,,,,,,,,,,,,,,,,,,,,,,,,,,,,,,,,,,,,,,,,,,,,,,,,,,,,,,,,,,,,,,,,,,,,,,,,,,,,,,,,,,,,,,,,,,,,,,,,,,,,,,,,,,,,,,,,,,,,,,,,,,,,,,,,,,,,,,,,,,,,,,,,,,,,,,,,,,,,
Header,MiscRate,CALL_AQ_D24_K100,Annual,113,113,,,,,,,,,,,,,,,,,,,,,,,,,,,,,,,,,,,,,,,,,,,,,,,,,,,,,,,,,,,,,,,,,,,,,,,,,,,,,,,,,,,,,,,,,,,,,,,,,,,,,,,,,,,,,,,,,,,,,,,,,,,,,,,,,,,,,,,,,,,,,,,,,,,,,,,,,,,,,,,,,,,,,,,,,,,,,,,,,,,,,,,,,,,,,,,,,,,,,,,,,,,,,,,,,,
Header,MiscRate,CALL_AQ_D24_K102,Annual,114,114,,,,,,,,,,,,,,,,,,,,,,,,,,,,,,,,,,,,,,,,,,,,,,,,,,,,,,,,,,,,,,,,,,,,,,,,,,,,,,,,,,,,,,,,,,,,,,,,,,,,,,,,,,,,,,,,,,,,,,,,,,,,,,,,,,,,,,,,,,,,,,,,,,,,,,,,,,,,,,,,,,,,,,,,,,,,,,,,,,,,,,,,,,,,,,,,,,,,,,,,,,,,,,,,,,
Header,MiscRate,CALL_AQ_D24_K104,Annual,115,115,,,,,,,,,,,,,,,,,,,,,,,,,,,,,,,,,,,,,,,,,,,,,,,,,,,,,,,,,,,,,,,,,,,,,,,,,,,,,,,,,,,,,,,,,,,,,,,,,,,,,,,,,,,,,,,,,,,,,,,,,,,,,,,,,,,,,,,,,,,,,,,,,,,,,,,,,,,,,,,,,,,,,,,,,,,,,,,,,,,,,,,,,,,,,,,,,,,,,,,,,,,,,,,,,,
Header,MiscRate,CALL_AQ_D24_K108,Annual,116,116,,,,,,,,,,,,,,,,,,,,,,,,,,,,,,,,,,,,,,,,,,,,,,,,,,,,,,,,,,,,,,,,,,,,,,,,,,,,,,,,,,,,,,,,,,,,,,,,,,,,,,,,,,,,,,,,,,,,,,,,,,,,,,,,,,,,,,,,,,,,,,,,,,,,,,,,,,,,,,,,,,,,,,,,,,,,,,,,,,,,,,,,,,,,,,,,,,,,,,,,,,,,,,,,,,
Header,MiscRate,CALL_AQ_D24_K116,Annual,117,117,,,,,,,,,,,,,,,,,,,,,,,,,,,,,,,,,,,,,,,,,,,,,,,,,,,,,,,,,,,,,,,,,,,,,,,,,,,,,,,,,,,,,,,,,,,,,,,,,,,,,,,,,,,,,,,,,,,,,,,,,,,,,,,,,,,,,,,,,,,,,,,,,,,,,,,,,,,,,,,,,,,,,,,,,,,,,,,,,,,,,,,,,,,,,,,,,,,,,,,,,,,,,,,,,,
Header,MiscRate,CALL_AQ_D24_K124,Annual,118,118,,,,,,,,,,,,,,,,,,,,,,,,,,,,,,,,,,,,,,,,,,,,,,,,,,,,,,,,,,,,,,,,,,,,,,,,,,,,,,,,,,,,,,,,,,,,,,,,,,,,,,,,,,,,,,,,,,,,,,,,,,,,,,,,,,,,,,,,,,,,,,,,,,,,,,,,,,,,,,,,,,,,,,,,,,,,,,,,,,,,,,,,,,,,,,,,,,,,,,,,,,,,,,,,,,
Header,MiscRate,CALL_LM_D12_K100,Annual,119,119,,,,,,,,,,,,,,,,,,,,,,,,,,,,,,,,,,,,,,,,,,,,,,,,,,,,,,,,,,,,,,,,,,,,,,,,,,,,,,,,,,,,,,,,,,,,,,,,,,,,,,,,,,,,,,,,,,,,,,,,,,,,,,,,,,,,,,,,,,,,,,,,,,,,,,,,,,,,,,,,,,,,,,,,,,,,,,,,,,,,,,,,,,,,,,,,,,,,,,,,,,,,,,,,,,
Header,MiscRate,CALL_LM_D12_K101,Annual,120,120,,,,,,,,,,,,,,,,,,,,,,,,,,,,,,,,,,,,,,,,,,,,,,,,,,,,,,,,,,,,,,,,,,,,,,,,,,,,,,,,,,,,,,,,,,,,,,,,,,,,,,,,,,,,,,,,,,,,,,,,,,,,,,,,,,,,,,,,,,,,,,,,,,,,,,,,,,,,,,,,,,,,,,,,,,,,,,,,,,,,,,,,,,,,,,,,,,,,,,,,,,,,,,,,,,
Header,MiscRate,CALL_LM_D12_K102,Annual,121,121,,,,,,,,,,,,,,,,,,,,,,,,,,,,,,,,,,,,,,,,,,,,,,,,,,,,,,,,,,,,,,,,,,,,,,,,,,,,,,,,,,,,,,,,,,,,,,,,,,,,,,,,,,,,,,,,,,,,,,,,,,,,,,,,,,,,,,,,,,,,,,,,,,,,,,,,,,,,,,,,,,,,,,,,,,,,,,,,,,,,,,,,,,,,,,,,,,,,,,,,,,,,,,,,,,
Header,MiscRate,CALL_LM_D12_K104,Annual,122,122,,,,,,,,,,,,,,,,,,,,,,,,,,,,,,,,,,,,,,,,,,,,,,,,,,,,,,,,,,,,,,,,,,,,,,,,,,,,,,,,,,,,,,,,,,,,,,,,,,,,,,,,,,,,,,,,,,,,,,,,,,,,,,,,,,,,,,,,,,,,,,,,,,,,,,,,,,,,,,,,,,,,,,,,,,,,,,,,,,,,,,,,,,,,,,,,,,,,,,,,,,,,,,,,,,
Header,MiscRate,CALL_LM_D12_K108,Annual,123,123,,,,,,,,,,,,,,,,,,,,,,,,,,,,,,,,,,,,,,,,,,,,,,,,,,,,,,,,,,,,,,,,,,,,,,,,,,,,,,,,,,,,,,,,,,,,,,,,,,,,,,,,,,,,,,,,,,,,,,,,,,,,,,,,,,,,,,,,,,,,,,,,,,,,,,,,,,,,,,,,,,,,,,,,,,,,,,,,,,,,,,,,,,,,,,,,,,,,,,,,,,,,,,,,,,
Header,MiscRate,CALL_LM_D12_K112,Annual,124,124,,,,,,,,,,,,,,,,,,,,,,,,,,,,,,,,,,,,,,,,,,,,,,,,,,,,,,,,,,,,,,,,,,,,,,,,,,,,,,,,,,,,,,,,,,,,,,,,,,,,,,,,,,,,,,,,,,,,,,,,,,,,,,,,,,,,,,,,,,,,,,,,,,,,,,,,,,,,,,,,,,,,,,,,,,,,,,,,,,,,,,,,,,,,,,,,,,,,,,,,,,,,,,,,,,
Header,MiscRate,CALL_LM_D24_K100,Annual,125,125,,,,,,,,,,,,,,,,,,,,,,,,,,,,,,,,,,,,,,,,,,,,,,,,,,,,,,,,,,,,,,,,,,,,,,,,,,,,,,,,,,,,,,,,,,,,,,,,,,,,,,,,,,,,,,,,,,,,,,,,,,,,,,,,,,,,,,,,,,,,,,,,,,,,,,,,,,,,,,,,,,,,,,,,,,,,,,,,,,,,,,,,,,,,,,,,,,,,,,,,,,,,,,,,,,
Header,MiscRate,CALL_LM_D24_K102,Annual,126,126,,,,,,,,,,,,,,,,,,,,,,,,,,,,,,,,,,,,,,,,,,,,,,,,,,,,,,,,,,,,,,,,,,,,,,,,,,,,,,,,,,,,,,,,,,,,,,,,,,,,,,,,,,,,,,,,,,,,,,,,,,,,,,,,,,,,,,,,,,,,,,,,,,,,,,,,,,,,,,,,,,,,,,,,,,,,,,,,,,,,,,,,,,,,,,,,,,,,,,,,,,,,,,,,,,
Header,MiscRate,CALL_LM_D24_K104,Annual,127,127,,,,,,,,,,,,,,,,,,,,,,,,,,,,,,,,,,,,,,,,,,,,,,,,,,,,,,,,,,,,,,,,,,,,,,,,,,,,,,,,,,,,,,,,,,,,,,,,,,,,,,,,,,,,,,,,,,,,,,,,,,,,,,,,,,,,,,,,,,,,,,,,,,,,,,,,,,,,,,,,,,,,,,,,,,,,,,,,,,,,,,,,,,,,,,,,,,,,,,,,,,,,,,,,,,
Header,MiscRate,CALL_LM_D24_K108,Annual,128,128,,,,,,,,,,,,,,,,,,,,,,,,,,,,,,,,,,,,,,,,,,,,,,,,,,,,,,,,,,,,,,,,,,,,,,,,,,,,,,,,,,,,,,,,,,,,,,,,,,,,,,,,,,,,,,,,,,,,,,,,,,,,,,,,,,,,,,,,,,,,,,,,,,,,,,,,,,,,,,,,,,,,,,,,,,,,,,,,,,,,,,,,,,,,,,,,,,,,,,,,,,,,,,,,,,
Header,MiscRate,CALL_LM_D24_K116,Annual,129,129,,,,,,,,,,,,,,,,,,,,,,,,,,,,,,,,,,,,,,,,,,,,,,,,,,,,,,,,,,,,,,,,,,,,,,,,,,,,,,,,,,,,,,,,,,,,,,,,,,,,,,,,,,,,,,,,,,,,,,,,,,,,,,,,,,,,,,,,,,,,,,,,,,,,,,,,,,,,,,,,,,,,,,,,,,,,,,,,,,,,,,,,,,,,,,,,,,,,,,,,,,,,,,,,,,
Header,MiscRate,CALL_LM_D24_K124,Annual,130,130,,,,,,,,,,,,,,,,,,,,,,,,,,,,,,,,,,,,,,,,,,,,,,,,,,,,,,,,,,,,,,,,,,,,,,,,,,,,,,,,,,,,,,,,,,,,,,,,,,,,,,,,,,,,,,,,,,,,,,,,,,,,,,,,,,,,,,,,,,,,,,,,,,,,,,,,,,,,,,,,,,,,,,,,,,,,,,,,,,,,,,,,,,,,,,,,,,,,,,,,,,,,,,,,,,
Header,MiscRate,CALL_EF_D12_K100,Annual,131,131,,,,,,,,,,,,,,,,,,,,,,,,,,,,,,,,,,,,,,,,,,,,,,,,,,,,,,,,,,,,,,,,,,,,,,,,,,,,,,,,,,,,,,,,,,,,,,,,,,,,,,,,,,,,,,,,,,,,,,,,,,,,,,,,,,,,,,,,,,,,,,,,,,,,,,,,,,,,,,,,,,,,,,,,,,,,,,,,,,,,,,,,,,,,,,,,,,,,,,,,,,,,,,,,,,
Header,MiscRate,CALL_EF_D12_K101,Annual,132,132,,,,,,,,,,,,,,,,,,,,,,,,,,,,,,,,,,,,,,,,,,,,,,,,,,,,,,,,,,,,,,,,,,,,,,,,,,,,,,,,,,,,,,,,,,,,,,,,,,,,,,,,,,,,,,,,,,,,,,,,,,,,,,,,,,,,,,,,,,,,,,,,,,,,,,,,,,,,,,,,,,,,,,,,,,,,,,,,,,,,,,,,,,,,,,,,,,,,,,,,,,,,,,,,,,
Header,MiscRate,CALL_EF_D12_K102,Annual,133,133,,,,,,,,,,,,,,,,,,,,,,,,,,,,,,,,,,,,,,,,,,,,,,,,,,,,,,,,,,,,,,,,,,,,,,,,,,,,,,,,,,,,,,,,,,,,,,,,,,,,,,,,,,,,,,,,,,,,,,,,,,,,,,,,,,,,,,,,,,,,,,,,,,,,,,,,,,,,,,,,,,,,,,,,,,,,,,,,,,,,,,,,,,,,,,,,,,,,,,,,,,,,,,,,,,
Header,MiscRate,CALL_EF_D12_K104,Annual,134,134,,,,,,,,,,,,,,,,,,,,,,,,,,,,,,,,,,,,,,,,,,,,,,,,,,,,,,,,,,,,,,,,,,,,,,,,,,,,,,,,,,,,,,,,,,,,,,,,,,,,,,,,,,,,,,,,,,,,,,,,,,,,,,,,,,,,,,,,,,,,,,,,,,,,,,,,,,,,,,,,,,,,,,,,,,,,,,,,,,,,,,,,,,,,,,,,,,,,,,,,,,,,,,,,,,
Header,MiscRate,CALL_EF_D12_K108,Annual,135,135,,,,,,,,,,,,,,,,,,,,,,,,,,,,,,,,,,,,,,,,,,,,,,,,,,,,,,,,,,,,,,,,,,,,,,,,,,,,,,,,,,,,,,,,,,,,,,,,,,,,,,,,,,,,,,,,,,,,,,,,,,,,,,,,,,,,,,,,,,,,,,,,,,,,,,,,,,,,,,,,,,,,,,,,,,,,,,,,,,,,,,,,,,,,,,,,,,,,,,,,,,,,,,,,,,
Header,MiscRate,CALL_EF_D12_K112,Annual,136,136,,,,,,,,,,,,,,,,,,,,,,,,,,,,,,,,,,,,,,,,,,,,,,,,,,,,,,,,,,,,,,,,,,,,,,,,,,,,,,,,,,,,,,,,,,,,,,,,,,,,,,,,,,,,,,,,,,,,,,,,,,,,,,,,,,,,,,,,,,,,,,,,,,,,,,,,,,,,,,,,,,,,,,,,,,,,,,,,,,,,,,,,,,,,,,,,,,,,,,,,,,,,,,,,,,
Header,MiscRate,CALL_RS_D12_K100,Annual,137,137,,,,,,,,,,,,,,,,,,,,,,,,,,,,,,,,,,,,,,,,,,,,,,,,,,,,,,,,,,,,,,,,,,,,,,,,,,,,,,,,,,,,,,,,,,,,,,,,,,,,,,,,,,,,,,,,,,,,,,,,,,,,,,,,,,,,,,,,,,,,,,,,,,,,,,,,,,,,,,,,,,,,,,,,,,,,,,,,,,,,,,,,,,,,,,,,,,,,,,,,,,,,,,,,,,
Header,MiscRate,CALL_RS_D12_K101,Annual,138,138,,,,,,,,,,,,,,,,,,,,,,,,,,,,,,,,,,,,,,,,,,,,,,,,,,,,,,,,,,,,,,,,,,,,,,,,,,,,,,,,,,,,,,,,,,,,,,,,,,,,,,,,,,,,,,,,,,,,,,,,,,,,,,,,,,,,,,,,,,,,,,,,,,,,,,,,,,,,,,,,,,,,,,,,,,,,,,,,,,,,,,,,,,,,,,,,,,,,,,,,,,,,,,,,,,
Header,MiscRate,CALL_RS_D12_K102,Annual,139,139,,,,,,,,,,,,,,,,,,,,,,,,,,,,,,,,,,,,,,,,,,,,,,,,,,,,,,,,,,,,,,,,,,,,,,,,,,,,,,,,,,,,,,,,,,,,,,,,,,,,,,,,,,,,,,,,,,,,,,,,,,,,,,,,,,,,,,,,,,,,,,,,,,,,,,,,,,,,,,,,,,,,,,,,,,,,,,,,,,,,,,,,,,,,,,,,,,,,,,,,,,,,,,,,,,
Header,MiscRate,CALL_RS_D12_K104,Annual,140,140,,,,,,,,,,,,,,,,,,,,,,,,,,,,,,,,,,,,,,,,,,,,,,,,,,,,,,,,,,,,,,,,,,,,,,,,,,,,,,,,,,,,,,,,,,,,,,,,,,,,,,,,,,,,,,,,,,,,,,,,,,,,,,,,,,,,,,,,,,,,,,,,,,,,,,,,,,,,,,,,,,,,,,,,,,,,,,,,,,,,,,,,,,,,,,,,,,,,,,,,,,,,,,,,,,
Header,MiscRate,CALL_RS_D12_K108,Annual,141,141,,,,,,,,,,,,,,,,,,,,,,,,,,,,,,,,,,,,,,,,,,,,,,,,,,,,,,,,,,,,,,,,,,,,,,,,,,,,,,,,,,,,,,,,,,,,,,,,,,,,,,,,,,,,,,,,,,,,,,,,,,,,,,,,,,,,,,,,,,,,,,,,,,,,,,,,,,,,,,,,,,,,,,,,,,,,,,,,,,,,,,,,,,,,,,,,,,,,,,,,,,,,,,,,,,
Header,MiscRate,CALL_RS_D12_K112,Annual,142,142,,,,,,,,,,,,,,,,,,,,,,,,,,,,,,,,,,,,,,,,,,,,,,,,,,,,,,,,,,,,,,,,,,,,,,,,,,,,,,,,,,,,,,,,,,,,,,,,,,,,,,,,,,,,,,,,,,,,,,,,,,,,,,,,,,,,,,,,,,,,,,,,,,,,,,,,,,,,,,,,,,,,,,,,,,,,,,,,,,,,,,,,,,,,,,,,,,,,,,,,,,,,,,,,,,
Header,YieldCurve,Swap,Terms:12-24-36-60-84-120-180-360,Annual,143,150,,,,,,,,,,,,,,,,,,,,,,,,,,,,,,,,,,,,,,,,,,,,,,,,,,,,,,,,,,,,,,,,,,,,,,,,,,,,,,,,,,,,,,,,,,,,,,,,,,,,,,,,,,,,,,,,,,,,,,,,,,,,,,,,,,,,,,,,,,,,,,,,,,,,,,,,,,,,,,,,,,,,,,,,,,,,,,,,,,,,,,,,,,,,,,,,,,,,,,,,,,,,,,,,,
Header,YieldCurve,Swap_ITM,Terms:12-24-36-60-84-120-180-360,Annual,151,158,,,,,,,,,,,,,,,,,,,,,,,,,,,,,,,,,,,,,,,,,,,,,,,,,,,,,,,,,,,,,,,,,,,,,,,,,,,,,,,,,,,,,,,,,,,,,,,,,,,,,,,,,,,,,,,,,,,,,,,,,,,,,,,,,,,,,,,,,,,,,,,,,,,,,,,,,,,,,,,,,,,,,,,,,,,,,,,,,,,,,,,,,,,,,,,,,,,,,,,,,,,,,,,,,
Header,YieldCurve,Govt,Terms:24-36-60-84-120-180-240-360,Annual,159,166,,,,,,,,,,,,,,,,,,,,,,,,,,,,,,,,,,,,,,,,,,,,,,,,,,,,,,,,,,,,,,,,,,,,,,,,,,,,,,,,,,,,,,,,,,,,,,,,,,,,,,,,,,,,,,,,,,,,,,,,,,,,,,,,,,,,,,,,,,,,,,,,,,,,,,,,,,,,,,,,,,,,,,,,,,,,,,,,,,,,,,,,,,,,,,,,,,,,,,,,,,,,,,,,,
Header,MiscRate,CALL_ML_D12_K116,Annual,167,167,,,,,,,,,,,,,,,,,,,,,,,,,,,,,,,,,,,,,,,,,,,,,,,,,,,,,,,,,,,,,,,,,,,,,,,,,,,,,,,,,,,,,,,,,,,,,,,,,,,,,,,,,,,,,,,,,,,,,,,,,,,,,,,,,,,,,,,,,,,,,,,,,,,,,,,,,,,,,,,,,,,,,,,,,,,,,,,,,,,,,,,,,,,,,,,,,,,,,,,,,,,,,,,,,,
Header,MiscRate,CALL_ML_D12_K124,Annual,168,168,,,,,,,,,,,,,,,,,,,,,,,,,,,,,,,,,,,,,,,,,,,,,,,,,,,,,,,,,,,,,,,,,,,,,,,,,,,,,,,,,,,,,,,,,,,,,,,,,,,,,,,,,,,,,,,,,,,,,,,,,,,,,,,,,,,,,,,,,,,,,,,,,,,,,,,,,,,,,,,,,,,,,,,,,,,,,,,,,,,,,,,,,,,,,,,,,,,,,,,,,,,,,,,,,,
Header,MiscRate,CALL_PM_D12_K116,Annual,169,169,,,,,,,,,,,,,,,,,,,,,,,,,,,,,,,,,,,,,,,,,,,,,,,,,,,,,,,,,,,,,,,,,,,,,,,,,,,,,,,,,,,,,,,,,,,,,,,,,,,,,,,,,,,,,,,,,,,,,,,,,,,,,,,,,,,,,,,,,,,,,,,,,,,,,,,,,,,,,,,,,,,,,,,,,,,,,,,,,,,,,,,,,,,,,,,,,,,,,,,,,,,,,,,,,,
Header,MiscRate,CALL_PM_D12_K124,Annual,170,170,,,,,,,,,,,,,,,,,,,,,,,,,,,,,,,,,,,,,,,,,,,,,,,,,,,,,,,,,,,,,,,,,,,,,,,,,,,,,,,,,,,,,,,,,,,,,,,,,,,,,,,,,,,,,,,,,,,,,,,,,,,,,,,,,,,,,,,,,,,,,,,,,,,,,,,,,,,,,,,,,,,,,,,,,,,,,,,,,,,,,,,,,,,,,,,,,,,,,,,,,,,,,,,,,,
Header,MiscRate,CALL_PM_D24_K132,Annual,171,171,,,,,,,,,,,,,,,,,,,,,,,,,,,,,,,,,,,,,,,,,,,,,,,,,,,,,,,,,,,,,,,,,,,,,,,,,,,,,,,,,,,,,,,,,,,,,,,,,,,,,,,,,,,,,,,,,,,,,,,,,,,,,,,,,,,,,,,,,,,,,,,,,,,,,,,,,,,,,,,,,,,,,,,,,,,,,,,,,,,,,,,,,,,,,,,,,,,,,,,,,,,,,,,,,,
Header,MiscRate,CALL_PM_D24_K148,Annual,172,172,,,,,,,,,,,,,,,,,,,,,,,,,,,,,,,,,,,,,,,,,,,,,,,,,,,,,,,,,,,,,,,,,,,,,,,,,,,,,,,,,,,,,,,,,,,,,,,,,,,,,,,,,,,,,,,,,,,,,,,,,,,,,,,,,,,,,,,,,,,,,,,,,,,,,,,,,,,,,,,,,,,,,,,,,,,,,,,,,,,,,,,,,,,,,,,,,,,,,,,,,,,,,,,,,,
Header,Index,DF,Income Return-Index Growth,Annual,173,174,,,,,,,,,,,,,,,,,,,,,,,,,,,,,,,,,,,,,,,,,,,,,,,,,,,,,,,,,,,,,,,,,,,,,,,,,,,,,,,,,,,,,,,,,,,,,,,,,,,,,,,,,,,,,,,,,,,,,,,,,,,,,,,,,,,,,,,,,,,,,,,,,,,,,,,,,,,,,,,,,,,,,,,,,,,,,,,,,,,,,,,,,,,,,,,,,,,,,,,,,,,,,,,,,
Header,MiscRate,CALL_DF_D12_K100,Annual,175,175,,,,,,,,,,,,,,,,,,,,,,,,,,,,,,,,,,,,,,,,,,,,,,,,,,,,,,,,,,,,,,,,,,,,,,,,,,,,,,,,,,,,,,,,,,,,,,,,,,,,,,,,,,,,,,,,,,,,,,,,,,,,,,,,,,,,,,,,,,,,,,,,,,,,,,,,,,,,,,,,,,,,,,,,,,,,,,,,,,,,,,,,,,,,,,,,,,,,,,,,,,,,,,,,,,
Header,MiscRate,CALL_DF_D12_K101,Annual,176,176,,,,,,,,,,,,,,,,,,,,,,,,,,,,,,,,,,,,,,,,,,,,,,,,,,,,,,,,,,,,,,,,,,,,,,,,,,,,,,,,,,,,,,,,,,,,,,,,,,,,,,,,,,,,,,,,,,,,,,,,,,,,,,,,,,,,,,,,,,,,,,,,,,,,,,,,,,,,,,,,,,,,,,,,,,,,,,,,,,,,,,,,,,,,,,,,,,,,,,,,,,,,,,,,,,
Header,MiscRate,CALL_DF_D12_K102,Annual,177,177,,,,,,,,,,,,,,,,,,,,,,,,,,,,,,,,,,,,,,,,,,,,,,,,,,,,,,,,,,,,,,,,,,,,,,,,,,,,,,,,,,,,,,,,,,,,,,,,,,,,,,,,,,,,,,,,,,,,,,,,,,,,,,,,,,,,,,,,,,,,,,,,,,,,,,,,,,,,,,,,,,,,,,,,,,,,,,,,,,,,,,,,,,,,,,,,,,,,,,,,,,,,,,,,,,
Header,MiscRate,CALL_DF_D12_K104,Annual,178,178,,,,,,,,,,,,,,,,,,,,,,,,,,,,,,,,,,,,,,,,,,,,,,,,,,,,,,,,,,,,,,,,,,,,,,,,,,,,,,,,,,,,,,,,,,,,,,,,,,,,,,,,,,,,,,,,,,,,,,,,,,,,,,,,,,,,,,,,,,,,,,,,,,,,,,,,,,,,,,,,,,,,,,,,,,,,,,,,,,,,,,,,,,,,,,,,,,,,,,,,,,,,,,,,,,
Header,MiscRate,CALL_DF_D12_K108,Annual,179,179,,,,,,,,,,,,,,,,,,,,,,,,,,,,,,,,,,,,,,,,,,,,,,,,,,,,,,,,,,,,,,,,,,,,,,,,,,,,,,,,,,,,,,,,,,,,,,,,,,,,,,,,,,,,,,,,,,,,,,,,,,,,,,,,,,,,,,,,,,,,,,,,,,,,,,,,,,,,,,,,,,,,,,,,,,,,,,,,,,,,,,,,,,,,,,,,,,,,,,,,,,,,,,,,,,
Header,MiscRate,CALL_DF_D12_K112,Annual,180,180,,,,,,,,,,,,,,,,,,,,,,,,,,,,,,,,,,,,,,,,,,,,,,,,,,,,,,,,,,,,,,,,,,,,,,,,,,,,,,,,,,,,,,,,,,,,,,,,,,,,,,,,,,,,,,,,,,,,,,,,,,,,,,,,,,,,,,,,,,,,,,,,,,,,,,,,,,,,,,,,,,,,,,,,,,,,,,,,,,,,,,,,,,,,,,,,,,,,,,,,,,,,,,,,,,
Header,MiscRate,CALL_DF_D24_K100,Annual,181,181,,,,,,,,,,,,,,,,,,,,,,,,,,,,,,,,,,,,,,,,,,,,,,,,,,,,,,,,,,,,,,,,,,,,,,,,,,,,,,,,,,,,,,,,,,,,,,,,,,,,,,,,,,,,,,,,,,,,,,,,,,,,,,,,,,,,,,,,,,,,,,,,,,,,,,,,,,,,,,,,,,,,,,,,,,,,,,,,,,,,,,,,,,,,,,,,,,,,,,,,,,,,,,,,,,
Header,MiscRate,CALL_DF_D24_K102,Annual,182,182,,,,,,,,,,,,,,,,,,,,,,,,,,,,,,,,,,,,,,,,,,,,,,,,,,,,,,,,,,,,,,,,,,,,,,,,,,,,,,,,,,,,,,,,,,,,,,,,,,,,,,,,,,,,,,,,,,,,,,,,,,,,,,,,,,,,,,,,,,,,,,,,,,,,,,,,,,,,,,,,,,,,,,,,,,,,,,,,,,,,,,,,,,,,,,,,,,,,,,,,,,,,,,,,,,
Header,MiscRate,CALL_DF_D24_K104,Annual,183,183,,,,,,,,,,,,,,,,,,,,,,,,,,,,,,,,,,,,,,,,,,,,,,,,,,,,,,,,,,,,,,,,,,,,,,,,,,,,,,,,,,,,,,,,,,,,,,,,,,,,,,,,,,,,,,,,,,,,,,,,,,,,,,,,,,,,,,,,,,,,,,,,,,,,,,,,,,,,,,,,,,,,,,,,,,,,,,,,,,,,,,,,,,,,,,,,,,,,,,,,,,,,,,,,,,
Header,MiscRate,CALL_DF_D24_K108,Annual,184,184,,,,,,,,,,,,,,,,,,,,,,,,,,,,,,,,,,,,,,,,,,,,,,,,,,,,,,,,,,,,,,,,,,,,,,,,,,,,,,,,,,,,,,,,,,,,,,,,,,,,,,,,,,,,,,,,,,,,,,,,,,,,,,,,,,,,,,,,,,,,,,,,,,,,,,,,,,,,,,,,,,,,,,,,,,,,,,,,,,,,,,,,,,,,,,,,,,,,,,,,,,,,,,,,,,
Header,MiscRate,CALL_DF_D24_K116,Annual,185,185,,,,,,,,,,,,,,,,,,,,,,,,,,,,,,,,,,,,,,,,,,,,,,,,,,,,,,,,,,,,,,,,,,,,,,,,,,,,,,,,,,,,,,,,,,,,,,,,,,,,,,,,,,,,,,,,,,,,,,,,,,,,,,,,,,,,,,,,,,,,,,,,,,,,,,,,,,,,,,,,,,,,,,,,,,,,,,,,,,,,,,,,,,,,,,,,,,,,,,,,,,,,,,,,,,
Header,MiscRate,CALL_DF_D24_K124,Annual,186,186,,,,,,,,,,,,,,,,,,,,,,,,,,,,,,,,,,,,,,,,,,,,,,,,,,,,,,,,,,,,,,,,,,,,,,,,,,,,,,,,,,,,,,,,,,,,,,,,,,,,,,,,,,,,,,,,,,,,,,,,,,,,,,,,,,,,,,,,,,,,,,,,,,,,,,,,,,,,,,,,,,,,,,,,,,,,,,,,,,,,,,,,,,,,,,,,,,,,,,,,,,,,,,,,,,
Header,MiscRate,CALL_SP_D12_K116,Annual,187,187,,,,,,,,,,,,,,,,,,,,,,,,,,,,,,,,,,,,,,,,,,,,,,,,,,,,,,,,,,,,,,,,,,,,,,,,,,,,,,,,,,,,,,,,,,,,,,,,,,,,,,,,,,,,,,,,,,,,,,,,,,,,,,,,,,,,,,,,,,,,,,,,,,,,,,,,,,,,,,,,,,,,,,,,,,,,,,,,,,,,,,,,,,,,,,,,,,,,,,,,,,,,,,,,,,
Header,MiscRate,CALL_SP_D12_K124,Annual,188,188,,,,,,,,,,,,,,,,,,,,,,,,,,,,,,,,,,,,,,,,,,,,,,,,,,,,,,,,,,,,,,,,,,,,,,,,,,,,,,,,,,,,,,,,,,,,,,,,,,,,,,,,,,,,,,,,,,,,,,,,,,,,,,,,,,,,,,,,,,,,,,,,,,,,,,,,,,,,,,,,,,,,,,,,,,,,,,,,,,,,,,,,,,,,,,,,,,,,,,,,,,,,,,,,,,
Header,MiscRate,CALL_EF_D12_K116,Annual,189,189,,,,,,,,,,,,,,,,,,,,,,,,,,,,,,,,,,,,,,,,,,,,,,,,,,,,,,,,,,,,,,,,,,,,,,,,,,,,,,,,,,,,,,,,,,,,,,,,,,,,,,,,,,,,,,,,,,,,,,,,,,,,,,,,,,,,,,,,,,,,,,,,,,,,,,,,,,,,,,,,,,,,,,,,,,,,,,,,,,,,,,,,,,,,,,,,,,,,,,,,,,,,,,,,,,
Header,MiscRate,CALL_EF_D12_K124,Annual,190,190,,,,,,,,,,,,,,,,,,,,,,,,,,,,,,,,,,,,,,,,,,,,,,,,,,,,,,,,,,,,,,,,,,,,,,,,,,,,,,,,,,,,,,,,,,,,,,,,,,,,,,,,,,,,,,,,,,,,,,,,,,,,,,,,,,,,,,,,,,,,,,,,,,,,,,,,,,,,,,,,,,,,,,,,,,,,,,,,,,,,,,,,,,,,,,,,,,,,,,,,,,,,,,,,,,
Header,MiscRate,CALL_RS_D12_K116,Annual,191,191,,,,,,,,,,,,,,,,,,,,,,,,,,,,,,,,,,,,,,,,,,,,,,,,,,,,,,,,,,,,,,,,,,,,,,,,,,,,,,,,,,,,,,,,,,,,,,,,,,,,,,,,,,,,,,,,,,,,,,,,,,,,,,,,,,,,,,,,,,,,,,,,,,,,,,,,,,,,,,,,,,,,,,,,,,,,,,,,,,,,,,,,,,,,,,,,,,,,,,,,,,,,,,,,,,
Header,MiscRate,CALL_RS_D12_K124,Annual,192,192,,,,,,,,,,,,,,,,,,,,,,,,,,,,,,,,,,,,,,,,,,,,,,,,,,,,,,,,,,,,,,,,,,,,,,,,,,,,,,,,,,,,,,,,,,,,,,,,,,,,,,,,,,,,,,,,,,,,,,,,,,,,,,,,,,,,,,,,,,,,,,,,,,,,,,,,,,,,,,,,,,,,,,,,,,,,,,,,,,,,,,,,,,,,,,,,,,,,,,,,,,,,,,,,,,
Header,MiscRate,BINY_SP_D12_K100,Annual,193,193,,,,,,,,,,,,,,,,,,,,,,,,,,,,,,,,,,,,,,,,,,,,,,,,,,,,,,,,,,,,,,,,,,,,,,,,,,,,,,,,,,,,,,,,,,,,,,,,,,,,,,,,,,,,,,,,,,,,,,,,,,,,,,,,,,,,,,,,,,,,,,,,,,,,,,,,,,,,,,,,,,,,,,,,,,,,,,,,,,,,,,,,,,,,,,,,,,,,,,,,,,,,,,,,,,
Header,MiscRate,BINY_ND_D12_K100,Annual,194,194,,,,,,,,,,,,,,,,,,,,,,,,,,,,,,,,,,,,,,,,,,,,,,,,,,,,,,,,,,,,,,,,,,,,,,,,,,,,,,,,,,,,,,,,,,,,,,,,,,,,,,,,,,,,,,,,,,,,,,,,,,,,,,,,,,,,,,,,,,,,,,,,,,,,,,,,,,,,,,,,,,,,,,,,,,,,,,,,,,,,,,,,,,,,,,,,,,,,,,,,,,,,,,,,,,
Header,MiscRate,CALL_IN_D12_K100,Annual,195,195,,,,,,,,,,,,,,,,,,,,,,,,,,,,,,,,,,,,,,,,,,,,,,,,,,,,,,,,,,,,,,,,,,,,,,,,,,,,,,,,,,,,,,,,,,,,,,,,,,,,,,,,,,,,,,,,,,,,,,,,,,,,,,,,,,,,,,,,,,,,,,,,,,,,,,,,,,,,,,,,,,,,,,,,,,,,,,,,,,,,,,,,,,,,,,,,,,,,,,,,,,,,,,,,,,
Header,MiscRate,CALL_IN_D12_K101,Annual,196,196,,,,,,,,,,,,,,,,,,,,,,,,,,,,,,,,,,,,,,,,,,,,,,,,,,,,,,,,,,,,,,,,,,,,,,,,,,,,,,,,,,,,,,,,,,,,,,,,,,,,,,,,,,,,,,,,,,,,,,,,,,,,,,,,,,,,,,,,,,,,,,,,,,,,,,,,,,,,,,,,,,,,,,,,,,,,,,,,,,,,,,,,,,,,,,,,,,,,,,,,,,,,,,,,,,
Header,MiscRate,CALL_IN_D12_K102,Annual,197,197,,,,,,,,,,,,,,,,,,,,,,,,,,,,,,,,,,,,,,,,,,,,,,,,,,,,,,,,,,,,,,,,,,,,,,,,,,,,,,,,,,,,,,,,,,,,,,,,,,,,,,,,,,,,,,,,,,,,,,,,,,,,,,,,,,,,,,,,,,,,,,,,,,,,,,,,,,,,,,,,,,,,,,,,,,,,,,,,,,,,,,,,,,,,,,,,,,,,,,,,,,,,,,,,,,
Header,MiscRate,CALL_IN_D12_K104,Annual,198,198,,,,,,,,,,,,,,,,,,,,,,,,,,,,,,,,,,,,,,,,,,,,,,,,,,,,,,,,,,,,,,,,,,,,,,,,,,,,,,,,,,,,,,,,,,,,,,,,,,,,,,,,,,,,,,,,,,,,,,,,,,,,,,,,,,,,,,,,,,,,,,,,,,,,,,,,,,,,,,,,,,,,,,,,,,,,,,,,,,,,,,,,,,,,,,,,,,,,,,,,,,,,,,,,,,
Header,MiscRate,CALL_IN_D12_K108,Annual,199,199,,,,,,,,,,,,,,,,,,,,,,,,,,,,,,,,,,,,,,,,,,,,,,,,,,,,,,,,,,,,,,,,,,,,,,,,,,,,,,,,,,,,,,,,,,,,,,,,,,,,,,,,,,,,,,,,,,,,,,,,,,,,,,,,,,,,,,,,,,,,,,,,,,,,,,,,,,,,,,,,,,,,,,,,,,,,,,,,,,,,,,,,,,,,,,,,,,,,,,,,,,,,,,,,,,
Header,MiscRate,CALL_IN_D12_K112,Annual,200,200,,,,,,,,,,,,,,,,,,,,,,,,,,,,,,,,,,,,,,,,,,,,,,,,,,,,,,,,,,,,,,,,,,,,,,,,,,,,,,,,,,,,,,,,,,,,,,,,,,,,,,,,,,,,,,,,,,,,,,,,,,,,,,,,,,,,,,,,,,,,,,,,,,,,,,,,,,,,,,,,,,,,,,,,,,,,,,,,,,,,,,,,,,,,,,,,,,,,,,,,,,,,,,,,,,
Header,MiscRate,CALL_IN_D12_K118,Annual,201,201,,,,,,,,,,,,,,,,,,,,,,,,,,,,,,,,,,,,,,,,,,,,,,,,,,,,,,,,,,,,,,,,,,,,,,,,,,,,,,,,,,,,,,,,,,,,,,,,,,,,,,,,,,,,,,,,,,,,,,,,,,,,,,,,,,,,,,,,,,,,,,,,,,,,,,,,,,,,,,,,,,,,,,,,,,,,,,,,,,,,,,,,,,,,,,,,,,,,,,,,,,,,,,,,,,
Header,MiscRate,CALL_IN_D12_K124,Annual,202,202,,,,,,,,,,,,,,,,,,,,,,,,,,,,,,,,,,,,,,,,,,,,,,,,,,,,,,,,,,,,,,,,,,,,,,,,,,,,,,,,,,,,,,,,,,,,,,,,,,,,,,,,,,,,,,,,,,,,,,,,,,,,,,,,,,,,,,,,,,,,,,,,,,,,,,,,,,,,,,,,,,,,,,,,,,,,,,,,,,,,,,,,,,,,,,,,,,,,,,,,,,,,,,,,,,
Header,Index,IN,Income Return-Index Growth,Annual,203,204,,,,,,,,,,,,,,,,,,,,,,,,,,,,,,,,,,,,,,,,,,,,,,,,,,,,,,,,,,,,,,,,,,,,,,,,,,,,,,,,,,,,,,,,,,,,,,,,,,,,,,,,,,,,,,,,,,,,,,,,,,,,,,,,,,,,,,,,,,,,,,,,,,,,,,,,,,,,,,,,,,,,,,,,,,,,,,,,,,,,,,,,,,,,,,,,,,,,,,,,,,,,,,,,,
Header,MiscRate,CALL_SP_D60_K100,Annual,205,205,,,,,,,,,,,,,,,,,,,,,,,,,,,,,,,,,,,,,,,,,,,,,,,,,,,,,,,,,,,,,,,,,,,,,,,,,,,,,,,,,,,,,,,,,,,,,,,,,,,,,,,,,,,,,,,,,,,,,,,,,,,,,,,,,,,,,,,,,,,,,,,,,,,,,,,,,,,,,,,,,,,,,,,,,,,,,,,,,,,,,,,,,,,,,,,,,,,,,,,,,,,,,,,,,,
Header,MiscRate,CALL_SP_D60_K105,Annual,206,206,,,,,,,,,,,,,,,,,,,,,,,,,,,,,,,,,,,,,,,,,,,,,,,,,,,,,,,,,,,,,,,,,,,,,,,,,,,,,,,,,,,,,,,,,,,,,,,,,,,,,,,,,,,,,,,,,,,,,,,,,,,,,,,,,,,,,,,,,,,,,,,,,,,,,,,,,,,,,,,,,,,,,,,,,,,,,,,,,,,,,,,,,,,,,,,,,,,,,,,,,,,,,,,,,,
Header,MiscRate,CALL_SP_D60_K110,Annual,207,207,,,,,,,,,,,,,,,,,,,,,,,,,,,,,,,,,,,,,,,,,,,,,,,,,,,,,,,,,,,,,,,,,,,,,,,,,,,,,,,,,,,,,,,,,,,,,,,,,,,,,,,,,,,,,,,,,,,,,,,,,,,,,,,,,,,,,,,,,,,,,,,,,,,,,,,,,,,,,,,,,,,,,,,,,,,,,,,,,,,,,,,,,,,,,,,,,,,,,,,,,,,,,,,,,,
Header,MiscRate,CALL_SP_D60_K120,Annual,208,208,,,,,,,,,,,,,,,,,,,,,,,,,,,,,,,,,,,,,,,,,,,,,,,,,,,,,,,,,,,,,,,,,,,,,,,,,,,,,,,,,,,,,,,,,,,,,,,,,,,,,,,,,,,,,,,,,,,,,,,,,,,,,,,,,,,,,,,,,,,,,,,,,,,,,,,,,,,,,,,,,,,,,,,,,,,,,,,,,,,,,,,,,,,,,,,,,,,,,,,,,,,,,,,,,,
Header,MiscRate,CALL_SP_D60_K130,Annual,209,209,,,,,,,,,,,,,,,,,,,,,,,,,,,,,,,,,,,,,,,,,,,,,,,,,,,,,,,,,,,,,,,,,,,,,,,,,,,,,,,,,,,,,,,,,,,,,,,,,,,,,,,,,,,,,,,,,,,,,,,,,,,,,,,,,,,,,,,,,,,,,,,,,,,,,,,,,,,,,,,,,,,,,,,,,,,,,,,,,,,,,,,,,,,,,,,,,,,,,,,,,,,,,,,,,,
Header,MiscRate,CALL_SP_D60_K140,Annual,210,210,,,,,,,,,,,,,,,,,,,,,,,,,,,,,,,,,,,,,,,,,,,,,,,,,,,,,,,,,,,,,,,,,,,,,,,,,,,,,,,,,,,,,,,,,,,,,,,,,,,,,,,,,,,,,,,,,,,,,,,,,,,,,,,,,,,,,,,,,,,,,,,,,,,,,,,,,,,,,,,,,,,,,,,,,,,,,,,,,,,,,,,,,,,,,,,,,,,,,,,,,,,,,,,,,,
Header,MiscRate,CALL_SP_D60_K150,Annual,211,211,,,,,,,,,,,,,,,,,,,,,,,,,,,,,,,,,,,,,,,,,,,,,,,,,,,,,,,,,,,,,,,,,,,,,,,,,,,,,,,,,,,,,,,,,,,,,,,,,,,,,,,,,,,,,,,,,,,,,,,,,,,,,,,,,,,,,,,,,,,,,,,,,,,,,,,,,,,,,,,,,,,,,,,,,,,,,,,,,,,,,,,,,,,,,,,,,,,,,,,,,,,,,,,,,,
Header,MiscRate,CALL_SP_D60_K160,Annual,212,212,,,,,,,,,,,,,,,,,,,,,,,,,,,,,,,,,,,,,,,,,,,,,,,,,,,,,,,,,,,,,,,,,,,,,,,,,,,,,,,,,,,,,,,,,,,,,,,,,,,,,,,,,,,,,,,,,,,,,,,,,,,,,,,,,,,,,,,,,,,,,,,,,,,,,,,,,,,,,,,,,,,,,,,,,,,,,,,,,,,,,,,,,,,,,,,,,,,,,,,,,,,,,,,,,,
Header,MiscRate,CALL_SP_D60_K170,Annual,213,213,,,,,,,,,,,,,,,,,,,,,,,,,,,,,,,,,,,,,,,,,,,,,,,,,,,,,,,,,,,,,,,,,,,,,,,,,,,,,,,,,,,,,,,,,,,,,,,,,,,,,,,,,,,,,,,,,,,,,,,,,,,,,,,,,,,,,,,,,,,,,,,,,,,,,,,,,,,,,,,,,,,,,,,,,,,,,,,,,,,,,,,,,,,,,,,,,,,,,,,,,,,,,,,,,,
Header,Index,SP15,Income Return-Index Growth,Annual,214,215,,,,,,,,,,,,,,,,,,,,,,,,,,,,,,,,,,,,,,,,,,,,,,,,,,,,,,,,,,,,,,,,,,,,,,,,,,,,,,,,,,,,,,,,,,,,,,,,,,,,,,,,,,,,,,,,,,,,,,,,,,,,,,,,,,,,,,,,,,,,,,,,,,,,,,,,,,,,,,,,,,,,,,,,,,,,,,,,,,,,,,,,,,,,,,,,,,,,,,,,,,,,,,,,,
Header,MiscRate,BINYPT_SP15_D60_K100,Annual,216,216,,,,,,,,,,,,,,,,,,,,,,,,,,,,,,,,,,,,,,,,,,,,,,,,,,,,,,,,,,,,,,,,,,,,,,,,,,,,,,,,,,,,,,,,,,,,,,,,,,,,,,,,,,,,,,,,,,,,,,,,,,,,,,,,,,,,,,,,,,,,,,,,,,,,,,,,,,,,,,,,,,,,,,,,,,,,,,,,,,,,,,,,,,,,,,,,,,,,,,,,,,,,,,,,,,
Header,End,,,,,,,,,,,,,,,,,,,,,,,,,,,,,,,,,,,,,,,,,,,,,,,,,,,,,,,,,,,,,,,,,,,,,,,,,,,,,,,,,,,,,,,,,,,,,,,,,,,,,,,,,,,,,,,,,,,,,,,,,,,,,,,,,,,,,,,,,,,,,,,,,,,,,,,,,,,,,,,,,,,,,,,,,,,,,,,,,,,,,,,,,,,,,,,,,,,,,,,,,,,,,,,,,,,,,,
Year,Month,SP_Income,SP_Growth,ND_Income,ND_Growth,ML_Income,ML_Growth,PB_Income,PB_Growth,PM_Income,PM_Growth,EF_Income,EF_Growth,RS_Income,RS_Growth,AG_Income,AG_Growth,AB_Income,AB_Growth,LM_Income,LM_Growth,MVA_Income,MVA_Growth,AQ_Income,AQ_Growth,RiskFree,MRMGAYield,CALL_SP_D12_K100,CALL_SP_D12_K101,CALL_SP_D12_K102,CALL_SP_D12_K104,CALL_SP_D12_K108,CALL_SP_D12_K112,CALL_SP_D24_K100,CALL_SP_D24_K102,CALL_SP_D24_K104,CALL_SP_D24_K108,CALL_SP_D24_K116,CALL_SP_D24_K124,CALL_ND_D12_K100,CALL_ND_D12_K101,CALL_ND_D12_K102,CALL_ND_D12_K104,CALL_ND_D12_K108,CALL_ND_D12_K112,CALL_ML_D12_K100,CALL_ML_D12_K101,CALL_ML_D12_K102,CALL_ML_D12_K104,CALL_ML_D12_K108,CALL_ML_D12_K112,CALL_ML_D24_K100,CALL_ML_D24_K102,CALL_ML_D24_K104,CALL_ML_D24_K108,CALL_ML_D24_K116,CALL_ML_D24_K124,CALL_PB_D12_K100,CALL_PB_D12_K101,CALL_PB_D12_K102,CALL_PB_D12_K104,CALL_PB_D12_K108,CALL_PB_D12_K112,CALL_PB_D24_K100,CALL_PB_D24_K102,CALL_PB_D24_K104,CALL_PB_D24_K108,CALL_PB_D24_K116,CALL_PB_D24_K124,CALL_PM_D12_K100,CALL_PM_D12_K101,CALL_PM_D12_K102,CALL_PM_D12_K104,CALL_PM_D12_K108,CALL_PM_D12_K112,CALL_PM_D24_K100,CALL_PM_D24_K102,CALL_PM_D24_K104,CALL_PM_D24_K108,CALL_PM_D24_K116,CALL_PM_D24_K124,CALL_AG_D12_K100,CALL_AG_D12_K101,CALL_AG_D12_K102,CALL_AG_D12_K104,CALL_AG_D12_K108,CALL_AG_D12_K112,CALL_AG_D24_K100,CALL_AG_D24_K102,CALL_AG_D24_K104,CALL_AG_D24_K108,CALL_AG_D24_K116,CALL_AG_D24_K124,CALL_AB_D12_K100,CALL_AB_D12_K101,CALL_AB_D12_K102,CALL_AB_D12_K104,CALL_AB_D12_K108,CALL_AB_D12_K112,CALL_AB_D24_K100,CALL_AB_D24_K102,CALL_AB_D24_K104,CALL_AB_D24_K108,CALL_AB_D24_K116,CALL_AB_D24_K124,CALL_AQ_D12_K100,CALL_AQ_D12_K101,CALL_AQ_D12_K102,CALL_AQ_D12_K104,CALL_AQ_D12_K108,CALL_AQ_D12_K112,CALL_AQ_D24_K100,CALL_AQ_D24_K102,CALL_AQ_D24_K104,CALL_AQ_D24_K108,CALL_AQ_D24_K116,CALL_AQ_D24_K124,CALL_LM_D12_K100,CALL_LM_D12_K101,CALL_LM_D12_K102,CALL_LM_D12_K104,CALL_LM_D12_K108,CALL_LM_D12_K112,CALL_LM_D24_K100,CALL_LM_D24_K102,CALL_LM_D24_K104,CALL_LM_D24_K108,CALL_LM_D24_K116,CALL_LM_D24_K124,CALL_EF_D12_K100,CALL_EF_D12_K101,CALL_EF_D12_K102,CALL_EF_D12_K104,CALL_EF_D12_K108,CALL_EF_D12_K112,CALL_RS_D12_K100,CALL_RS_D12_K101,CALL_RS_D12_K102,CALL_RS_D12_K104,CALL_RS_D12_K108,CALL_RS_D12_K112,Swap_12,Swap_24,Swap_36,Swap_60,Swap_84,Swap_120,Swap_180,Swap_360,Swap_ITM_12,Swap_ITM_24,Swap_ITM_36,Swap_ITM_60,Swap_ITM_84,Swap_ITM_120,Swap_ITM_180,Swap_ITM_360,Govt_24,Govt_36,Govt_60,Govt_84,Govt_120,Govt_180,Govt_240,Govt_360,CALL_ML_D12_K116,CALL_ML_D12_K124,CALL_PM_D12_K116,CALL_PM_D12_K124,CALL_PM_D24_K132,CALL_PM_D24_K148,DF_Income,DF_Growth,CALL_DF_D12_K100,CALL_DF_D12_K101,CALL_DF_D12_K102,CALL_DF_D12_K104,CALL_DF_D12_K108,CALL_DF_D12_K112,CALL_DF_D24_K100,CALL_DF_D24_K102,CALL_DF_D24_K104,CALL_DF_D24_K108,CALL_DF_D24_K116,CALL_DF_D24_K124,CALL_SP_D12_K116,CALL_SP_D12_K124,CALL_EF_D12_K116,CALL_EF_D12_K124,CALL_RS_D12_K116,CALL_RS_D12_K124,BINY_SP_D12_K100,BINY_ND_D12_K100,CALL_IN_D12_K100,CALL_IN_D12_K101,CALL_IN_D12_K102,CALL_IN_D12_K104,CALL_IN_D12_K108,CALL_IN_D12_K112,CALL_IN_D12_K118,CALL_IN_D12_K124,IN_Income,IN_Growth,CALL_SP_D60_K100,CALL_SP_D60_K105,CALL_SP_D60_K110,CALL_SP_D60_K120,CALL_SP_D60_K130,CALL_SP_D60_K140,CALL_SP_D60_K150,CALL_SP_D60_K160,CALL_SP_D60_K170,SP15_Income,SP15_Growth,BINYPT_SP15_D60_K100
2021,7,0,0,0,0,0,0,0,0,0,0,0,0,0,0,0,0,0,0,0,0,0,0.0491843,0,0,0.037561754,0.049614366,0.083870085,0.077135227,0.070596214,0.058138527,0.036263554,0.019596357,0.129405933,0.116816822,0.104776083,0.082489237,0.04603005,0.021675716,0.100074009,0.093866796,0.087828883,0.076289338,0.055584058,0.038202154,0.038887584,0.032546647,0.026844042,0.017456892,0.006050208,0.00163312,0.062789894,0.04980256,0.038555914,0.021341791,0.004694036,0.000632961,0.021303787,0.017045649,0.013445614,0.008009465,0.002414834,0.000568801,0.029071042,0.02133203,0.015194594,0.007085376,0.001082948,0.0001057,0.055045535,0.048709028,0.042826147,0.032425351,0.017046191,0.008032572,0.089746763,0.076711355,0.064863549,0.044830843,0.018749862,0.006489477,0.019723224,0.015588724,0.01209293,0.006936222,0.001865675,0.000359811,0.025678306,0.018251399,0.012510482,0.005373361,0.000602463,2.40E-05,0.021064388,0.016848901,0.013282135,0.007875922,0.002290989,0.000466818,0.027976651,0.020304025,0.014284111,0.006377273,0.000888998,7.43E-05,0.021532135,0.017313875,0.013719645,0.008242046,0.002386725,0.00049905,0.028372407,0.020693694,0.014612463,0.006655468,0.000994937,8.66E-05,0.045235335,0.038447386,0.032259018,0.021880908,0.00846888,0.002667821,0.074292166,0.060350961,0.047901163,0.028061926,0.007071237,0.001254361,0.06486065,0.058684056,0.052780125,0.04181608,0.02371429,0.011222007,0.100536405,0.094774604,0.089176946,0.078545836,0.059435438,0.043227414,0.039297958,0.036038801,0.035201719,0.03542062,0.036555558,0.038579846,0.041402136,0.042072262,0.039297939,0.036038841,0.035201708,0.03542063,0.03655557,0.038579843,0.041402143,0.042072262,0.035661756,0.03542134,0.036542002,0.038171166,0.040560601,0.044597172,0.047085194,0.047240448,0.0003451,1.69E-05,0.003357131,0.000386626,0.00196537,0.000115014,0,0,0.021614254,0.017250162,0.013547888,0.007879431,0.002197959,0.000459693,0.029783399,0.021642483,0.015288809,0.006955225,0.001014852,0.000101522,0.008804002,0.001234082,0.004182763,0.000286104,0.030017631,0.012383555,0.70967865,0.6408081,0.065535923,0.061112915,0.056915866,0.049169094,0.036175806,0.026140573,0.018598547,0.008951893,0,0,0.23882395,0.21556596,0.19373657,0.15409498,0.11915794,0.090251458,0.066422705,0.047975309,0.034054699,0,0,0.005
2021,8,0,0,0,0,0,0,0,0,0,0,0,0,0,0,0,0,0,0,0,0,0,0.0491843,0,0,0.037561754,0.049614366,0.083870085,0.077135227,0.070596214,0.058138527,0.036263554,0.019596357,0.129405933,0.116816822,0.104776083,0.082489237,0.04603005,0.021675716,0.100074009,0.093866796,0.087828883,0.076289338,0.055584058,0.038202154,0.038887584,0.032546647,0.026844042,0.017456892,0.006050208,0.00163312,0.062789894,0.04980256,0.038555914,0.021341791,0.004694036,0.000632961,0.021303787,0.017045649,0.013445614,0.008009465,0.002414834,0.000568801,0.029071042,0.02133203,0.015194594,0.007085376,0.001082948,0.0001057,0.055045535,0.048709028,0.042826147,0.032425351,0.017046191,0.008032572,0.089746763,0.076711355,0.064863549,0.044830843,0.018749862,0.006489477,0.019723224,0.015588724,0.01209293,0.006936222,0.001865675,0.000359811,0.025678306,0.018251399,0.012510482,0.005373361,0.000602463,2.40E-05,0.021064388,0.016848901,0.013282135,0.007875922,0.002290989,0.000466818,0.027976651,0.020304025,0.014284111,0.006377273,0.000888998,7.43E-05,0.021532135,0.017313875,0.013719645,0.008242046,0.002386725,0.00049905,0.028372407,0.020693694,0.014612463,0.006655468,0.000994937,8.66E-05,0.045235335,0.038447386,0.032259018,0.021880908,0.00846888,0.002667821,0.074292166,0.060350961,0.047901163,0.028061926,0.007071237,0.001254361,0.06486065,0.058684056,0.052780125,0.04181608,0.02371429,0.011222007,0.100536405,0.094774604,0.089176946,0.078545836,0.059435438,0.043227414,0.039297958,0.036038801,0.035201719,0.03542062,0.036555558,0.038579846,0.041402136,0.042072262,0.039297939,0.036038841,0.035201708,0.03542063,0.03655557,0.038579843,0.041402143,0.042072262,0.035661756,0.03542134,0.036542002,0.038171166,0.040560601,0.044597172,0.047085194,0.047240448,0.0003451,1.69E-05,0.003357131,0.000386626,0.00196537,0.000115014,0,0,0.021614254,0.017250162,0.013547888,0.007879431,0.002197959,0.000459693,0.029783399,0.021642483,0.015288809,0.006955225,0.001014852,0.000101522,0.008804002,0.001234082,0.004182763,0.000286104,0.030017631,0.012383555,0.70967865,0.6408081,0.065535923,0.061112915,0.056915866,0.049169094,0.036175806,0.026140573,0.018598547,0.008951893,0,0,0.23882395,0.21556596,0.19373657,0.15409498,0.11915794,0.090251458,0.066422705,0.047975309,0.034054699,0,0,0.005
2021,9,0,0,0,0,0,0,0,0,0,0,0,0,0,0,0,0,0,0,0,0,0,0.0491843,0,0,0.037561754,0.049614366,0.083870085,0.077135227,0.070596214,0.058138527,0.036263554,0.019596357,0.129405933,0.116816822,0.104776083,0.082489237,0.04603005,0.021675716,0.100074009,0.093866796,0.087828883,0.076289338,0.055584058,0.038202154,0.038887584,0.032546647,0.026844042,0.017456892,0.006050208,0.00163312,0.062789894,0.04980256,0.038555914,0.021341791,0.004694036,0.000632961,0.021303787,0.017045649,0.013445614,0.008009465,0.002414834,0.000568801,0.029071042,0.02133203,0.015194594,0.007085376,0.001082948,0.0001057,0.055045535,0.048709028,0.042826147,0.032425351,0.017046191,0.008032572,0.089746763,0.076711355,0.064863549,0.044830843,0.018749862,0.006489477,0.019723224,0.015588724,0.01209293,0.006936222,0.001865675,0.000359811,0.025678306,0.018251399,0.012510482,0.005373361,0.000602463,2.40E-05,0.021064388,0.016848901,0.013282135,0.007875922,0.002290989,0.000466818,0.027976651,0.020304025,0.014284111,0.006377273,0.000888998,7.43E-05,0.021532135,0.017313875,0.013719645,0.008242046,0.002386725,0.00049905,0.028372407,0.020693694,0.014612463,0.006655468,0.000994937,8.66E-05,0.045235335,0.038447386,0.032259018,0.021880908,0.00846888,0.002667821,0.074292166,0.060350961,0.047901163,0.028061926,0.007071237,0.001254361,0.06486065,0.058684056,0.052780125,0.04181608,0.02371429,0.011222007,0.100536405,0.094774604,0.089176946,0.078545836,0.059435438,0.043227414,0.039297958,0.036038801,0.035201719,0.03542062,0.036555558,0.038579846,0.041402136,0.042072262,0.039297939,0.036038841,0.035201708,0.03542063,0.03655557,0.038579843,0.041402143,0.042072262,0.035661756,0.03542134,0.036542002,0.038171166,0.040560601,0.044597172,0.047085194,0.047240448,0.0003451,1.69E-05,0.003357131,0.000386626,0.00196537,0.000115014,0,0,0.021614254,0.017250162,0.013547888,0.007879431,0.002197959,0.000459693,0.029783399,0.021642483,0.015288809,0.006955225,0.001014852,0.000101522,0.008804002,0.001234082,0.004182763,0.000286104,0.030017631,0.012383555,0.70967865,0.6408081,0.065535923,0.061112915,0.056915866,0.049169094,0.036175806,0.026140573,0.018598547,0.008951893,0,0,0.23882395,0.21556596,0.19373657,0.15409498,0.11915794,0.090251458,0.066422705,0.047975309,0.034054699,0,0,0.005
2021,10,0,0,0,0,0,0,0,0,0,0,0,0,0,0,0,0,0,0,0,0,0,0.0491843,0,0,0.037561754,0.049614366,0.083870085,0.077135227,0.070596214,0.058138527,0.036263554,0.019596357,0.129405933,0.116816822,0.104776083,0.082489237,0.04603005,0.021675716,0.100074009,0.093866796,0.087828883,0.076289338,0.055584058,0.038202154,0.038887584,0.032546647,0.026844042,0.017456892,0.006050208,0.00163312,0.062789894,0.04980256,0.038555914,0.021341791,0.004694036,0.000632961,0.021303787,0.017045649,0.013445614,0.008009465,0.002414834,0.000568801,0.029071042,0.02133203,0.015194594,0.007085376,0.001082948,0.0001057,0.055045535,0.048709028,0.042826147,0.032425351,0.017046191,0.008032572,0.089746763,0.076711355,0.064863549,0.044830843,0.018749862,0.006489477,0.019723224,0.015588724,0.01209293,0.006936222,0.001865675,0.000359811,0.025678306,0.018251399,0.012510482,0.005373361,0.000602463,2.40E-05,0.021064388,0.016848901,0.013282135,0.007875922,0.002290989,0.000466818,0.027976651,0.020304025,0.014284111,0.006377273,0.000888998,7.43E-05,0.021532135,0.017313875,0.013719645,0.008242046,0.002386725,0.00049905,0.028372407,0.020693694,0.014612463,0.006655468,0.000994937,8.66E-05,0.045235335,0.038447386,0.032259018,0.021880908,0.00846888,0.002667821,0.074292166,0.060350961,0.047901163,0.028061926,0.007071237,0.001254361,0.06486065,0.058684056,0.052780125,0.04181608,0.02371429,0.011222007,0.100536405,0.094774604,0.089176946,0.078545836,0.059435438,0.043227414,0.039297958,0.036038801,0.035201719,0.03542062,0.036555558,0.038579846,0.041402136,0.042072262,0.039297939,0.036038841,0.035201708,0.03542063,0.03655557,0.038579843,0.041402143,0.042072262,0.035661756,0.03542134,0.036542002,0.038171166,0.040560601,0.044597172,0.047085194,0.047240448,0.0003451,1.69E-05,0.003357131,0.000386626,0.00196537,0.000115014,0,0,0.021614254,0.017250162,0.013547888,0.007879431,0.002197959,0.000459693,0.029783399,0.021642483,0.015288809,0.006955225,0.001014852,0.000101522,0.008804002,0.001234082,0.004182763,0.000286104,0.030017631,0.012383555,0.70967865,0.6408081,0.065535923,0.061112915,0.056915866,0.049169094,0.036175806,0.026140573,0.018598547,0.008951893,0,0,0.23882395,0.21556596,0.19373657,0.15409498,0.11915794,0.090251458,0.066422705,0.047975309,0.034054699,0,0,0.005
2021,11,0,0,0,0,0,0,0,0,0,0,0,0,0,0,0,0,0,0,0,0,0,0.0491843,0,0,0.037561754,0.049614366,0.083870085,0.077135227,0.070596214,0.058138527,0.036263554,0.019596357,0.129405933,0.116816822,0.104776083,0.082489237,0.04603005,0.021675716,0.100074009,0.093866796,0.087828883,0.076289338,0.055584058,0.038202154,0.038887584,0.032546647,0.026844042,0.017456892,0.006050208,0.00163312,0.062789894,0.04980256,0.038555914,0.021341791,0.004694036,0.000632961,0.021303787,0.017045649,0.013445614,0.008009465,0.002414834,0.000568801,0.029071042,0.02133203,0.015194594,0.007085376,0.001082948,0.0001057,0.055045535,0.048709028,0.042826147,0.032425351,0.017046191,0.008032572,0.089746763,0.076711355,0.064863549,0.044830843,0.018749862,0.006489477,0.019723224,0.015588724,0.01209293,0.006936222,0.001865675,0.000359811,0.025678306,0.018251399,0.012510482,0.005373361,0.000602463,2.40E-05,0.021064388,0.016848901,0.013282135,0.007875922,0.002290989,0.000466818,0.027976651,0.020304025,0.014284111,0.006377273,0.000888998,7.43E-05,0.021532135,0.017313875,0.013719645,0.008242046,0.002386725,0.00049905,0.028372407,0.020693694,0.014612463,0.006655468,0.000994937,8.66E-05,0.045235335,0.038447386,0.032259018,0.021880908,0.00846888,0.002667821,0.074292166,0.060350961,0.047901163,0.028061926,0.007071237,0.001254361,0.06486065,0.058684056,0.052780125,0.04181608,0.02371429,0.011222007,0.100536405,0.094774604,0.089176946,0.078545836,0.059435438,0.043227414,0.039297958,0.036038801,0.035201719,0.03542062,0.036555558,0.038579846,0.041402136,0.042072262,0.039297939,0.036038841,0.035201708,0.03542063,0.03655557,0.038579843,0.041402143,0.042072262,0.035661756,0.03542134,0.036542002,0.038171166,0.040560601,0.044597172,0.047085194,0.047240448,0.0003451,1.69E-05,0.003357131,0.000386626,0.00196537,0.000115014,0,0,0.021614254,0.017250162,0.013547888,0.007879431,0.002197959,0.000459693,0.029783399,0.021642483,0.015288809,0.006955225,0.001014852,0.000101522,0.008804002,0.001234082,0.004182763,0.000286104,0.030017631,0.012383555,0.70967865,0.6408081,0.065535923,0.061112915,0.056915866,0.049169094,0.036175806,0.026140573,0.018598547,0.008951893,0,0,0.23882395,0.21556596,0.19373657,0.15409498,0.11915794,0.090251458,0.066422705,0.047975309,0.034054699,0,0,0.005
2021,12,0,0,0,0,0,0,0,0,0,0,0,0,0,0,0,0,0,0,0,0,0,0.0491843,0,0,0.037561754,0.049614366,0.083870085,0.077135227,0.070596214,0.058138527,0.036263554,0.019596357,0.129405933,0.116816822,0.104776083,0.082489237,0.04603005,0.021675716,0.100074009,0.093866796,0.087828883,0.076289338,0.055584058,0.038202154,0.038887584,0.032546647,0.026844042,0.017456892,0.006050208,0.00163312,0.062789894,0.04980256,0.038555914,0.021341791,0.004694036,0.000632961,0.021303787,0.017045649,0.013445614,0.008009465,0.002414834,0.000568801,0.029071042,0.02133203,0.015194594,0.007085376,0.001082948,0.0001057,0.055045535,0.048709028,0.042826147,0.032425351,0.017046191,0.008032572,0.089746763,0.076711355,0.064863549,0.044830843,0.018749862,0.006489477,0.019723224,0.015588724,0.01209293,0.006936222,0.001865675,0.000359811,0.025678306,0.018251399,0.012510482,0.005373361,0.000602463,2.40E-05,0.021064388,0.016848901,0.013282135,0.007875922,0.002290989,0.000466818,0.027976651,0.020304025,0.014284111,0.006377273,0.000888998,7.43E-05,0.021532135,0.017313875,0.013719645,0.008242046,0.002386725,0.00049905,0.028372407,0.020693694,0.014612463,0.006655468,0.000994937,8.66E-05,0.045235335,0.038447386,0.032259018,0.021880908,0.00846888,0.002667821,0.074292166,0.060350961,0.047901163,0.028061926,0.007071237,0.001254361,0.06486065,0.058684056,0.052780125,0.04181608,0.02371429,0.011222007,0.100536405,0.094774604,0.089176946,0.078545836,0.059435438,0.043227414,0.039297958,0.036038801,0.035201719,0.03542062,0.036555558,0.038579846,0.041402136,0.042072262,0.039297939,0.036038841,0.035201708,0.03542063,0.03655557,0.038579843,0.041402143,0.042072262,0.035661756,0.03542134,0.036542002,0.038171166,0.040560601,0.044597172,0.047085194,0.047240448,0.0003451,1.69E-05,0.003357131,0.000386626,0.00196537,0.000115014,0,0,0.021614254,0.017250162,0.013547888,0.007879431,0.002197959,0.000459693,0.029783399,0.021642483,0.015288809,0.006955225,0.001014852,0.000101522,0.008804002,0.001234082,0.004182763,0.000286104,0.030017631,0.012383555,0.70967865,0.6408081,0.065535923,0.061112915,0.056915866,0.049169094,0.036175806,0.026140573,0.018598547,0.008951893,0,0,0.23882395,0.21556596,0.19373657,0.15409498,0.11915794,0.090251458,0.066422705,0.047975309,0.034054699,0,0,0.005
2022,1,0,0,0,0,0,0,0,0,0,0,0,0,0,0,0,0,0,0,0,0,0,0.0491843,0,0,0.037561754,0.049614366,0.083870085,0.077135227,0.070596214,0.058138527,0.036263554,0.019596357,0.129405933,0.116816822,0.104776083,0.082489237,0.04603005,0.021675716,0.100074009,0.093866796,0.087828883,0.076289338,0.055584058,0.038202154,0.038887584,0.032546647,0.026844042,0.017456892,0.006050208,0.00163312,0.062789894,0.04980256,0.038555914,0.021341791,0.004694036,0.000632961,0.021303787,0.017045649,0.013445614,0.008009465,0.002414834,0.000568801,0.029071042,0.02133203,0.015194594,0.007085376,0.001082948,0.0001057,0.055045535,0.048709028,0.042826147,0.032425351,0.017046191,0.008032572,0.089746763,0.076711355,0.064863549,0.044830843,0.018749862,0.006489477,0.019723224,0.015588724,0.01209293,0.006936222,0.001865675,0.000359811,0.025678306,0.018251399,0.012510482,0.005373361,0.000602463,2.40E-05,0.021064388,0.016848901,0.013282135,0.007875922,0.002290989,0.000466818,0.027976651,0.020304025,0.014284111,0.006377273,0.000888998,7.43E-05,0.021532135,0.017313875,0.013719645,0.008242046,0.002386725,0.00049905,0.028372407,0.020693694,0.014612463,0.006655468,0.000994937,8.66E-05,0.045235335,0.038447386,0.032259018,0.021880908,0.00846888,0.002667821,0.074292166,0.060350961,0.047901163,0.028061926,0.007071237,0.001254361,0.06486065,0.058684056,0.052780125,0.04181608,0.02371429,0.011222007,0.100536405,0.094774604,0.089176946,0.078545836,0.059435438,0.043227414,0.039297958,0.036038801,0.035201719,0.03542062,0.036555558,0.038579846,0.041402136,0.042072262,0.039297939,0.036038841,0.035201708,0.03542063,0.03655557,0.038579843,0.041402143,0.042072262,0.035661756,0.03542134,0.036542002,0.038171166,0.040560601,0.044597172,0.047085194,0.047240448,0.0003451,1.69E-05,0.003357131,0.000386626,0.00196537,0.000115014,0,0,0.021614254,0.017250162,0.013547888,0.007879431,0.002197959,0.000459693,0.029783399,0.021642483,0.015288809,0.006955225,0.001014852,0.000101522,0.008804002,0.001234082,0.004182763,0.000286104,0.030017631,0.012383555,0.70967865,0.6408081,0.065535923,0.061112915,0.056915866,0.049169094,0.036175806,0.026140573,0.018598547,0.008951893,0,0,0.23882395,0.21556596,0.19373657,0.15409498,0.11915794,0.090251458,0.066422705,0.047975309,0.034054699,0,0,0.005
2022,2,0,0,0,0,0,0,0,0,0,0,0,0,0,0,0,0,0,0,0,0,0,0.0491843,0,0,0.037561754,0.049614366,0.083870085,0.077135227,0.070596214,0.058138527,0.036263554,0.019596357,0.129405933,0.116816822,0.104776083,0.082489237,0.04603005,0.021675716,0.100074009,0.093866796,0.087828883,0.076289338,0.055584058,0.038202154,0.038887584,0.032546647,0.026844042,0.017456892,0.006050208,0.00163312,0.062789894,0.04980256,0.038555914,0.021341791,0.004694036,0.000632961,0.021303787,0.017045649,0.013445614,0.008009465,0.002414834,0.000568801,0.029071042,0.02133203,0.015194594,0.007085376,0.001082948,0.0001057,0.055045535,0.048709028,0.042826147,0.032425351,0.017046191,0.008032572,0.089746763,0.076711355,0.064863549,0.044830843,0.018749862,0.006489477,0.019723224,0.015588724,0.01209293,0.006936222,0.001865675,0.000359811,0.025678306,0.018251399,0.012510482,0.005373361,0.000602463,2.40E-05,0.021064388,0.016848901,0.013282135,0.007875922,0.002290989,0.000466818,0.027976651,0.020304025,0.014284111,0.006377273,0.000888998,7.43E-05,0.021532135,0.017313875,0.013719645,0.008242046,0.002386725,0.00049905,0.028372407,0.020693694,0.014612463,0.006655468,0.000994937,8.66E-05,0.045235335,0.038447386,0.032259018,0.021880908,0.00846888,0.002667821,0.074292166,0.060350961,0.047901163,0.028061926,0.007071237,0.001254361,0.06486065,0.058684056,0.052780125,0.04181608,0.02371429,0.011222007,0.100536405,0.094774604,0.089176946,0.078545836,0.059435438,0.043227414,0.039297958,0.036038801,0.035201719,0.03542062,0.036555558,0.038579846,0.041402136,0.042072262,0.039297939,0.036038841,0.035201708,0.03542063,0.03655557,0.038579843,0.041402143,0.042072262,0.035661756,0.03542134,0.036542002,0.038171166,0.040560601,0.044597172,0.047085194,0.047240448,0.0003451,1.69E-05,0.003357131,0.000386626,0.00196537,0.000115014,0,0,0.021614254,0.017250162,0.013547888,0.007879431,0.002197959,0.000459693,0.029783399,0.021642483,0.015288809,0.006955225,0.001014852,0.000101522,0.008804002,0.001234082,0.004182763,0.000286104,0.030017631,0.012383555,0.70967865,0.6408081,0.065535923,0.061112915,0.056915866,0.049169094,0.036175806,0.026140573,0.018598547,0.008951893,0,0,0.23882395,0.21556596,0.19373657,0.15409498,0.11915794,0.090251458,0.066422705,0.047975309,0.034054699,0,0,0.005
2022,3,0,0,0,0,0,0,0,0,0,0,0,0,0,0,0,0,0,0,0,0,0,0.0491843,0,0,0.037561754,0.049614366,0.083870085,0.077135227,0.070596214,0.058138527,0.036263554,0.019596357,0.129405933,0.116816822,0.104776083,0.082489237,0.04603005,0.021675716,0.100074009,0.093866796,0.087828883,0.076289338,0.055584058,0.038202154,0.038887584,0.032546647,0.026844042,0.017456892,0.006050208,0.00163312,0.062789894,0.04980256,0.038555914,0.021341791,0.004694036,0.000632961,0.021303787,0.017045649,0.013445614,0.008009465,0.002414834,0.000568801,0.029071042,0.02133203,0.015194594,0.007085376,0.001082948,0.0001057,0.055045535,0.048709028,0.042826147,0.032425351,0.017046191,0.008032572,0.089746763,0.076711355,0.064863549,0.044830843,0.018749862,0.006489477,0.019723224,0.015588724,0.01209293,0.006936222,0.001865675,0.000359811,0.025678306,0.018251399,0.012510482,0.005373361,0.000602463,2.40E-05,0.021064388,0.016848901,0.013282135,0.007875922,0.002290989,0.000466818,0.027976651,0.020304025,0.014284111,0.006377273,0.000888998,7.43E-05,0.021532135,0.017313875,0.013719645,0.008242046,0.002386725,0.00049905,0.028372407,0.020693694,0.014612463,0.006655468,0.000994937,8.66E-05,0.045235335,0.038447386,0.032259018,0.021880908,0.00846888,0.002667821,0.074292166,0.060350961,0.047901163,0.028061926,0.007071237,0.001254361,0.06486065,0.058684056,0.052780125,0.04181608,0.02371429,0.011222007,0.100536405,0.094774604,0.089176946,0.078545836,0.059435438,0.043227414,0.039297958,0.036038801,0.035201719,0.03542062,0.036555558,0.038579846,0.041402136,0.042072262,0.039297939,0.036038841,0.035201708,0.03542063,0.03655557,0.038579843,0.041402143,0.042072262,0.035661756,0.03542134,0.036542002,0.038171166,0.040560601,0.044597172,0.047085194,0.047240448,0.0003451,1.69E-05,0.003357131,0.000386626,0.00196537,0.000115014,0,0,0.021614254,0.017250162,0.013547888,0.007879431,0.002197959,0.000459693,0.029783399,0.021642483,0.015288809,0.006955225,0.001014852,0.000101522,0.008804002,0.001234082,0.004182763,0.000286104,0.030017631,0.012383555,0.70967865,0.6408081,0.065535923,0.061112915,0.056915866,0.049169094,0.036175806,0.026140573,0.018598547,0.008951893,0,0,0.23882395,0.21556596,0.19373657,0.15409498,0.11915794,0.090251458,0.066422705,0.047975309,0.034054699,0,0,0.005
2022,4,0,0,0,0,0,0,0,0,0,0,0,0,0,0,0,0,0,0,0,0,0,0.0491843,0,0,0.037561754,0.049614366,0.083870085,0.077135227,0.070596214,0.058138527,0.036263554,0.019596357,0.129405933,0.116816822,0.104776083,0.082489237,0.04603005,0.021675716,0.100074009,0.093866796,0.087828883,0.076289338,0.055584058,0.038202154,0.038887584,0.032546647,0.026844042,0.017456892,0.006050208,0.00163312,0.062789894,0.04980256,0.038555914,0.021341791,0.004694036,0.000632961,0.021303787,0.017045649,0.013445614,0.008009465,0.002414834,0.000568801,0.029071042,0.02133203,0.015194594,0.007085376,0.001082948,0.0001057,0.055045535,0.048709028,0.042826147,0.032425351,0.017046191,0.008032572,0.089746763,0.076711355,0.064863549,0.044830843,0.018749862,0.006489477,0.019723224,0.015588724,0.01209293,0.006936222,0.001865675,0.000359811,0.025678306,0.018251399,0.012510482,0.005373361,0.000602463,2.40E-05,0.021064388,0.016848901,0.013282135,0.007875922,0.002290989,0.000466818,0.027976651,0.020304025,0.014284111,0.006377273,0.000888998,7.43E-05,0.021532135,0.017313875,0.013719645,0.008242046,0.002386725,0.00049905,0.028372407,0.020693694,0.014612463,0.006655468,0.000994937,8.66E-05,0.045235335,0.038447386,0.032259018,0.021880908,0.00846888,0.002667821,0.074292166,0.060350961,0.047901163,0.028061926,0.007071237,0.001254361,0.06486065,0.058684056,0.052780125,0.04181608,0.02371429,0.011222007,0.100536405,0.094774604,0.089176946,0.078545836,0.059435438,0.043227414,0.039297958,0.036038801,0.035201719,0.03542062,0.036555558,0.038579846,0.041402136,0.042072262,0.039297939,0.036038841,0.035201708,0.03542063,0.03655557,0.038579843,0.041402143,0.042072262,0.035661756,0.03542134,0.036542002,0.038171166,0.040560601,0.044597172,0.047085194,0.047240448,0.0003451,1.69E-05,0.003357131,0.000386626,0.00196537,0.000115014,0,0,0.021614254,0.017250162,0.013547888,0.007879431,0.002197959,0.000459693,0.029783399,0.021642483,0.015288809,0.006955225,0.001014852,0.000101522,0.008804002,0.001234082,0.004182763,0.000286104,0.030017631,0.012383555,0.70967865,0.6408081,0.065535923,0.061112915,0.056915866,0.049169094,0.036175806,0.026140573,0.018598547,0.008951893,0,0,0.23882395,0.21556596,0.19373657,0.15409498,0.11915794,0.090251458,0.066422705,0.047975309,0.034054699,0,0,0.005
2022,5,0,0,0,0,0,0,0,0,0,0,0,0,0,0,0,0,0,0,0,0,0,0.0491843,0,0,0.037561754,0.049614366,0.083870085,0.077135227,0.070596214,0.058138527,0.036263554,0.019596357,0.129405933,0.116816822,0.104776083,0.082489237,0.04603005,0.021675716,0.100074009,0.093866796,0.087828883,0.076289338,0.055584058,0.038202154,0.038887584,0.032546647,0.026844042,0.017456892,0.006050208,0.00163312,0.062789894,0.04980256,0.038555914,0.021341791,0.004694036,0.000632961,0.021303787,0.017045649,0.013445614,0.008009465,0.002414834,0.000568801,0.029071042,0.02133203,0.015194594,0.007085376,0.001082948,0.0001057,0.055045535,0.048709028,0.042826147,0.032425351,0.017046191,0.008032572,0.089746763,0.076711355,0.064863549,0.044830843,0.018749862,0.006489477,0.019723224,0.015588724,0.01209293,0.006936222,0.001865675,0.000359811,0.025678306,0.018251399,0.012510482,0.005373361,0.000602463,2.40E-05,0.021064388,0.016848901,0.013282135,0.007875922,0.002290989,0.000466818,0.027976651,0.020304025,0.014284111,0.006377273,0.000888998,7.43E-05,0.021532135,0.017313875,0.013719645,0.008242046,0.002386725,0.00049905,0.028372407,0.020693694,0.014612463,0.006655468,0.000994937,8.66E-05,0.045235335,0.038447386,0.032259018,0.021880908,0.00846888,0.002667821,0.074292166,0.060350961,0.047901163,0.028061926,0.007071237,0.001254361,0.06486065,0.058684056,0.052780125,0.04181608,0.02371429,0.011222007,0.100536405,0.094774604,0.089176946,0.078545836,0.059435438,0.043227414,0.039297958,0.036038801,0.035201719,0.03542062,0.036555558,0.038579846,0.041402136,0.042072262,0.039297939,0.036038841,0.035201708,0.03542063,0.03655557,0.038579843,0.041402143,0.042072262,0.035661756,0.03542134,0.036542002,0.038171166,0.040560601,0.044597172,0.047085194,0.047240448,0.0003451,1.69E-05,0.003357131,0.000386626,0.00196537,0.000115014,0,0,0.021614254,0.017250162,0.013547888,0.007879431,0.002197959,0.000459693,0.029783399,0.021642483,0.015288809,0.006955225,0.001014852,0.000101522,0.008804002,0.001234082,0.004182763,0.000286104,0.030017631,0.012383555,0.70967865,0.6408081,0.065535923,0.061112915,0.056915866,0.049169094,0.036175806,0.026140573,0.018598547,0.008951893,0,0,0.23882395,0.21556596,0.19373657,0.15409498,0.11915794,0.090251458,0.066422705,0.047975309,0.034054699,0,0,0.005
2022,6,0,0,0,0,0,0,0,0,0,0,0,0,0,0,0,0,0,0,0,0,0,0.0491843,0,0,0.037561754,0.049614366,0.083870085,0.077135227,0.070596214,0.058138527,0.036263554,0.019596357,0.129405933,0.116816822,0.104776083,0.082489237,0.04603005,0.021675716,0.100074009,0.093866796,0.087828883,0.076289338,0.055584058,0.038202154,0.038887584,0.032546647,0.026844042,0.017456892,0.006050208,0.00163312,0.062789894,0.04980256,0.038555914,0.021341791,0.004694036,0.000632961,0.021303787,0.017045649,0.013445614,0.008009465,0.002414834,0.000568801,0.029071042,0.02133203,0.015194594,0.007085376,0.001082948,0.0001057,0.055045535,0.048709028,0.042826147,0.032425351,0.017046191,0.008032572,0.089746763,0.076711355,0.064863549,0.044830843,0.018749862,0.006489477,0.019723224,0.015588724,0.01209293,0.006936222,0.001865675,0.000359811,0.025678306,0.018251399,0.012510482,0.005373361,0.000602463,2.40E-05,0.021064388,0.016848901,0.013282135,0.007875922,0.002290989,0.000466818,0.027976651,0.020304025,0.014284111,0.006377273,0.000888998,7.43E-05,0.021532135,0.017313875,0.013719645,0.008242046,0.002386725,0.00049905,0.028372407,0.020693694,0.014612463,0.006655468,0.000994937,8.66E-05,0.045235335,0.038447386,0.032259018,0.021880908,0.00846888,0.002667821,0.074292166,0.060350961,0.047901163,0.028061926,0.007071237,0.001254361,0.06486065,0.058684056,0.052780125,0.04181608,0.02371429,0.011222007,0.100536405,0.094774604,0.089176946,0.078545836,0.059435438,0.043227414,0.039297958,0.036038801,0.035201719,0.03542062,0.036555558,0.038579846,0.041402136,0.042072262,0.039297939,0.036038841,0.035201708,0.03542063,0.03655557,0.038579843,0.041402143,0.042072262,0.035661756,0.03542134,0.036542002,0.038171166,0.040560601,0.044597172,0.047085194,0.047240448,0.0003451,1.69E-05,0.003357131,0.000386626,0.00196537,0.000115014,0,0,0.021614254,0.017250162,0.013547888,0.007879431,0.002197959,0.000459693,0.029783399,0.021642483,0.015288809,0.006955225,0.001014852,0.000101522,0.008804002,0.001234082,0.004182763,0.000286104,0.030017631,0.012383555,0.70967865,0.6408081,0.065535923,0.061112915,0.056915866,0.049169094,0.036175806,0.026140573,0.018598547,0.008951893,0,0,0.23882395,0.21556596,0.19373657,0.15409498,0.11915794,0.090251458,0.066422705,0.047975309,0.034054699,0,0,0.005
2022,7,0,0,0,0,0,0,0,0,0,0,0,0,0,0,0,0,0,0,0,0,0,0.0491843,0,0,0.037561754,0.049614366,0.083870085,0.077135227,0.070596214,0.058138527,0.036263554,0.019596357,0.129405933,0.116816822,0.104776083,0.082489237,0.04603005,0.021675716,0.100074009,0.093866796,0.087828883,0.076289338,0.055584058,0.038202154,0.038887584,0.032546647,0.026844042,0.017456892,0.006050208,0.00163312,0.062789894,0.04980256,0.038555914,0.021341791,0.004694036,0.000632961,0.021303787,0.017045649,0.013445614,0.008009465,0.002414834,0.000568801,0.029071042,0.02133203,0.015194594,0.007085376,0.001082948,0.0001057,0.055045535,0.048709028,0.042826147,0.032425351,0.017046191,0.008032572,0.089746763,0.076711355,0.064863549,0.044830843,0.018749862,0.006489477,0.019723224,0.015588724,0.01209293,0.006936222,0.001865675,0.000359811,0.025678306,0.018251399,0.012510482,0.005373361,0.000602463,2.40E-05,0.021064388,0.016848901,0.013282135,0.007875922,0.002290989,0.000466818,0.027976651,0.020304025,0.014284111,0.006377273,0.000888998,7.43E-05,0.021532135,0.017313875,0.013719645,0.008242046,0.002386725,0.00049905,0.028372407,0.020693694,0.014612463,0.006655468,0.000994937,8.66E-05,0.045235335,0.038447386,0.032259018,0.021880908,0.00846888,0.002667821,0.074292166,0.060350961,0.047901163,0.028061926,0.007071237,0.001254361,0.06486065,0.058684056,0.052780125,0.04181608,0.02371429,0.011222007,0.100536405,0.094774604,0.089176946,0.078545836,0.059435438,0.043227414,0.039297958,0.036038801,0.035201719,0.03542062,0.036555558,0.038579846,0.041402136,0.042072262,0.039297939,0.036038841,0.035201708,0.03542063,0.03655557,0.038579843,0.041402143,0.042072262,0.035661756,0.03542134,0.036542002,0.038171166,0.040560601,0.044597172,0.047085194,0.047240448,0.0003451,1.69E-05,0.003357131,0.000386626,0.00196537,0.000115014,0,0,0.021614254,0.017250162,0.013547888,0.007879431,0.002197959,0.000459693,0.029783399,0.021642483,0.015288809,0.006955225,0.001014852,0.000101522,0.008804002,0.001234082,0.004182763,0.000286104,0.030017631,0.012383555,0.70967865,0.6408081,0.065535923,0.061112915,0.056915866,0.049169094,0.036175806,0.026140573,0.018598547,0.008951893,0,0,0.23882395,0.21556596,0.19373657,0.15409498,0.11915794,0.090251458,0.066422705,0.047975309,0.034054699,0,0,0.005
2022,8,0,0,0,0,0,0,0,0,0,0,0,0,0,0,0,0,0,0,0,0,0,0.0491843,0,0,0.037561754,0.049614366,0.083870085,0.077135227,0.070596214,0.058138527,0.036263554,0.019596357,0.129405933,0.116816822,0.104776083,0.082489237,0.04603005,0.021675716,0.100074009,0.093866796,0.087828883,0.076289338,0.055584058,0.038202154,0.038887584,0.032546647,0.026844042,0.017456892,0.006050208,0.00163312,0.062789894,0.04980256,0.038555914,0.021341791,0.004694036,0.000632961,0.021303787,0.017045649,0.013445614,0.008009465,0.002414834,0.000568801,0.029071042,0.02133203,0.015194594,0.007085376,0.001082948,0.0001057,0.055045535,0.048709028,0.042826147,0.032425351,0.017046191,0.008032572,0.089746763,0.076711355,0.064863549,0.044830843,0.018749862,0.006489477,0.019723224,0.015588724,0.01209293,0.006936222,0.001865675,0.000359811,0.025678306,0.018251399,0.012510482,0.005373361,0.000602463,2.40E-05,0.021064388,0.016848901,0.013282135,0.007875922,0.002290989,0.000466818,0.027976651,0.020304025,0.014284111,0.006377273,0.000888998,7.43E-05,0.021532135,0.017313875,0.013719645,0.008242046,0.002386725,0.00049905,0.028372407,0.020693694,0.014612463,0.006655468,0.000994937,8.66E-05,0.045235335,0.038447386,0.032259018,0.021880908,0.00846888,0.002667821,0.074292166,0.060350961,0.047901163,0.028061926,0.007071237,0.001254361,0.06486065,0.058684056,0.052780125,0.04181608,0.02371429,0.011222007,0.100536405,0.094774604,0.089176946,0.078545836,0.059435438,0.043227414,0.039297958,0.036038801,0.035201719,0.03542062,0.036555558,0.038579846,0.041402136,0.042072262,0.039297939,0.036038841,0.035201708,0.03542063,0.03655557,0.038579843,0.041402143,0.042072262,0.035661756,0.03542134,0.036542002,0.038171166,0.040560601,0.044597172,0.047085194,0.047240448,0.0003451,1.69E-05,0.003357131,0.000386626,0.00196537,0.000115014,0,0,0.021614254,0.017250162,0.013547888,0.007879431,0.002197959,0.000459693,0.029783399,0.021642483,0.015288809,0.006955225,0.001014852,0.000101522,0.008804002,0.001234082,0.004182763,0.000286104,0.030017631,0.012383555,0.70967865,0.6408081,0.065535923,0.061112915,0.056915866,0.049169094,0.036175806,0.026140573,0.018598547,0.008951893,0,0,0.23882395,0.21556596,0.19373657,0.15409498,0.11915794,0.090251458,0.066422705,0.047975309,0.034054699,0,0,0.005
2022,9,0,0,0,0,0,0,0,0,0,0,0,0,0,0,0,0,0,0,0,0,0,0.0491843,0,0,0.037561754,0.049614366,0.083870085,0.077135227,0.070596214,0.058138527,0.036263554,0.019596357,0.129405933,0.116816822,0.104776083,0.082489237,0.04603005,0.021675716,0.100074009,0.093866796,0.087828883,0.076289338,0.055584058,0.038202154,0.038887584,0.032546647,0.026844042,0.017456892,0.006050208,0.00163312,0.062789894,0.04980256,0.038555914,0.021341791,0.004694036,0.000632961,0.021303787,0.017045649,0.013445614,0.008009465,0.002414834,0.000568801,0.029071042,0.02133203,0.015194594,0.007085376,0.001082948,0.0001057,0.055045535,0.048709028,0.042826147,0.032425351,0.017046191,0.008032572,0.089746763,0.076711355,0.064863549,0.044830843,0.018749862,0.006489477,0.019723224,0.015588724,0.01209293,0.006936222,0.001865675,0.000359811,0.025678306,0.018251399,0.012510482,0.005373361,0.000602463,2.40E-05,0.021064388,0.016848901,0.013282135,0.007875922,0.002290989,0.000466818,0.027976651,0.020304025,0.014284111,0.006377273,0.000888998,7.43E-05,0.021532135,0.017313875,0.013719645,0.008242046,0.002386725,0.00049905,0.028372407,0.020693694,0.014612463,0.006655468,0.000994937,8.66E-05,0.045235335,0.038447386,0.032259018,0.021880908,0.00846888,0.002667821,0.074292166,0.060350961,0.047901163,0.028061926,0.007071237,0.001254361,0.06486065,0.058684056,0.052780125,0.04181608,0.02371429,0.011222007,0.100536405,0.094774604,0.089176946,0.078545836,0.059435438,0.043227414,0.039297958,0.036038801,0.035201719,0.03542062,0.036555558,0.038579846,0.041402136,0.042072262,0.039297939,0.036038841,0.035201708,0.03542063,0.03655557,0.038579843,0.041402143,0.042072262,0.035661756,0.03542134,0.036542002,0.038171166,0.040560601,0.044597172,0.047085194,0.047240448,0.0003451,1.69E-05,0.003357131,0.000386626,0.00196537,0.000115014,0,0,0.021614254,0.017250162,0.013547888,0.007879431,0.002197959,0.000459693,0.029783399,0.021642483,0.015288809,0.006955225,0.001014852,0.000101522,0.008804002,0.001234082,0.004182763,0.000286104,0.030017631,0.012383555,0.70967865,0.6408081,0.065535923,0.061112915,0.056915866,0.049169094,0.036175806,0.026140573,0.018598547,0.008951893,0,0,0.23882395,0.21556596,0.19373657,0.15409498,0.11915794,0.090251458,0.066422705,0.047975309,0.034054699,0,0,0.005
2022,10,0,0,0,0,0,0,0,0,0,0,0,0,0,0,0,0,0,0,0,0,0,0.0491843,0,0,0.037561754,0.049614366,0.083870085,0.077135227,0.070596214,0.058138527,0.036263554,0.019596357,0.129405933,0.116816822,0.104776083,0.082489237,0.04603005,0.021675716,0.100074009,0.093866796,0.087828883,0.076289338,0.055584058,0.038202154,0.038887584,0.032546647,0.026844042,0.017456892,0.006050208,0.00163312,0.062789894,0.04980256,0.038555914,0.021341791,0.004694036,0.000632961,0.021303787,0.017045649,0.013445614,0.008009465,0.002414834,0.000568801,0.029071042,0.02133203,0.015194594,0.007085376,0.001082948,0.0001057,0.055045535,0.048709028,0.042826147,0.032425351,0.017046191,0.008032572,0.089746763,0.076711355,0.064863549,0.044830843,0.018749862,0.006489477,0.019723224,0.015588724,0.01209293,0.006936222,0.001865675,0.000359811,0.025678306,0.018251399,0.012510482,0.005373361,0.000602463,2.40E-05,0.021064388,0.016848901,0.013282135,0.007875922,0.002290989,0.000466818,0.027976651,0.020304025,0.014284111,0.006377273,0.000888998,7.43E-05,0.021532135,0.017313875,0.013719645,0.008242046,0.002386725,0.00049905,0.028372407,0.020693694,0.014612463,0.006655468,0.000994937,8.66E-05,0.045235335,0.038447386,0.032259018,0.021880908,0.00846888,0.002667821,0.074292166,0.060350961,0.047901163,0.028061926,0.007071237,0.001254361,0.06486065,0.058684056,0.052780125,0.04181608,0.02371429,0.011222007,0.100536405,0.094774604,0.089176946,0.078545836,0.059435438,0.043227414,0.039297958,0.036038801,0.035201719,0.03542062,0.036555558,0.038579846,0.041402136,0.042072262,0.039297939,0.036038841,0.035201708,0.03542063,0.03655557,0.038579843,0.041402143,0.042072262,0.035661756,0.03542134,0.036542002,0.038171166,0.040560601,0.044597172,0.047085194,0.047240448,0.0003451,1.69E-05,0.003357131,0.000386626,0.00196537,0.000115014,0,0,0.021614254,0.017250162,0.013547888,0.007879431,0.002197959,0.000459693,0.029783399,0.021642483,0.015288809,0.006955225,0.001014852,0.000101522,0.008804002,0.001234082,0.004182763,0.000286104,0.030017631,0.012383555,0.70967865,0.6408081,0.065535923,0.061112915,0.056915866,0.049169094,0.036175806,0.026140573,0.018598547,0.008951893,0,0,0.23882395,0.21556596,0.19373657,0.15409498,0.11915794,0.090251458,0.066422705,0.047975309,0.034054699,0,0,0.005
2022,11,0,0,0,0,0,0,0,0,0,0,0,0,0,0,0,0,0,0,0,0,0,0.0491843,0,0,0.037561754,0.049614366,0.083870085,0.077135227,0.070596214,0.058138527,0.036263554,0.019596357,0.129405933,0.116816822,0.104776083,0.082489237,0.04603005,0.021675716,0.100074009,0.093866796,0.087828883,0.076289338,0.055584058,0.038202154,0.038887584,0.032546647,0.026844042,0.017456892,0.006050208,0.00163312,0.062789894,0.04980256,0.038555914,0.021341791,0.004694036,0.000632961,0.021303787,0.017045649,0.013445614,0.008009465,0.002414834,0.000568801,0.029071042,0.02133203,0.015194594,0.007085376,0.001082948,0.0001057,0.055045535,0.048709028,0.042826147,0.032425351,0.017046191,0.008032572,0.089746763,0.076711355,0.064863549,0.044830843,0.018749862,0.006489477,0.019723224,0.015588724,0.01209293,0.006936222,0.001865675,0.000359811,0.025678306,0.018251399,0.012510482,0.005373361,0.000602463,2.40E-05,0.021064388,0.016848901,0.013282135,0.007875922,0.002290989,0.000466818,0.027976651,0.020304025,0.014284111,0.006377273,0.000888998,7.43E-05,0.021532135,0.017313875,0.013719645,0.008242046,0.002386725,0.00049905,0.028372407,0.020693694,0.014612463,0.006655468,0.000994937,8.66E-05,0.045235335,0.038447386,0.032259018,0.021880908,0.00846888,0.002667821,0.074292166,0.060350961,0.047901163,0.028061926,0.007071237,0.001254361,0.06486065,0.058684056,0.052780125,0.04181608,0.02371429,0.011222007,0.100536405,0.094774604,0.089176946,0.078545836,0.059435438,0.043227414,0.039297958,0.036038801,0.035201719,0.03542062,0.036555558,0.038579846,0.041402136,0.042072262,0.039297939,0.036038841,0.035201708,0.03542063,0.03655557,0.038579843,0.041402143,0.042072262,0.035661756,0.03542134,0.036542002,0.038171166,0.040560601,0.044597172,0.047085194,0.047240448,0.0003451,1.69E-05,0.003357131,0.000386626,0.00196537,0.000115014,0,0,0.021614254,0.017250162,0.013547888,0.007879431,0.002197959,0.000459693,0.029783399,0.021642483,0.015288809,0.006955225,0.001014852,0.000101522,0.008804002,0.001234082,0.004182763,0.000286104,0.030017631,0.012383555,0.70967865,0.6408081,0.065535923,0.061112915,0.056915866,0.049169094,0.036175806,0.026140573,0.018598547,0.008951893,0,0,0.23882395,0.21556596,0.19373657,0.15409498,0.11915794,0.090251458,0.066422705,0.047975309,0.034054699,0,0,0.005
2022,12,0,0,0,0,0,0,0,0,0,0,0,0,0,0,0,0,0,0,0,0,0,0.0491843,0,0,0.037561754,0.049614366,0.083870085,0.077135227,0.070596214,0.058138527,0.036263554,0.019596357,0.129405933,0.116816822,0.104776083,0.082489237,0.04603005,0.021675716,0.100074009,0.093866796,0.087828883,0.076289338,0.055584058,0.038202154,0.038887584,0.032546647,0.026844042,0.017456892,0.006050208,0.00163312,0.062789894,0.04980256,0.038555914,0.021341791,0.004694036,0.000632961,0.021303787,0.017045649,0.013445614,0.008009465,0.002414834,0.000568801,0.029071042,0.02133203,0.015194594,0.007085376,0.001082948,0.0001057,0.055045535,0.048709028,0.042826147,0.032425351,0.017046191,0.008032572,0.089746763,0.076711355,0.064863549,0.044830843,0.018749862,0.006489477,0.019723224,0.015588724,0.01209293,0.006936222,0.001865675,0.000359811,0.025678306,0.018251399,0.012510482,0.005373361,0.000602463,2.40E-05,0.021064388,0.016848901,0.013282135,0.007875922,0.002290989,0.000466818,0.027976651,0.020304025,0.014284111,0.006377273,0.000888998,7.43E-05,0.021532135,0.017313875,0.013719645,0.008242046,0.002386725,0.00049905,0.028372407,0.020693694,0.014612463,0.006655468,0.000994937,8.66E-05,0.045235335,0.038447386,0.032259018,0.021880908,0.00846888,0.002667821,0.074292166,0.060350961,0.047901163,0.028061926,0.007071237,0.001254361,0.06486065,0.058684056,0.052780125,0.04181608,0.02371429,0.011222007,0.100536405,0.094774604,0.089176946,0.078545836,0.059435438,0.043227414,0.039297958,0.036038801,0.035201719,0.03542062,0.036555558,0.038579846,0.041402136,0.042072262,0.039297939,0.036038841,0.035201708,0.03542063,0.03655557,0.038579843,0.041402143,0.042072262,0.035661756,0.03542134,0.036542002,0.038171166,0.040560601,0.044597172,0.047085194,0.047240448,0.0003451,1.69E-05,0.003357131,0.000386626,0.00196537,0.000115014,0,0,0.021614254,0.017250162,0.013547888,0.007879431,0.002197959,0.000459693,0.029783399,0.021642483,0.015288809,0.006955225,0.001014852,0.000101522,0.008804002,0.001234082,0.004182763,0.000286104,0.030017631,0.012383555,0.70967865,0.6408081,0.065535923,0.061112915,0.056915866,0.049169094,0.036175806,0.026140573,0.018598547,0.008951893,0,0,0.23882395,0.21556596,0.19373657,0.15409498,0.11915794,0.090251458,0.066422705,0.047975309,0.034054699,0,0,0.005
2023,1,0,0,0,0,0,0,0,0,0,0,0,0,0,0,0,0,0,0,0,0,0,0.0491843,0,0,0.037561754,0.049614366,0.083870085,0.077135227,0.070596214,0.058138527,0.036263554,0.019596357,0.129405933,0.116816822,0.104776083,0.082489237,0.04603005,0.021675716,0.100074009,0.093866796,0.087828883,0.076289338,0.055584058,0.038202154,0.038887584,0.032546647,0.026844042,0.017456892,0.006050208,0.00163312,0.062789894,0.04980256,0.038555914,0.021341791,0.004694036,0.000632961,0.021303787,0.017045649,0.013445614,0.008009465,0.002414834,0.000568801,0.029071042,0.02133203,0.015194594,0.007085376,0.001082948,0.0001057,0.055045535,0.048709028,0.042826147,0.032425351,0.017046191,0.008032572,0.089746763,0.076711355,0.064863549,0.044830843,0.018749862,0.006489477,0.019723224,0.015588724,0.01209293,0.006936222,0.001865675,0.000359811,0.025678306,0.018251399,0.012510482,0.005373361,0.000602463,2.40E-05,0.021064388,0.016848901,0.013282135,0.007875922,0.002290989,0.000466818,0.027976651,0.020304025,0.014284111,0.006377273,0.000888998,7.43E-05,0.021532135,0.017313875,0.013719645,0.008242046,0.002386725,0.00049905,0.028372407,0.020693694,0.014612463,0.006655468,0.000994937,8.66E-05,0.045235335,0.038447386,0.032259018,0.021880908,0.00846888,0.002667821,0.074292166,0.060350961,0.047901163,0.028061926,0.007071237,0.001254361,0.06486065,0.058684056,0.052780125,0.04181608,0.02371429,0.011222007,0.100536405,0.094774604,0.089176946,0.078545836,0.059435438,0.043227414,0.039297958,0.036038801,0.035201719,0.03542062,0.036555558,0.038579846,0.041402136,0.042072262,0.039297939,0.036038841,0.035201708,0.03542063,0.03655557,0.038579843,0.041402143,0.042072262,0.035661756,0.03542134,0.036542002,0.038171166,0.040560601,0.044597172,0.047085194,0.047240448,0.0003451,1.69E-05,0.003357131,0.000386626,0.00196537,0.000115014,0,0,0.021614254,0.017250162,0.013547888,0.007879431,0.002197959,0.000459693,0.029783399,0.021642483,0.015288809,0.006955225,0.001014852,0.000101522,0.008804002,0.001234082,0.004182763,0.000286104,0.030017631,0.012383555,0.70967865,0.6408081,0.065535923,0.061112915,0.056915866,0.049169094,0.036175806,0.026140573,0.018598547,0.008951893,0,0,0.23882395,0.21556596,0.19373657,0.15409498,0.11915794,0.090251458,0.066422705,0.047975309,0.034054699,0,0,0.005
2023,2,0,0,0,0,0,0,0,0,0,0,0,0,0,0,0,0,0,0,0,0,0,0.0491843,0,0,0.037561754,0.049614366,0.083870085,0.077135227,0.070596214,0.058138527,0.036263554,0.019596357,0.129405933,0.116816822,0.104776083,0.082489237,0.04603005,0.021675716,0.100074009,0.093866796,0.087828883,0.076289338,0.055584058,0.038202154,0.038887584,0.032546647,0.026844042,0.017456892,0.006050208,0.00163312,0.062789894,0.04980256,0.038555914,0.021341791,0.004694036,0.000632961,0.021303787,0.017045649,0.013445614,0.008009465,0.002414834,0.000568801,0.029071042,0.02133203,0.015194594,0.007085376,0.001082948,0.0001057,0.055045535,0.048709028,0.042826147,0.032425351,0.017046191,0.008032572,0.089746763,0.076711355,0.064863549,0.044830843,0.018749862,0.006489477,0.019723224,0.015588724,0.01209293,0.006936222,0.001865675,0.000359811,0.025678306,0.018251399,0.012510482,0.005373361,0.000602463,2.40E-05,0.021064388,0.016848901,0.013282135,0.007875922,0.002290989,0.000466818,0.027976651,0.020304025,0.014284111,0.006377273,0.000888998,7.43E-05,0.021532135,0.017313875,0.013719645,0.008242046,0.002386725,0.00049905,0.028372407,0.020693694,0.014612463,0.006655468,0.000994937,8.66E-05,0.045235335,0.038447386,0.032259018,0.021880908,0.00846888,0.002667821,0.074292166,0.060350961,0.047901163,0.028061926,0.007071237,0.001254361,0.06486065,0.058684056,0.052780125,0.04181608,0.02371429,0.011222007,0.100536405,0.094774604,0.089176946,0.078545836,0.059435438,0.043227414,0.039297958,0.036038801,0.035201719,0.03542062,0.036555558,0.038579846,0.041402136,0.042072262,0.039297939,0.036038841,0.035201708,0.03542063,0.03655557,0.038579843,0.041402143,0.042072262,0.035661756,0.03542134,0.036542002,0.038171166,0.040560601,0.044597172,0.047085194,0.047240448,0.0003451,1.69E-05,0.003357131,0.000386626,0.00196537,0.000115014,0,0,0.021614254,0.017250162,0.013547888,0.007879431,0.002197959,0.000459693,0.029783399,0.021642483,0.015288809,0.006955225,0.001014852,0.000101522,0.008804002,0.001234082,0.004182763,0.000286104,0.030017631,0.012383555,0.70967865,0.6408081,0.065535923,0.061112915,0.056915866,0.049169094,0.036175806,0.026140573,0.018598547,0.008951893,0,0,0.23882395,0.21556596,0.19373657,0.15409498,0.11915794,0.090251458,0.066422705,0.047975309,0.034054699,0,0,0.005
2023,3,0,0,0,0,0,0,0,0,0,0,0,0,0,0,0,0,0,0,0,0,0,0.0491843,0,0,0.037561754,0.049614366,0.083870085,0.077135227,0.070596214,0.058138527,0.036263554,0.019596357,0.129405933,0.116816822,0.104776083,0.082489237,0.04603005,0.021675716,0.100074009,0.093866796,0.087828883,0.076289338,0.055584058,0.038202154,0.038887584,0.032546647,0.026844042,0.017456892,0.006050208,0.00163312,0.062789894,0.04980256,0.038555914,0.021341791,0.004694036,0.000632961,0.021303787,0.017045649,0.013445614,0.008009465,0.002414834,0.000568801,0.029071042,0.02133203,0.015194594,0.007085376,0.001082948,0.0001057,0.055045535,0.048709028,0.042826147,0.032425351,0.017046191,0.008032572,0.089746763,0.076711355,0.064863549,0.044830843,0.018749862,0.006489477,0.019723224,0.015588724,0.01209293,0.006936222,0.001865675,0.000359811,0.025678306,0.018251399,0.012510482,0.005373361,0.000602463,2.40E-05,0.021064388,0.016848901,0.013282135,0.007875922,0.002290989,0.000466818,0.027976651,0.020304025,0.014284111,0.006377273,0.000888998,7.43E-05,0.021532135,0.017313875,0.013719645,0.008242046,0.002386725,0.00049905,0.028372407,0.020693694,0.014612463,0.006655468,0.000994937,8.66E-05,0.045235335,0.038447386,0.032259018,0.021880908,0.00846888,0.002667821,0.074292166,0.060350961,0.047901163,0.028061926,0.007071237,0.001254361,0.06486065,0.058684056,0.052780125,0.04181608,0.02371429,0.011222007,0.100536405,0.094774604,0.089176946,0.078545836,0.059435438,0.043227414,0.039297958,0.036038801,0.035201719,0.03542062,0.036555558,0.038579846,0.041402136,0.042072262,0.039297939,0.036038841,0.035201708,0.03542063,0.03655557,0.038579843,0.041402143,0.042072262,0.035661756,0.03542134,0.036542002,0.038171166,0.040560601,0.044597172,0.047085194,0.047240448,0.0003451,1.69E-05,0.003357131,0.000386626,0.00196537,0.000115014,0,0,0.021614254,0.017250162,0.013547888,0.007879431,0.002197959,0.000459693,0.029783399,0.021642483,0.015288809,0.006955225,0.001014852,0.000101522,0.008804002,0.001234082,0.004182763,0.000286104,0.030017631,0.012383555,0.70967865,0.6408081,0.065535923,0.061112915,0.056915866,0.049169094,0.036175806,0.026140573,0.018598547,0.008951893,0,0,0.23882395,0.21556596,0.19373657,0.15409498,0.11915794,0.090251458,0.066422705,0.047975309,0.034054699,0,0,0.005
2023,4,0,0,0,0,0,0,0,0,0,0,0,0,0,0,0,0,0,0,0,0,0,0.0491843,0,0,0.037561754,0.049614366,0.083870085,0.077135227,0.070596214,0.058138527,0.036263554,0.019596357,0.129405933,0.116816822,0.104776083,0.082489237,0.04603005,0.021675716,0.100074009,0.093866796,0.087828883,0.076289338,0.055584058,0.038202154,0.038887584,0.032546647,0.026844042,0.017456892,0.006050208,0.00163312,0.062789894,0.04980256,0.038555914,0.021341791,0.004694036,0.000632961,0.021303787,0.017045649,0.013445614,0.008009465,0.002414834,0.000568801,0.029071042,0.02133203,0.015194594,0.007085376,0.001082948,0.0001057,0.055045535,0.048709028,0.042826147,0.032425351,0.017046191,0.008032572,0.089746763,0.076711355,0.064863549,0.044830843,0.018749862,0.006489477,0.019723224,0.015588724,0.01209293,0.006936222,0.001865675,0.000359811,0.025678306,0.018251399,0.012510482,0.005373361,0.000602463,2.40E-05,0.021064388,0.016848901,0.013282135,0.007875922,0.002290989,0.000466818,0.027976651,0.020304025,0.014284111,0.006377273,0.000888998,7.43E-05,0.021532135,0.017313875,0.013719645,0.008242046,0.002386725,0.00049905,0.028372407,0.020693694,0.014612463,0.006655468,0.000994937,8.66E-05,0.045235335,0.038447386,0.032259018,0.021880908,0.00846888,0.002667821,0.074292166,0.060350961,0.047901163,0.028061926,0.007071237,0.001254361,0.06486065,0.058684056,0.052780125,0.04181608,0.02371429,0.011222007,0.100536405,0.094774604,0.089176946,0.078545836,0.059435438,0.043227414,0.039297958,0.036038801,0.035201719,0.03542062,0.036555558,0.038579846,0.041402136,0.042072262,0.039297939,0.036038841,0.035201708,0.03542063,0.03655557,0.038579843,0.041402143,0.042072262,0.035661756,0.03542134,0.036542002,0.038171166,0.040560601,0.044597172,0.047085194,0.047240448,0.0003451,1.69E-05,0.003357131,0.000386626,0.00196537,0.000115014,0,0,0.021614254,0.017250162,0.013547888,0.007879431,0.002197959,0.000459693,0.029783399,0.021642483,0.015288809,0.006955225,0.001014852,0.000101522,0.008804002,0.001234082,0.004182763,0.000286104,0.030017631,0.012383555,0.70967865,0.6408081,0.065535923,0.061112915,0.056915866,0.049169094,0.036175806,0.026140573,0.018598547,0.008951893,0,0,0.23882395,0.21556596,0.19373657,0.15409498,0.11915794,0.090251458,0.066422705,0.047975309,0.034054699,0,0,0.005
2023,5,0,0,0,0,0,0,0,0,0,0,0,0,0,0,0,0,0,0,0,0,0,0.0491843,0,0,0.037561754,0.049614366,0.083870085,0.077135227,0.070596214,0.058138527,0.036263554,0.019596357,0.129405933,0.116816822,0.104776083,0.082489237,0.04603005,0.021675716,0.100074009,0.093866796,0.087828883,0.076289338,0.055584058,0.038202154,0.038887584,0.032546647,0.026844042,0.017456892,0.006050208,0.00163312,0.062789894,0.04980256,0.038555914,0.021341791,0.004694036,0.000632961,0.021303787,0.017045649,0.013445614,0.008009465,0.002414834,0.000568801,0.029071042,0.02133203,0.015194594,0.007085376,0.001082948,0.0001057,0.055045535,0.048709028,0.042826147,0.032425351,0.017046191,0.008032572,0.089746763,0.076711355,0.064863549,0.044830843,0.018749862,0.006489477,0.019723224,0.015588724,0.01209293,0.006936222,0.001865675,0.000359811,0.025678306,0.018251399,0.012510482,0.005373361,0.000602463,2.40E-05,0.021064388,0.016848901,0.013282135,0.007875922,0.002290989,0.000466818,0.027976651,0.020304025,0.014284111,0.006377273,0.000888998,7.43E-05,0.021532135,0.017313875,0.013719645,0.008242046,0.002386725,0.00049905,0.028372407,0.020693694,0.014612463,0.006655468,0.000994937,8.66E-05,0.045235335,0.038447386,0.032259018,0.021880908,0.00846888,0.002667821,0.074292166,0.060350961,0.047901163,0.028061926,0.007071237,0.001254361,0.06486065,0.058684056,0.052780125,0.04181608,0.02371429,0.011222007,0.100536405,0.094774604,0.089176946,0.078545836,0.059435438,0.043227414,0.039297958,0.036038801,0.035201719,0.03542062,0.036555558,0.038579846,0.041402136,0.042072262,0.039297939,0.036038841,0.035201708,0.03542063,0.03655557,0.038579843,0.041402143,0.042072262,0.035661756,0.03542134,0.036542002,0.038171166,0.040560601,0.044597172,0.047085194,0.047240448,0.0003451,1.69E-05,0.003357131,0.000386626,0.00196537,0.000115014,0,0,0.021614254,0.017250162,0.013547888,0.007879431,0.002197959,0.000459693,0.029783399,0.021642483,0.015288809,0.006955225,0.001014852,0.000101522,0.008804002,0.001234082,0.004182763,0.000286104,0.030017631,0.012383555,0.70967865,0.6408081,0.065535923,0.061112915,0.056915866,0.049169094,0.036175806,0.026140573,0.018598547,0.008951893,0,0,0.23882395,0.21556596,0.19373657,0.15409498,0.11915794,0.090251458,0.066422705,0.047975309,0.034054699,0,0,0.005
2023,6,0,0,0,0,0,0,0,0,0,0,0,0,0,0,0,0,0,0,0,0,0,0.0491843,0,0,0.037561754,0.049614366,0.083870085,0.077135227,0.070596214,0.058138527,0.036263554,0.019596357,0.129405933,0.116816822,0.104776083,0.082489237,0.04603005,0.021675716,0.100074009,0.093866796,0.087828883,0.076289338,0.055584058,0.038202154,0.038887584,0.032546647,0.026844042,0.017456892,0.006050208,0.00163312,0.062789894,0.04980256,0.038555914,0.021341791,0.004694036,0.000632961,0.021303787,0.017045649,0.013445614,0.008009465,0.002414834,0.000568801,0.029071042,0.02133203,0.015194594,0.007085376,0.001082948,0.0001057,0.055045535,0.048709028,0.042826147,0.032425351,0.017046191,0.008032572,0.089746763,0.076711355,0.064863549,0.044830843,0.018749862,0.006489477,0.019723224,0.015588724,0.01209293,0.006936222,0.001865675,0.000359811,0.025678306,0.018251399,0.012510482,0.005373361,0.000602463,2.40E-05,0.021064388,0.016848901,0.013282135,0.007875922,0.002290989,0.000466818,0.027976651,0.020304025,0.014284111,0.006377273,0.000888998,7.43E-05,0.021532135,0.017313875,0.013719645,0.008242046,0.002386725,0.00049905,0.028372407,0.020693694,0.014612463,0.006655468,0.000994937,8.66E-05,0.045235335,0.038447386,0.032259018,0.021880908,0.00846888,0.002667821,0.074292166,0.060350961,0.047901163,0.028061926,0.007071237,0.001254361,0.06486065,0.058684056,0.052780125,0.04181608,0.02371429,0.011222007,0.100536405,0.094774604,0.089176946,0.078545836,0.059435438,0.043227414,0.039297958,0.036038801,0.035201719,0.03542062,0.036555558,0.038579846,0.041402136,0.042072262,0.039297939,0.036038841,0.035201708,0.03542063,0.03655557,0.038579843,0.041402143,0.042072262,0.035661756,0.03542134,0.036542002,0.038171166,0.040560601,0.044597172,0.047085194,0.047240448,0.0003451,1.69E-05,0.003357131,0.000386626,0.00196537,0.000115014,0,0,0.021614254,0.017250162,0.013547888,0.007879431,0.002197959,0.000459693,0.029783399,0.021642483,0.015288809,0.006955225,0.001014852,0.000101522,0.008804002,0.001234082,0.004182763,0.000286104,0.030017631,0.012383555,0.70967865,0.6408081,0.065535923,0.061112915,0.056915866,0.049169094,0.036175806,0.026140573,0.018598547,0.008951893,0,0,0.23882395,0.21556596,0.19373657,0.15409498,0.11915794,0.090251458,0.066422705,0.047975309,0.034054699,0,0,0.005
2023,7,0,0,0,0,0,0,0,0,0,0,0,0,0,0,0,0,0,0,0,0,0,0.0491843,0,0,0.037561754,0.049614366,0.083870085,0.077135227,0.070596214,0.058138527,0.036263554,0.019596357,0.129405933,0.116816822,0.104776083,0.082489237,0.04603005,0.021675716,0.100074009,0.093866796,0.087828883,0.076289338,0.055584058,0.038202154,0.038887584,0.032546647,0.026844042,0.017456892,0.006050208,0.00163312,0.062789894,0.04980256,0.038555914,0.021341791,0.004694036,0.000632961,0.021303787,0.017045649,0.013445614,0.008009465,0.002414834,0.000568801,0.029071042,0.02133203,0.015194594,0.007085376,0.001082948,0.0001057,0.055045535,0.048709028,0.042826147,0.032425351,0.017046191,0.008032572,0.089746763,0.076711355,0.064863549,0.044830843,0.018749862,0.006489477,0.019723224,0.015588724,0.01209293,0.006936222,0.001865675,0.000359811,0.025678306,0.018251399,0.012510482,0.005373361,0.000602463,2.40E-05,0.021064388,0.016848901,0.013282135,0.007875922,0.002290989,0.000466818,0.027976651,0.020304025,0.014284111,0.006377273,0.000888998,7.43E-05,0.021532135,0.017313875,0.013719645,0.008242046,0.002386725,0.00049905,0.028372407,0.020693694,0.014612463,0.006655468,0.000994937,8.66E-05,0.045235335,0.038447386,0.032259018,0.021880908,0.00846888,0.002667821,0.074292166,0.060350961,0.047901163,0.028061926,0.007071237,0.001254361,0.06486065,0.058684056,0.052780125,0.04181608,0.02371429,0.011222007,0.100536405,0.094774604,0.089176946,0.078545836,0.059435438,0.043227414,0.039297958,0.036038801,0.035201719,0.03542062,0.036555558,0.038579846,0.041402136,0.042072262,0.039297939,0.036038841,0.035201708,0.03542063,0.03655557,0.038579843,0.041402143,0.042072262,0.035661756,0.03542134,0.036542002,0.038171166,0.040560601,0.044597172,0.047085194,0.047240448,0.0003451,1.69E-05,0.003357131,0.000386626,0.00196537,0.000115014,0,0,0.021614254,0.017250162,0.013547888,0.007879431,0.002197959,0.000459693,0.029783399,0.021642483,0.015288809,0.006955225,0.001014852,0.000101522,0.008804002,0.001234082,0.004182763,0.000286104,0.030017631,0.012383555,0.70967865,0.6408081,0.065535923,0.061112915,0.056915866,0.049169094,0.036175806,0.026140573,0.018598547,0.008951893,0,0,0.23882395,0.21556596,0.19373657,0.15409498,0.11915794,0.090251458,0.066422705,0.047975309,0.034054699,0,0,0.005
2023,8,0,0,0,0,0,0,0,0,0,0,0,0,0,0,0,0,0,0,0,0,0,0.0491843,0,0,0.037561754,0.049614366,0.083870085,0.077135227,0.070596214,0.058138527,0.036263554,0.019596357,0.129405933,0.116816822,0.104776083,0.082489237,0.04603005,0.021675716,0.100074009,0.093866796,0.087828883,0.076289338,0.055584058,0.038202154,0.038887584,0.032546647,0.026844042,0.017456892,0.006050208,0.00163312,0.062789894,0.04980256,0.038555914,0.021341791,0.004694036,0.000632961,0.021303787,0.017045649,0.013445614,0.008009465,0.002414834,0.000568801,0.029071042,0.02133203,0.015194594,0.007085376,0.001082948,0.0001057,0.055045535,0.048709028,0.042826147,0.032425351,0.017046191,0.008032572,0.089746763,0.076711355,0.064863549,0.044830843,0.018749862,0.006489477,0.019723224,0.015588724,0.01209293,0.006936222,0.001865675,0.000359811,0.025678306,0.018251399,0.012510482,0.005373361,0.000602463,2.40E-05,0.021064388,0.016848901,0.013282135,0.007875922,0.002290989,0.000466818,0.027976651,0.020304025,0.014284111,0.006377273,0.000888998,7.43E-05,0.021532135,0.017313875,0.013719645,0.008242046,0.002386725,0.00049905,0.028372407,0.020693694,0.014612463,0.006655468,0.000994937,8.66E-05,0.045235335,0.038447386,0.032259018,0.021880908,0.00846888,0.002667821,0.074292166,0.060350961,0.047901163,0.028061926,0.007071237,0.001254361,0.06486065,0.058684056,0.052780125,0.04181608,0.02371429,0.011222007,0.100536405,0.094774604,0.089176946,0.078545836,0.059435438,0.043227414,0.039297958,0.036038801,0.035201719,0.03542062,0.036555558,0.038579846,0.041402136,0.042072262,0.039297939,0.036038841,0.035201708,0.03542063,0.03655557,0.038579843,0.041402143,0.042072262,0.035661756,0.03542134,0.036542002,0.038171166,0.040560601,0.044597172,0.047085194,0.047240448,0.0003451,1.69E-05,0.003357131,0.000386626,0.00196537,0.000115014,0,0,0.021614254,0.017250162,0.013547888,0.007879431,0.002197959,0.000459693,0.029783399,0.021642483,0.015288809,0.006955225,0.001014852,0.000101522,0.008804002,0.001234082,0.004182763,0.000286104,0.030017631,0.012383555,0.70967865,0.6408081,0.065535923,0.061112915,0.056915866,0.049169094,0.036175806,0.026140573,0.018598547,0.008951893,0,0,0.23882395,0.21556596,0.19373657,0.15409498,0.11915794,0.090251458,0.066422705,0.047975309,0.034054699,0,0,0.005
2023,9,0,0,0,0,0,0,0,0,0,0,0,0,0,0,0,0,0,0,0,0,0,0.0491843,0,0,0.037561754,0.049614366,0.083870085,0.077135227,0.070596214,0.058138527,0.036263554,0.019596357,0.129405933,0.116816822,0.104776083,0.082489237,0.04603005,0.021675716,0.100074009,0.093866796,0.087828883,0.076289338,0.055584058,0.038202154,0.038887584,0.032546647,0.026844042,0.017456892,0.006050208,0.00163312,0.062789894,0.04980256,0.038555914,0.021341791,0.004694036,0.000632961,0.021303787,0.017045649,0.013445614,0.008009465,0.002414834,0.000568801,0.029071042,0.02133203,0.015194594,0.007085376,0.001082948,0.0001057,0.055045535,0.048709028,0.042826147,0.032425351,0.017046191,0.008032572,0.089746763,0.076711355,0.064863549,0.044830843,0.018749862,0.006489477,0.019723224,0.015588724,0.01209293,0.006936222,0.001865675,0.000359811,0.025678306,0.018251399,0.012510482,0.005373361,0.000602463,2.40E-05,0.021064388,0.016848901,0.013282135,0.007875922,0.002290989,0.000466818,0.027976651,0.020304025,0.014284111,0.006377273,0.000888998,7.43E-05,0.021532135,0.017313875,0.013719645,0.008242046,0.002386725,0.00049905,0.028372407,0.020693694,0.014612463,0.006655468,0.000994937,8.66E-05,0.045235335,0.038447386,0.032259018,0.021880908,0.00846888,0.002667821,0.074292166,0.060350961,0.047901163,0.028061926,0.007071237,0.001254361,0.06486065,0.058684056,0.052780125,0.04181608,0.02371429,0.011222007,0.100536405,0.094774604,0.089176946,0.078545836,0.059435438,0.043227414,0.039297958,0.036038801,0.035201719,0.03542062,0.036555558,0.038579846,0.041402136,0.042072262,0.039297939,0.036038841,0.035201708,0.03542063,0.03655557,0.038579843,0.041402143,0.042072262,0.035661756,0.03542134,0.036542002,0.038171166,0.040560601,0.044597172,0.047085194,0.047240448,0.0003451,1.69E-05,0.003357131,0.000386626,0.00196537,0.000115014,0,0,0.021614254,0.017250162,0.013547888,0.007879431,0.002197959,0.000459693,0.029783399,0.021642483,0.015288809,0.006955225,0.001014852,0.000101522,0.008804002,0.001234082,0.004182763,0.000286104,0.030017631,0.012383555,0.70967865,0.6408081,0.065535923,0.061112915,0.056915866,0.049169094,0.036175806,0.026140573,0.018598547,0.008951893,0,0,0.23882395,0.21556596,0.19373657,0.15409498,0.11915794,0.090251458,0.066422705,0.047975309,0.034054699,0,0,0.005
2023,10,0,0,0,0,0,0,0,0,0,0,0,0,0,0,0,0,0,0,0,0,0,0.0491843,0,0,0.037561754,0.049614366,0.083870085,0.077135227,0.070596214,0.058138527,0.036263554,0.019596357,0.129405933,0.116816822,0.104776083,0.082489237,0.04603005,0.021675716,0.100074009,0.093866796,0.087828883,0.076289338,0.055584058,0.038202154,0.038887584,0.032546647,0.026844042,0.017456892,0.006050208,0.00163312,0.062789894,0.04980256,0.038555914,0.021341791,0.004694036,0.000632961,0.021303787,0.017045649,0.013445614,0.008009465,0.002414834,0.000568801,0.029071042,0.02133203,0.015194594,0.007085376,0.001082948,0.0001057,0.055045535,0.048709028,0.042826147,0.032425351,0.017046191,0.008032572,0.089746763,0.076711355,0.064863549,0.044830843,0.018749862,0.006489477,0.019723224,0.015588724,0.01209293,0.006936222,0.001865675,0.000359811,0.025678306,0.018251399,0.012510482,0.005373361,0.000602463,2.40E-05,0.021064388,0.016848901,0.013282135,0.007875922,0.002290989,0.000466818,0.027976651,0.020304025,0.014284111,0.006377273,0.000888998,7.43E-05,0.021532135,0.017313875,0.013719645,0.008242046,0.002386725,0.00049905,0.028372407,0.020693694,0.014612463,0.006655468,0.000994937,8.66E-05,0.045235335,0.038447386,0.032259018,0.021880908,0.00846888,0.002667821,0.074292166,0.060350961,0.047901163,0.028061926,0.007071237,0.001254361,0.06486065,0.058684056,0.052780125,0.04181608,0.02371429,0.011222007,0.100536405,0.094774604,0.089176946,0.078545836,0.059435438,0.043227414,0.039297958,0.036038801,0.035201719,0.03542062,0.036555558,0.038579846,0.041402136,0.042072262,0.039297939,0.036038841,0.035201708,0.03542063,0.03655557,0.038579843,0.041402143,0.042072262,0.035661756,0.03542134,0.036542002,0.038171166,0.040560601,0.044597172,0.047085194,0.047240448,0.0003451,1.69E-05,0.003357131,0.000386626,0.00196537,0.000115014,0,0,0.021614254,0.017250162,0.013547888,0.007879431,0.002197959,0.000459693,0.029783399,0.021642483,0.015288809,0.006955225,0.001014852,0.000101522,0.008804002,0.001234082,0.004182763,0.000286104,0.030017631,0.012383555,0.70967865,0.6408081,0.065535923,0.061112915,0.056915866,0.049169094,0.036175806,0.026140573,0.018598547,0.008951893,0,0,0.23882395,0.21556596,0.19373657,0.15409498,0.11915794,0.090251458,0.066422705,0.047975309,0.034054699,0,0,0.005
2023,11,0,0,0,0,0,0,0,0,0,0,0,0,0,0,0,0,0,0,0,0,0,0.0491843,0,0,0.037561754,0.049614366,0.083870085,0.077135227,0.070596214,0.058138527,0.036263554,0.019596357,0.129405933,0.116816822,0.104776083,0.082489237,0.04603005,0.021675716,0.100074009,0.093866796,0.087828883,0.076289338,0.055584058,0.038202154,0.038887584,0.032546647,0.026844042,0.017456892,0.006050208,0.00163312,0.062789894,0.04980256,0.038555914,0.021341791,0.004694036,0.000632961,0.021303787,0.017045649,0.013445614,0.008009465,0.002414834,0.000568801,0.029071042,0.02133203,0.015194594,0.007085376,0.001082948,0.0001057,0.055045535,0.048709028,0.042826147,0.032425351,0.017046191,0.008032572,0.089746763,0.076711355,0.064863549,0.044830843,0.018749862,0.006489477,0.019723224,0.015588724,0.01209293,0.006936222,0.001865675,0.000359811,0.025678306,0.018251399,0.012510482,0.005373361,0.000602463,2.40E-05,0.021064388,0.016848901,0.013282135,0.007875922,0.002290989,0.000466818,0.027976651,0.020304025,0.014284111,0.006377273,0.000888998,7.43E-05,0.021532135,0.017313875,0.013719645,0.008242046,0.002386725,0.00049905,0.028372407,0.020693694,0.014612463,0.006655468,0.000994937,8.66E-05,0.045235335,0.038447386,0.032259018,0.021880908,0.00846888,0.002667821,0.074292166,0.060350961,0.047901163,0.028061926,0.007071237,0.001254361,0.06486065,0.058684056,0.052780125,0.04181608,0.02371429,0.011222007,0.100536405,0.094774604,0.089176946,0.078545836,0.059435438,0.043227414,0.039297958,0.036038801,0.035201719,0.03542062,0.036555558,0.038579846,0.041402136,0.042072262,0.039297939,0.036038841,0.035201708,0.03542063,0.03655557,0.038579843,0.041402143,0.042072262,0.035661756,0.03542134,0.036542002,0.038171166,0.040560601,0.044597172,0.047085194,0.047240448,0.0003451,1.69E-05,0.003357131,0.000386626,0.00196537,0.000115014,0,0,0.021614254,0.017250162,0.013547888,0.007879431,0.002197959,0.000459693,0.029783399,0.021642483,0.015288809,0.006955225,0.001014852,0.000101522,0.008804002,0.001234082,0.004182763,0.000286104,0.030017631,0.012383555,0.70967865,0.6408081,0.065535923,0.061112915,0.056915866,0.049169094,0.036175806,0.026140573,0.018598547,0.008951893,0,0,0.23882395,0.21556596,0.19373657,0.15409498,0.11915794,0.090251458,0.066422705,0.047975309,0.034054699,0,0,0.005
2023,12,0,0,0,0,0,0,0,0,0,0,0,0,0,0,0,0,0,0,0,0,0,0.0491843,0,0,0.037561754,0.049614366,0.083870085,0.077135227,0.070596214,0.058138527,0.036263554,0.019596357,0.129405933,0.116816822,0.104776083,0.082489237,0.04603005,0.021675716,0.100074009,0.093866796,0.087828883,0.076289338,0.055584058,0.038202154,0.038887584,0.032546647,0.026844042,0.017456892,0.006050208,0.00163312,0.062789894,0.04980256,0.038555914,0.021341791,0.004694036,0.000632961,0.021303787,0.017045649,0.013445614,0.008009465,0.002414834,0.000568801,0.029071042,0.02133203,0.015194594,0.007085376,0.001082948,0.0001057,0.055045535,0.048709028,0.042826147,0.032425351,0.017046191,0.008032572,0.089746763,0.076711355,0.064863549,0.044830843,0.018749862,0.006489477,0.019723224,0.015588724,0.01209293,0.006936222,0.001865675,0.000359811,0.025678306,0.018251399,0.012510482,0.005373361,0.000602463,2.40E-05,0.021064388,0.016848901,0.013282135,0.007875922,0.002290989,0.000466818,0.027976651,0.020304025,0.014284111,0.006377273,0.000888998,7.43E-05,0.021532135,0.017313875,0.013719645,0.008242046,0.002386725,0.00049905,0.028372407,0.020693694,0.014612463,0.006655468,0.000994937,8.66E-05,0.045235335,0.038447386,0.032259018,0.021880908,0.00846888,0.002667821,0.074292166,0.060350961,0.047901163,0.028061926,0.007071237,0.001254361,0.06486065,0.058684056,0.052780125,0.04181608,0.02371429,0.011222007,0.100536405,0.094774604,0.089176946,0.078545836,0.059435438,0.043227414,0.039297958,0.036038801,0.035201719,0.03542062,0.036555558,0.038579846,0.041402136,0.042072262,0.039297939,0.036038841,0.035201708,0.03542063,0.03655557,0.038579843,0.041402143,0.042072262,0.035661756,0.03542134,0.036542002,0.038171166,0.040560601,0.044597172,0.047085194,0.047240448,0.0003451,1.69E-05,0.003357131,0.000386626,0.00196537,0.000115014,0,0,0.021614254,0.017250162,0.013547888,0.007879431,0.002197959,0.000459693,0.029783399,0.021642483,0.015288809,0.006955225,0.001014852,0.000101522,0.008804002,0.001234082,0.004182763,0.000286104,0.030017631,0.012383555,0.70967865,0.6408081,0.065535923,0.061112915,0.056915866,0.049169094,0.036175806,0.026140573,0.018598547,0.008951893,0,0,0.23882395,0.21556596,0.19373657,0.15409498,0.11915794,0.090251458,0.066422705,0.047975309,0.034054699,0,0,0.005
2024,1,0,0,0,0,0,0,0,0,0,0,0,0,0,0,0,0,0,0,0,0,0,0.0491843,0,0,0.037561754,0.049614366,0.083870085,0.077135227,0.070596214,0.058138527,0.036263554,0.019596357,0.129405933,0.116816822,0.104776083,0.082489237,0.04603005,0.021675716,0.100074009,0.093866796,0.087828883,0.076289338,0.055584058,0.038202154,0.038887584,0.032546647,0.026844042,0.017456892,0.006050208,0.00163312,0.062789894,0.04980256,0.038555914,0.021341791,0.004694036,0.000632961,0.021303787,0.017045649,0.013445614,0.008009465,0.002414834,0.000568801,0.029071042,0.02133203,0.015194594,0.007085376,0.001082948,0.0001057,0.055045535,0.048709028,0.042826147,0.032425351,0.017046191,0.008032572,0.089746763,0.076711355,0.064863549,0.044830843,0.018749862,0.006489477,0.019723224,0.015588724,0.01209293,0.006936222,0.001865675,0.000359811,0.025678306,0.018251399,0.012510482,0.005373361,0.000602463,2.40E-05,0.021064388,0.016848901,0.013282135,0.007875922,0.002290989,0.000466818,0.027976651,0.020304025,0.014284111,0.006377273,0.000888998,7.43E-05,0.021532135,0.017313875,0.013719645,0.008242046,0.002386725,0.00049905,0.028372407,0.020693694,0.014612463,0.006655468,0.000994937,8.66E-05,0.045235335,0.038447386,0.032259018,0.021880908,0.00846888,0.002667821,0.074292166,0.060350961,0.047901163,0.028061926,0.007071237,0.001254361,0.06486065,0.058684056,0.052780125,0.04181608,0.02371429,0.011222007,0.100536405,0.094774604,0.089176946,0.078545836,0.059435438,0.043227414,0.039297958,0.036038801,0.035201719,0.03542062,0.036555558,0.038579846,0.041402136,0.042072262,0.039297939,0.036038841,0.035201708,0.03542063,0.03655557,0.038579843,0.041402143,0.042072262,0.035661756,0.03542134,0.036542002,0.038171166,0.040560601,0.044597172,0.047085194,0.047240448,0.0003451,1.69E-05,0.003357131,0.000386626,0.00196537,0.000115014,0,0,0.021614254,0.017250162,0.013547888,0.007879431,0.002197959,0.000459693,0.029783399,0.021642483,0.015288809,0.006955225,0.001014852,0.000101522,0.008804002,0.001234082,0.004182763,0.000286104,0.030017631,0.012383555,0.70967865,0.6408081,0.065535923,0.061112915,0.056915866,0.049169094,0.036175806,0.026140573,0.018598547,0.008951893,0,0,0.23882395,0.21556596,0.19373657,0.15409498,0.11915794,0.090251458,0.066422705,0.047975309,0.034054699,0,0,0.005
2024,2,0,0,0,0,0,0,0,0,0,0,0,0,0,0,0,0,0,0,0,0,0,0.0491843,0,0,0.037561754,0.049614366,0.083870085,0.077135227,0.070596214,0.058138527,0.036263554,0.019596357,0.129405933,0.116816822,0.104776083,0.082489237,0.04603005,0.021675716,0.100074009,0.093866796,0.087828883,0.076289338,0.055584058,0.038202154,0.038887584,0.032546647,0.026844042,0.017456892,0.006050208,0.00163312,0.062789894,0.04980256,0.038555914,0.021341791,0.004694036,0.000632961,0.021303787,0.017045649,0.013445614,0.008009465,0.002414834,0.000568801,0.029071042,0.02133203,0.015194594,0.007085376,0.001082948,0.0001057,0.055045535,0.048709028,0.042826147,0.032425351,0.017046191,0.008032572,0.089746763,0.076711355,0.064863549,0.044830843,0.018749862,0.006489477,0.019723224,0.015588724,0.01209293,0.006936222,0.001865675,0.000359811,0.025678306,0.018251399,0.012510482,0.005373361,0.000602463,2.40E-05,0.021064388,0.016848901,0.013282135,0.007875922,0.002290989,0.000466818,0.027976651,0.020304025,0.014284111,0.006377273,0.000888998,7.43E-05,0.021532135,0.017313875,0.013719645,0.008242046,0.002386725,0.00049905,0.028372407,0.020693694,0.014612463,0.006655468,0.000994937,8.66E-05,0.045235335,0.038447386,0.032259018,0.021880908,0.00846888,0.002667821,0.074292166,0.060350961,0.047901163,0.028061926,0.007071237,0.001254361,0.06486065,0.058684056,0.052780125,0.04181608,0.02371429,0.011222007,0.100536405,0.094774604,0.089176946,0.078545836,0.059435438,0.043227414,0.039297958,0.036038801,0.035201719,0.03542062,0.036555558,0.038579846,0.041402136,0.042072262,0.039297939,0.036038841,0.035201708,0.03542063,0.03655557,0.038579843,0.041402143,0.042072262,0.035661756,0.03542134,0.036542002,0.038171166,0.040560601,0.044597172,0.047085194,0.047240448,0.0003451,1.69E-05,0.003357131,0.000386626,0.00196537,0.000115014,0,0,0.021614254,0.017250162,0.013547888,0.007879431,0.002197959,0.000459693,0.029783399,0.021642483,0.015288809,0.006955225,0.001014852,0.000101522,0.008804002,0.001234082,0.004182763,0.000286104,0.030017631,0.012383555,0.70967865,0.6408081,0.065535923,0.061112915,0.056915866,0.049169094,0.036175806,0.026140573,0.018598547,0.008951893,0,0,0.23882395,0.21556596,0.19373657,0.15409498,0.11915794,0.090251458,0.066422705,0.047975309,0.034054699,0,0,0.005
2024,3,0,0,0,0,0,0,0,0,0,0,0,0,0,0,0,0,0,0,0,0,0,0.0491843,0,0,0.037561754,0.049614366,0.083870085,0.077135227,0.070596214,0.058138527,0.036263554,0.019596357,0.129405933,0.116816822,0.104776083,0.082489237,0.04603005,0.021675716,0.100074009,0.093866796,0.087828883,0.076289338,0.055584058,0.038202154,0.038887584,0.032546647,0.026844042,0.017456892,0.006050208,0.00163312,0.062789894,0.04980256,0.038555914,0.021341791,0.004694036,0.000632961,0.021303787,0.017045649,0.013445614,0.008009465,0.002414834,0.000568801,0.029071042,0.02133203,0.015194594,0.007085376,0.001082948,0.0001057,0.055045535,0.048709028,0.042826147,0.032425351,0.017046191,0.008032572,0.089746763,0.076711355,0.064863549,0.044830843,0.018749862,0.006489477,0.019723224,0.015588724,0.01209293,0.006936222,0.001865675,0.000359811,0.025678306,0.018251399,0.012510482,0.005373361,0.000602463,2.40E-05,0.021064388,0.016848901,0.013282135,0.007875922,0.002290989,0.000466818,0.027976651,0.020304025,0.014284111,0.006377273,0.000888998,7.43E-05,0.021532135,0.017313875,0.013719645,0.008242046,0.002386725,0.00049905,0.028372407,0.020693694,0.014612463,0.006655468,0.000994937,8.66E-05,0.045235335,0.038447386,0.032259018,0.021880908,0.00846888,0.002667821,0.074292166,0.060350961,0.047901163,0.028061926,0.007071237,0.001254361,0.06486065,0.058684056,0.052780125,0.04181608,0.02371429,0.011222007,0.100536405,0.094774604,0.089176946,0.078545836,0.059435438,0.043227414,0.039297958,0.036038801,0.035201719,0.03542062,0.036555558,0.038579846,0.041402136,0.042072262,0.039297939,0.036038841,0.035201708,0.03542063,0.03655557,0.038579843,0.041402143,0.042072262,0.035661756,0.03542134,0.036542002,0.038171166,0.040560601,0.044597172,0.047085194,0.047240448,0.0003451,1.69E-05,0.003357131,0.000386626,0.00196537,0.000115014,0,0,0.021614254,0.017250162,0.013547888,0.007879431,0.002197959,0.000459693,0.029783399,0.021642483,0.015288809,0.006955225,0.001014852,0.000101522,0.008804002,0.001234082,0.004182763,0.000286104,0.030017631,0.012383555,0.70967865,0.6408081,0.065535923,0.061112915,0.056915866,0.049169094,0.036175806,0.026140573,0.018598547,0.008951893,0,0,0.23882395,0.21556596,0.19373657,0.15409498,0.11915794,0.090251458,0.066422705,0.047975309,0.034054699,0,0,0.005
2024,4,0,0,0,0,0,0,0,0,0,0,0,0,0,0,0,0,0,0,0,0,0,0.0491843,0,0,0.037561754,0.049614366,0.083870085,0.077135227,0.070596214,0.058138527,0.036263554,0.019596357,0.129405933,0.116816822,0.104776083,0.082489237,0.04603005,0.021675716,0.100074009,0.093866796,0.087828883,0.076289338,0.055584058,0.038202154,0.038887584,0.032546647,0.026844042,0.017456892,0.006050208,0.00163312,0.062789894,0.04980256,0.038555914,0.021341791,0.004694036,0.000632961,0.021303787,0.017045649,0.013445614,0.008009465,0.002414834,0.000568801,0.029071042,0.02133203,0.015194594,0.007085376,0.001082948,0.0001057,0.055045535,0.048709028,0.042826147,0.032425351,0.017046191,0.008032572,0.089746763,0.076711355,0.064863549,0.044830843,0.018749862,0.006489477,0.019723224,0.015588724,0.01209293,0.006936222,0.001865675,0.000359811,0.025678306,0.018251399,0.012510482,0.005373361,0.000602463,2.40E-05,0.021064388,0.016848901,0.013282135,0.007875922,0.002290989,0.000466818,0.027976651,0.020304025,0.014284111,0.006377273,0.000888998,7.43E-05,0.021532135,0.017313875,0.013719645,0.008242046,0.002386725,0.00049905,0.028372407,0.020693694,0.014612463,0.006655468,0.000994937,8.66E-05,0.045235335,0.038447386,0.032259018,0.021880908,0.00846888,0.002667821,0.074292166,0.060350961,0.047901163,0.028061926,0.007071237,0.001254361,0.06486065,0.058684056,0.052780125,0.04181608,0.02371429,0.011222007,0.100536405,0.094774604,0.089176946,0.078545836,0.059435438,0.043227414,0.039297958,0.036038801,0.035201719,0.03542062,0.036555558,0.038579846,0.041402136,0.042072262,0.039297939,0.036038841,0.035201708,0.03542063,0.03655557,0.038579843,0.041402143,0.042072262,0.035661756,0.03542134,0.036542002,0.038171166,0.040560601,0.044597172,0.047085194,0.047240448,0.0003451,1.69E-05,0.003357131,0.000386626,0.00196537,0.000115014,0,0,0.021614254,0.017250162,0.013547888,0.007879431,0.002197959,0.000459693,0.029783399,0.021642483,0.015288809,0.006955225,0.001014852,0.000101522,0.008804002,0.001234082,0.004182763,0.000286104,0.030017631,0.012383555,0.70967865,0.6408081,0.065535923,0.061112915,0.056915866,0.049169094,0.036175806,0.026140573,0.018598547,0.008951893,0,0,0.23882395,0.21556596,0.19373657,0.15409498,0.11915794,0.090251458,0.066422705,0.047975309,0.034054699,0,0,0.005
2024,5,0,0,0,0,0,0,0,0,0,0,0,0,0,0,0,0,0,0,0,0,0,0.0491843,0,0,0.037561754,0.049614366,0.083870085,0.077135227,0.070596214,0.058138527,0.036263554,0.019596357,0.129405933,0.116816822,0.104776083,0.082489237,0.04603005,0.021675716,0.100074009,0.093866796,0.087828883,0.076289338,0.055584058,0.038202154,0.038887584,0.032546647,0.026844042,0.017456892,0.006050208,0.00163312,0.062789894,0.04980256,0.038555914,0.021341791,0.004694036,0.000632961,0.021303787,0.017045649,0.013445614,0.008009465,0.002414834,0.000568801,0.029071042,0.02133203,0.015194594,0.007085376,0.001082948,0.0001057,0.055045535,0.048709028,0.042826147,0.032425351,0.017046191,0.008032572,0.089746763,0.076711355,0.064863549,0.044830843,0.018749862,0.006489477,0.019723224,0.015588724,0.01209293,0.006936222,0.001865675,0.000359811,0.025678306,0.018251399,0.012510482,0.005373361,0.000602463,2.40E-05,0.021064388,0.016848901,0.013282135,0.007875922,0.002290989,0.000466818,0.027976651,0.020304025,0.014284111,0.006377273,0.000888998,7.43E-05,0.021532135,0.017313875,0.013719645,0.008242046,0.002386725,0.00049905,0.028372407,0.020693694,0.014612463,0.006655468,0.000994937,8.66E-05,0.045235335,0.038447386,0.032259018,0.021880908,0.00846888,0.002667821,0.074292166,0.060350961,0.047901163,0.028061926,0.007071237,0.001254361,0.06486065,0.058684056,0.052780125,0.04181608,0.02371429,0.011222007,0.100536405,0.094774604,0.089176946,0.078545836,0.059435438,0.043227414,0.039297958,0.036038801,0.035201719,0.03542062,0.036555558,0.038579846,0.041402136,0.042072262,0.039297939,0.036038841,0.035201708,0.03542063,0.03655557,0.038579843,0.041402143,0.042072262,0.035661756,0.03542134,0.036542002,0.038171166,0.040560601,0.044597172,0.047085194,0.047240448,0.0003451,1.69E-05,0.003357131,0.000386626,0.00196537,0.000115014,0,0,0.021614254,0.017250162,0.013547888,0.007879431,0.002197959,0.000459693,0.029783399,0.021642483,0.015288809,0.006955225,0.001014852,0.000101522,0.008804002,0.001234082,0.004182763,0.000286104,0.030017631,0.012383555,0.70967865,0.6408081,0.065535923,0.061112915,0.056915866,0.049169094,0.036175806,0.026140573,0.018598547,0.008951893,0,0,0.23882395,0.21556596,0.19373657,0.15409498,0.11915794,0.090251458,0.066422705,0.047975309,0.034054699,0,0,0.005
2024,6,0,0,0,0,0,0,0,0,0,0,0,0,0,0,0,0,0,0,0,0,0,0.0491843,0,0,0.037561754,0.049614366,0.083870085,0.077135227,0.070596214,0.058138527,0.036263554,0.019596357,0.129405933,0.116816822,0.104776083,0.082489237,0.04603005,0.021675716,0.100074009,0.093866796,0.087828883,0.076289338,0.055584058,0.038202154,0.038887584,0.032546647,0.026844042,0.017456892,0.006050208,0.00163312,0.062789894,0.04980256,0.038555914,0.021341791,0.004694036,0.000632961,0.021303787,0.017045649,0.013445614,0.008009465,0.002414834,0.000568801,0.029071042,0.02133203,0.015194594,0.007085376,0.001082948,0.0001057,0.055045535,0.048709028,0.042826147,0.032425351,0.017046191,0.008032572,0.089746763,0.076711355,0.064863549,0.044830843,0.018749862,0.006489477,0.019723224,0.015588724,0.01209293,0.006936222,0.001865675,0.000359811,0.025678306,0.018251399,0.012510482,0.005373361,0.000602463,2.40E-05,0.021064388,0.016848901,0.013282135,0.007875922,0.002290989,0.000466818,0.027976651,0.020304025,0.014284111,0.006377273,0.000888998,7.43E-05,0.021532135,0.017313875,0.013719645,0.008242046,0.002386725,0.00049905,0.028372407,0.020693694,0.014612463,0.006655468,0.000994937,8.66E-05,0.045235335,0.038447386,0.032259018,0.021880908,0.00846888,0.002667821,0.074292166,0.060350961,0.047901163,0.028061926,0.007071237,0.001254361,0.06486065,0.058684056,0.052780125,0.04181608,0.02371429,0.011222007,0.100536405,0.094774604,0.089176946,0.078545836,0.059435438,0.043227414,0.039297958,0.036038801,0.035201719,0.03542062,0.036555558,0.038579846,0.041402136,0.042072262,0.039297939,0.036038841,0.035201708,0.03542063,0.03655557,0.038579843,0.041402143,0.042072262,0.035661756,0.03542134,0.036542002,0.038171166,0.040560601,0.044597172,0.047085194,0.047240448,0.0003451,1.69E-05,0.003357131,0.000386626,0.00196537,0.000115014,0,0,0.021614254,0.017250162,0.013547888,0.007879431,0.002197959,0.000459693,0.029783399,0.021642483,0.015288809,0.006955225,0.001014852,0.000101522,0.008804002,0.001234082,0.004182763,0.000286104,0.030017631,0.012383555,0.70967865,0.6408081,0.065535923,0.061112915,0.056915866,0.049169094,0.036175806,0.026140573,0.018598547,0.008951893,0,0,0.23882395,0.21556596,0.19373657,0.15409498,0.11915794,0.090251458,0.066422705,0.047975309,0.034054699,0,0,0.005
2024,7,0,0,0,0,0,0,0,0,0,0,0,0,0,0,0,0,0,0,0,0,0,0.0491843,0,0,0.037561754,0.049614366,0.083870085,0.077135227,0.070596214,0.058138527,0.036263554,0.019596357,0.129405933,0.116816822,0.104776083,0.082489237,0.04603005,0.021675716,0.100074009,0.093866796,0.087828883,0.076289338,0.055584058,0.038202154,0.038887584,0.032546647,0.026844042,0.017456892,0.006050208,0.00163312,0.062789894,0.04980256,0.038555914,0.021341791,0.004694036,0.000632961,0.021303787,0.017045649,0.013445614,0.008009465,0.002414834,0.000568801,0.029071042,0.02133203,0.015194594,0.007085376,0.001082948,0.0001057,0.055045535,0.048709028,0.042826147,0.032425351,0.017046191,0.008032572,0.089746763,0.076711355,0.064863549,0.044830843,0.018749862,0.006489477,0.019723224,0.015588724,0.01209293,0.006936222,0.001865675,0.000359811,0.025678306,0.018251399,0.012510482,0.005373361,0.000602463,2.40E-05,0.021064388,0.016848901,0.013282135,0.007875922,0.002290989,0.000466818,0.027976651,0.020304025,0.014284111,0.006377273,0.000888998,7.43E-05,0.021532135,0.017313875,0.013719645,0.008242046,0.002386725,0.00049905,0.028372407,0.020693694,0.014612463,0.006655468,0.000994937,8.66E-05,0.045235335,0.038447386,0.032259018,0.021880908,0.00846888,0.002667821,0.074292166,0.060350961,0.047901163,0.028061926,0.007071237,0.001254361,0.06486065,0.058684056,0.052780125,0.04181608,0.02371429,0.011222007,0.100536405,0.094774604,0.089176946,0.078545836,0.059435438,0.043227414,0.039297958,0.036038801,0.035201719,0.03542062,0.036555558,0.038579846,0.041402136,0.042072262,0.039297939,0.036038841,0.035201708,0.03542063,0.03655557,0.038579843,0.041402143,0.042072262,0.035661756,0.03542134,0.036542002,0.038171166,0.040560601,0.044597172,0.047085194,0.047240448,0.0003451,1.69E-05,0.003357131,0.000386626,0.00196537,0.000115014,0,0,0.021614254,0.017250162,0.013547888,0.007879431,0.002197959,0.000459693,0.029783399,0.021642483,0.015288809,0.006955225,0.001014852,0.000101522,0.008804002,0.001234082,0.004182763,0.000286104,0.030017631,0.012383555,0.70967865,0.6408081,0.065535923,0.061112915,0.056915866,0.049169094,0.036175806,0.026140573,0.018598547,0.008951893,0,0,0.23882395,0.21556596,0.19373657,0.15409498,0.11915794,0.090251458,0.066422705,0.047975309,0.034054699,0,0,0.005
2024,8,0,0,0,0,0,0,0,0,0,0,0,0,0,0,0,0,0,0,0,0,0,0.0491843,0,0,0.037561754,0.049614366,0.083870085,0.077135227,0.070596214,0.058138527,0.036263554,0.019596357,0.129405933,0.116816822,0.104776083,0.082489237,0.04603005,0.021675716,0.100074009,0.093866796,0.087828883,0.076289338,0.055584058,0.038202154,0.038887584,0.032546647,0.026844042,0.017456892,0.006050208,0.00163312,0.062789894,0.04980256,0.038555914,0.021341791,0.004694036,0.000632961,0.021303787,0.017045649,0.013445614,0.008009465,0.002414834,0.000568801,0.029071042,0.02133203,0.015194594,0.007085376,0.001082948,0.0001057,0.055045535,0.048709028,0.042826147,0.032425351,0.017046191,0.008032572,0.089746763,0.076711355,0.064863549,0.044830843,0.018749862,0.006489477,0.019723224,0.015588724,0.01209293,0.006936222,0.001865675,0.000359811,0.025678306,0.018251399,0.012510482,0.005373361,0.000602463,2.40E-05,0.021064388,0.016848901,0.013282135,0.007875922,0.002290989,0.000466818,0.027976651,0.020304025,0.014284111,0.006377273,0.000888998,7.43E-05,0.021532135,0.017313875,0.013719645,0.008242046,0.002386725,0.00049905,0.028372407,0.020693694,0.014612463,0.006655468,0.000994937,8.66E-05,0.045235335,0.038447386,0.032259018,0.021880908,0.00846888,0.002667821,0.074292166,0.060350961,0.047901163,0.028061926,0.007071237,0.001254361,0.06486065,0.058684056,0.052780125,0.04181608,0.02371429,0.011222007,0.100536405,0.094774604,0.089176946,0.078545836,0.059435438,0.043227414,0.039297958,0.036038801,0.035201719,0.03542062,0.036555558,0.038579846,0.041402136,0.042072262,0.039297939,0.036038841,0.035201708,0.03542063,0.03655557,0.038579843,0.041402143,0.042072262,0.035661756,0.03542134,0.036542002,0.038171166,0.040560601,0.044597172,0.047085194,0.047240448,0.0003451,1.69E-05,0.003357131,0.000386626,0.00196537,0.000115014,0,0,0.021614254,0.017250162,0.013547888,0.007879431,0.002197959,0.000459693,0.029783399,0.021642483,0.015288809,0.006955225,0.001014852,0.000101522,0.008804002,0.001234082,0.004182763,0.000286104,0.030017631,0.012383555,0.70967865,0.6408081,0.065535923,0.061112915,0.056915866,0.049169094,0.036175806,0.026140573,0.018598547,0.008951893,0,0,0.23882395,0.21556596,0.19373657,0.15409498,0.11915794,0.090251458,0.066422705,0.047975309,0.034054699,0,0,0.005
2024,9,0,0,0,0,0,0,0,0,0,0,0,0,0,0,0,0,0,0,0,0,0,0.0491843,0,0,0.037561754,0.049614366,0.083870085,0.077135227,0.070596214,0.058138527,0.036263554,0.019596357,0.129405933,0.116816822,0.104776083,0.082489237,0.04603005,0.021675716,0.100074009,0.093866796,0.087828883,0.076289338,0.055584058,0.038202154,0.038887584,0.032546647,0.026844042,0.017456892,0.006050208,0.00163312,0.062789894,0.04980256,0.038555914,0.021341791,0.004694036,0.000632961,0.021303787,0.017045649,0.013445614,0.008009465,0.002414834,0.000568801,0.029071042,0.02133203,0.015194594,0.007085376,0.001082948,0.0001057,0.055045535,0.048709028,0.042826147,0.032425351,0.017046191,0.008032572,0.089746763,0.076711355,0.064863549,0.044830843,0.018749862,0.006489477,0.019723224,0.015588724,0.01209293,0.006936222,0.001865675,0.000359811,0.025678306,0.018251399,0.012510482,0.005373361,0.000602463,2.40E-05,0.021064388,0.016848901,0.013282135,0.007875922,0.002290989,0.000466818,0.027976651,0.020304025,0.014284111,0.006377273,0.000888998,7.43E-05,0.021532135,0.017313875,0.013719645,0.008242046,0.002386725,0.00049905,0.028372407,0.020693694,0.014612463,0.006655468,0.000994937,8.66E-05,0.045235335,0.038447386,0.032259018,0.021880908,0.00846888,0.002667821,0.074292166,0.060350961,0.047901163,0.028061926,0.007071237,0.001254361,0.06486065,0.058684056,0.052780125,0.04181608,0.02371429,0.011222007,0.100536405,0.094774604,0.089176946,0.078545836,0.059435438,0.043227414,0.039297958,0.036038801,0.035201719,0.03542062,0.036555558,0.038579846,0.041402136,0.042072262,0.039297939,0.036038841,0.035201708,0.03542063,0.03655557,0.038579843,0.041402143,0.042072262,0.035661756,0.03542134,0.036542002,0.038171166,0.040560601,0.044597172,0.047085194,0.047240448,0.0003451,1.69E-05,0.003357131,0.000386626,0.00196537,0.000115014,0,0,0.021614254,0.017250162,0.013547888,0.007879431,0.002197959,0.000459693,0.029783399,0.021642483,0.015288809,0.006955225,0.001014852,0.000101522,0.008804002,0.001234082,0.004182763,0.000286104,0.030017631,0.012383555,0.70967865,0.6408081,0.065535923,0.061112915,0.056915866,0.049169094,0.036175806,0.026140573,0.018598547,0.008951893,0,0,0.23882395,0.21556596,0.19373657,0.15409498,0.11915794,0.090251458,0.066422705,0.047975309,0.034054699,0,0,0.005
2024,10,0,0,0,0,0,0,0,0,0,0,0,0,0,0,0,0,0,0,0,0,0,0.0491843,0,0,0.037561754,0.049614366,0.083870085,0.077135227,0.070596214,0.058138527,0.036263554,0.019596357,0.129405933,0.116816822,0.104776083,0.082489237,0.04603005,0.021675716,0.100074009,0.093866796,0.087828883,0.076289338,0.055584058,0.038202154,0.038887584,0.032546647,0.026844042,0.017456892,0.006050208,0.00163312,0.062789894,0.04980256,0.038555914,0.021341791,0.004694036,0.000632961,0.021303787,0.017045649,0.013445614,0.008009465,0.002414834,0.000568801,0.029071042,0.02133203,0.015194594,0.007085376,0.001082948,0.0001057,0.055045535,0.048709028,0.042826147,0.032425351,0.017046191,0.008032572,0.089746763,0.076711355,0.064863549,0.044830843,0.018749862,0.006489477,0.019723224,0.015588724,0.01209293,0.006936222,0.001865675,0.000359811,0.025678306,0.018251399,0.012510482,0.005373361,0.000602463,2.40E-05,0.021064388,0.016848901,0.013282135,0.007875922,0.002290989,0.000466818,0.027976651,0.020304025,0.014284111,0.006377273,0.000888998,7.43E-05,0.021532135,0.017313875,0.013719645,0.008242046,0.002386725,0.00049905,0.028372407,0.020693694,0.014612463,0.006655468,0.000994937,8.66E-05,0.045235335,0.038447386,0.032259018,0.021880908,0.00846888,0.002667821,0.074292166,0.060350961,0.047901163,0.028061926,0.007071237,0.001254361,0.06486065,0.058684056,0.052780125,0.04181608,0.02371429,0.011222007,0.100536405,0.094774604,0.089176946,0.078545836,0.059435438,0.043227414,0.039297958,0.036038801,0.035201719,0.03542062,0.036555558,0.038579846,0.041402136,0.042072262,0.039297939,0.036038841,0.035201708,0.03542063,0.03655557,0.038579843,0.041402143,0.042072262,0.035661756,0.03542134,0.036542002,0.038171166,0.040560601,0.044597172,0.047085194,0.047240448,0.0003451,1.69E-05,0.003357131,0.000386626,0.00196537,0.000115014,0,0,0.021614254,0.017250162,0.013547888,0.007879431,0.002197959,0.000459693,0.029783399,0.021642483,0.015288809,0.006955225,0.001014852,0.000101522,0.008804002,0.001234082,0.004182763,0.000286104,0.030017631,0.012383555,0.70967865,0.6408081,0.065535923,0.061112915,0.056915866,0.049169094,0.036175806,0.026140573,0.018598547,0.008951893,0,0,0.23882395,0.21556596,0.19373657,0.15409498,0.11915794,0.090251458,0.066422705,0.047975309,0.034054699,0,0,0.005
2024,11,0,0,0,0,0,0,0,0,0,0,0,0,0,0,0,0,0,0,0,0,0,0.0491843,0,0,0.037561754,0.049614366,0.083870085,0.077135227,0.070596214,0.058138527,0.036263554,0.019596357,0.129405933,0.116816822,0.104776083,0.082489237,0.04603005,0.021675716,0.100074009,0.093866796,0.087828883,0.076289338,0.055584058,0.038202154,0.038887584,0.032546647,0.026844042,0.017456892,0.006050208,0.00163312,0.062789894,0.04980256,0.038555914,0.021341791,0.004694036,0.000632961,0.021303787,0.017045649,0.013445614,0.008009465,0.002414834,0.000568801,0.029071042,0.02133203,0.015194594,0.007085376,0.001082948,0.0001057,0.055045535,0.048709028,0.042826147,0.032425351,0.017046191,0.008032572,0.089746763,0.076711355,0.064863549,0.044830843,0.018749862,0.006489477,0.019723224,0.015588724,0.01209293,0.006936222,0.001865675,0.000359811,0.025678306,0.018251399,0.012510482,0.005373361,0.000602463,2.40E-05,0.021064388,0.016848901,0.013282135,0.007875922,0.002290989,0.000466818,0.027976651,0.020304025,0.014284111,0.006377273,0.000888998,7.43E-05,0.021532135,0.017313875,0.013719645,0.008242046,0.002386725,0.00049905,0.028372407,0.020693694,0.014612463,0.006655468,0.000994937,8.66E-05,0.045235335,0.038447386,0.032259018,0.021880908,0.00846888,0.002667821,0.074292166,0.060350961,0.047901163,0.028061926,0.007071237,0.001254361,0.06486065,0.058684056,0.052780125,0.04181608,0.02371429,0.011222007,0.100536405,0.094774604,0.089176946,0.078545836,0.059435438,0.043227414,0.039297958,0.036038801,0.035201719,0.03542062,0.036555558,0.038579846,0.041402136,0.042072262,0.039297939,0.036038841,0.035201708,0.03542063,0.03655557,0.038579843,0.041402143,0.042072262,0.035661756,0.03542134,0.036542002,0.038171166,0.040560601,0.044597172,0.047085194,0.047240448,0.0003451,1.69E-05,0.003357131,0.000386626,0.00196537,0.000115014,0,0,0.021614254,0.017250162,0.013547888,0.007879431,0.002197959,0.000459693,0.029783399,0.021642483,0.015288809,0.006955225,0.001014852,0.000101522,0.008804002,0.001234082,0.004182763,0.000286104,0.030017631,0.012383555,0.70967865,0.6408081,0.065535923,0.061112915,0.056915866,0.049169094,0.036175806,0.026140573,0.018598547,0.008951893,0,0,0.23882395,0.21556596,0.19373657,0.15409498,0.11915794,0.090251458,0.066422705,0.047975309,0.034054699,0,0,0.005
2024,12,0,0,0,0,0,0,0,0,0,0,0,0,0,0,0,0,0,0,0,0,0,0.0491843,0,0,0.037561754,0.049614366,0.083870085,0.077135227,0.070596214,0.058138527,0.036263554,0.019596357,0.129405933,0.116816822,0.104776083,0.082489237,0.04603005,0.021675716,0.100074009,0.093866796,0.087828883,0.076289338,0.055584058,0.038202154,0.038887584,0.032546647,0.026844042,0.017456892,0.006050208,0.00163312,0.062789894,0.04980256,0.038555914,0.021341791,0.004694036,0.000632961,0.021303787,0.017045649,0.013445614,0.008009465,0.002414834,0.000568801,0.029071042,0.02133203,0.015194594,0.007085376,0.001082948,0.0001057,0.055045535,0.048709028,0.042826147,0.032425351,0.017046191,0.008032572,0.089746763,0.076711355,0.064863549,0.044830843,0.018749862,0.006489477,0.019723224,0.015588724,0.01209293,0.006936222,0.001865675,0.000359811,0.025678306,0.018251399,0.012510482,0.005373361,0.000602463,2.40E-05,0.021064388,0.016848901,0.013282135,0.007875922,0.002290989,0.000466818,0.027976651,0.020304025,0.014284111,0.006377273,0.000888998,7.43E-05,0.021532135,0.017313875,0.013719645,0.008242046,0.002386725,0.00049905,0.028372407,0.020693694,0.014612463,0.006655468,0.000994937,8.66E-05,0.045235335,0.038447386,0.032259018,0.021880908,0.00846888,0.002667821,0.074292166,0.060350961,0.047901163,0.028061926,0.007071237,0.001254361,0.06486065,0.058684056,0.052780125,0.04181608,0.02371429,0.011222007,0.100536405,0.094774604,0.089176946,0.078545836,0.059435438,0.043227414,0.039297958,0.036038801,0.035201719,0.03542062,0.036555558,0.038579846,0.041402136,0.042072262,0.039297939,0.036038841,0.035201708,0.03542063,0.03655557,0.038579843,0.041402143,0.042072262,0.035661756,0.03542134,0.036542002,0.038171166,0.040560601,0.044597172,0.047085194,0.047240448,0.0003451,1.69E-05,0.003357131,0.000386626,0.00196537,0.000115014,0,0,0.021614254,0.017250162,0.013547888,0.007879431,0.002197959,0.000459693,0.029783399,0.021642483,0.015288809,0.006955225,0.001014852,0.000101522,0.008804002,0.001234082,0.004182763,0.000286104,0.030017631,0.012383555,0.70967865,0.6408081,0.065535923,0.061112915,0.056915866,0.049169094,0.036175806,0.026140573,0.018598547,0.008951893,0,0,0.23882395,0.21556596,0.19373657,0.15409498,0.11915794,0.090251458,0.066422705,0.047975309,0.034054699,0,0,0.005
2025,1,0,0,0,0,0,0,0,0,0,0,0,0,0,0,0,0,0,0,0,0,0,0.0491843,0,0,0.037561754,0.049614366,0.083870085,0.077135227,0.070596214,0.058138527,0.036263554,0.019596357,0.129405933,0.116816822,0.104776083,0.082489237,0.04603005,0.021675716,0.100074009,0.093866796,0.087828883,0.076289338,0.055584058,0.038202154,0.038887584,0.032546647,0.026844042,0.017456892,0.006050208,0.00163312,0.062789894,0.04980256,0.038555914,0.021341791,0.004694036,0.000632961,0.021303787,0.017045649,0.013445614,0.008009465,0.002414834,0.000568801,0.029071042,0.02133203,0.015194594,0.007085376,0.001082948,0.0001057,0.055045535,0.048709028,0.042826147,0.032425351,0.017046191,0.008032572,0.089746763,0.076711355,0.064863549,0.044830843,0.018749862,0.006489477,0.019723224,0.015588724,0.01209293,0.006936222,0.001865675,0.000359811,0.025678306,0.018251399,0.012510482,0.005373361,0.000602463,2.40E-05,0.021064388,0.016848901,0.013282135,0.007875922,0.002290989,0.000466818,0.027976651,0.020304025,0.014284111,0.006377273,0.000888998,7.43E-05,0.021532135,0.017313875,0.013719645,0.008242046,0.002386725,0.00049905,0.028372407,0.020693694,0.014612463,0.006655468,0.000994937,8.66E-05,0.045235335,0.038447386,0.032259018,0.021880908,0.00846888,0.002667821,0.074292166,0.060350961,0.047901163,0.028061926,0.007071237,0.001254361,0.06486065,0.058684056,0.052780125,0.04181608,0.02371429,0.011222007,0.100536405,0.094774604,0.089176946,0.078545836,0.059435438,0.043227414,0.039297958,0.036038801,0.035201719,0.03542062,0.036555558,0.038579846,0.041402136,0.042072262,0.039297939,0.036038841,0.035201708,0.03542063,0.03655557,0.038579843,0.041402143,0.042072262,0.035661756,0.03542134,0.036542002,0.038171166,0.040560601,0.044597172,0.047085194,0.047240448,0.0003451,1.69E-05,0.003357131,0.000386626,0.00196537,0.000115014,0,0,0.021614254,0.017250162,0.013547888,0.007879431,0.002197959,0.000459693,0.029783399,0.021642483,0.015288809,0.006955225,0.001014852,0.000101522,0.008804002,0.001234082,0.004182763,0.000286104,0.030017631,0.012383555,0.70967865,0.6408081,0.065535923,0.061112915,0.056915866,0.049169094,0.036175806,0.026140573,0.018598547,0.008951893,0,0,0.23882395,0.21556596,0.19373657,0.15409498,0.11915794,0.090251458,0.066422705,0.047975309,0.034054699,0,0,0.005
2025,2,0,0,0,0,0,0,0,0,0,0,0,0,0,0,0,0,0,0,0,0,0,0.0491843,0,0,0.037561754,0.049614366,0.083870085,0.077135227,0.070596214,0.058138527,0.036263554,0.019596357,0.129405933,0.116816822,0.104776083,0.082489237,0.04603005,0.021675716,0.100074009,0.093866796,0.087828883,0.076289338,0.055584058,0.038202154,0.038887584,0.032546647,0.026844042,0.017456892,0.006050208,0.00163312,0.062789894,0.04980256,0.038555914,0.021341791,0.004694036,0.000632961,0.021303787,0.017045649,0.013445614,0.008009465,0.002414834,0.000568801,0.029071042,0.02133203,0.015194594,0.007085376,0.001082948,0.0001057,0.055045535,0.048709028,0.042826147,0.032425351,0.017046191,0.008032572,0.089746763,0.076711355,0.064863549,0.044830843,0.018749862,0.006489477,0.019723224,0.015588724,0.01209293,0.006936222,0.001865675,0.000359811,0.025678306,0.018251399,0.012510482,0.005373361,0.000602463,2.40E-05,0.021064388,0.016848901,0.013282135,0.007875922,0.002290989,0.000466818,0.027976651,0.020304025,0.014284111,0.006377273,0.000888998,7.43E-05,0.021532135,0.017313875,0.013719645,0.008242046,0.002386725,0.00049905,0.028372407,0.020693694,0.014612463,0.006655468,0.000994937,8.66E-05,0.045235335,0.038447386,0.032259018,0.021880908,0.00846888,0.002667821,0.074292166,0.060350961,0.047901163,0.028061926,0.007071237,0.001254361,0.06486065,0.058684056,0.052780125,0.04181608,0.02371429,0.011222007,0.100536405,0.094774604,0.089176946,0.078545836,0.059435438,0.043227414,0.039297958,0.036038801,0.035201719,0.03542062,0.036555558,0.038579846,0.041402136,0.042072262,0.039297939,0.036038841,0.035201708,0.03542063,0.03655557,0.038579843,0.041402143,0.042072262,0.035661756,0.03542134,0.036542002,0.038171166,0.040560601,0.044597172,0.047085194,0.047240448,0.0003451,1.69E-05,0.003357131,0.000386626,0.00196537,0.000115014,0,0,0.021614254,0.017250162,0.013547888,0.007879431,0.002197959,0.000459693,0.029783399,0.021642483,0.015288809,0.006955225,0.001014852,0.000101522,0.008804002,0.001234082,0.004182763,0.000286104,0.030017631,0.012383555,0.70967865,0.6408081,0.065535923,0.061112915,0.056915866,0.049169094,0.036175806,0.026140573,0.018598547,0.008951893,0,0,0.23882395,0.21556596,0.19373657,0.15409498,0.11915794,0.090251458,0.066422705,0.047975309,0.034054699,0,0,0.005
2025,3,0,0,0,0,0,0,0,0,0,0,0,0,0,0,0,0,0,0,0,0,0,0.0491843,0,0,0.037561754,0.049614366,0.083870085,0.077135227,0.070596214,0.058138527,0.036263554,0.019596357,0.129405933,0.116816822,0.104776083,0.082489237,0.04603005,0.021675716,0.100074009,0.093866796,0.087828883,0.076289338,0.055584058,0.038202154,0.038887584,0.032546647,0.026844042,0.017456892,0.006050208,0.00163312,0.062789894,0.04980256,0.038555914,0.021341791,0.004694036,0.000632961,0.021303787,0.017045649,0.013445614,0.008009465,0.002414834,0.000568801,0.029071042,0.02133203,0.015194594,0.007085376,0.001082948,0.0001057,0.055045535,0.048709028,0.042826147,0.032425351,0.017046191,0.008032572,0.089746763,0.076711355,0.064863549,0.044830843,0.018749862,0.006489477,0.019723224,0.015588724,0.01209293,0.006936222,0.001865675,0.000359811,0.025678306,0.018251399,0.012510482,0.005373361,0.000602463,2.40E-05,0.021064388,0.016848901,0.013282135,0.007875922,0.002290989,0.000466818,0.027976651,0.020304025,0.014284111,0.006377273,0.000888998,7.43E-05,0.021532135,0.017313875,0.013719645,0.008242046,0.002386725,0.00049905,0.028372407,0.020693694,0.014612463,0.006655468,0.000994937,8.66E-05,0.045235335,0.038447386,0.032259018,0.021880908,0.00846888,0.002667821,0.074292166,0.060350961,0.047901163,0.028061926,0.007071237,0.001254361,0.06486065,0.058684056,0.052780125,0.04181608,0.02371429,0.011222007,0.100536405,0.094774604,0.089176946,0.078545836,0.059435438,0.043227414,0.039297958,0.036038801,0.035201719,0.03542062,0.036555558,0.038579846,0.041402136,0.042072262,0.039297939,0.036038841,0.035201708,0.03542063,0.03655557,0.038579843,0.041402143,0.042072262,0.035661756,0.03542134,0.036542002,0.038171166,0.040560601,0.044597172,0.047085194,0.047240448,0.0003451,1.69E-05,0.003357131,0.000386626,0.00196537,0.000115014,0,0,0.021614254,0.017250162,0.013547888,0.007879431,0.002197959,0.000459693,0.029783399,0.021642483,0.015288809,0.006955225,0.001014852,0.000101522,0.008804002,0.001234082,0.004182763,0.000286104,0.030017631,0.012383555,0.70967865,0.6408081,0.065535923,0.061112915,0.056915866,0.049169094,0.036175806,0.026140573,0.018598547,0.008951893,0,0,0.23882395,0.21556596,0.19373657,0.15409498,0.11915794,0.090251458,0.066422705,0.047975309,0.034054699,0,0,0.005
2025,4,0,0,0,0,0,0,0,0,0,0,0,0,0,0,0,0,0,0,0,0,0,0.0491843,0,0,0.037561754,0.049614366,0.083870085,0.077135227,0.070596214,0.058138527,0.036263554,0.019596357,0.129405933,0.116816822,0.104776083,0.082489237,0.04603005,0.021675716,0.100074009,0.093866796,0.087828883,0.076289338,0.055584058,0.038202154,0.038887584,0.032546647,0.026844042,0.017456892,0.006050208,0.00163312,0.062789894,0.04980256,0.038555914,0.021341791,0.004694036,0.000632961,0.021303787,0.017045649,0.013445614,0.008009465,0.002414834,0.000568801,0.029071042,0.02133203,0.015194594,0.007085376,0.001082948,0.0001057,0.055045535,0.048709028,0.042826147,0.032425351,0.017046191,0.008032572,0.089746763,0.076711355,0.064863549,0.044830843,0.018749862,0.006489477,0.019723224,0.015588724,0.01209293,0.006936222,0.001865675,0.000359811,0.025678306,0.018251399,0.012510482,0.005373361,0.000602463,2.40E-05,0.021064388,0.016848901,0.013282135,0.007875922,0.002290989,0.000466818,0.027976651,0.020304025,0.014284111,0.006377273,0.000888998,7.43E-05,0.021532135,0.017313875,0.013719645,0.008242046,0.002386725,0.00049905,0.028372407,0.020693694,0.014612463,0.006655468,0.000994937,8.66E-05,0.045235335,0.038447386,0.032259018,0.021880908,0.00846888,0.002667821,0.074292166,0.060350961,0.047901163,0.028061926,0.007071237,0.001254361,0.06486065,0.058684056,0.052780125,0.04181608,0.02371429,0.011222007,0.100536405,0.094774604,0.089176946,0.078545836,0.059435438,0.043227414,0.039297958,0.036038801,0.035201719,0.03542062,0.036555558,0.038579846,0.041402136,0.042072262,0.039297939,0.036038841,0.035201708,0.03542063,0.03655557,0.038579843,0.041402143,0.042072262,0.035661756,0.03542134,0.036542002,0.038171166,0.040560601,0.044597172,0.047085194,0.047240448,0.0003451,1.69E-05,0.003357131,0.000386626,0.00196537,0.000115014,0,0,0.021614254,0.017250162,0.013547888,0.007879431,0.002197959,0.000459693,0.029783399,0.021642483,0.015288809,0.006955225,0.001014852,0.000101522,0.008804002,0.001234082,0.004182763,0.000286104,0.030017631,0.012383555,0.70967865,0.6408081,0.065535923,0.061112915,0.056915866,0.049169094,0.036175806,0.026140573,0.018598547,0.008951893,0,0,0.23882395,0.21556596,0.19373657,0.15409498,0.11915794,0.090251458,0.066422705,0.047975309,0.034054699,0,0,0.005
2025,5,0,0,0,0,0,0,0,0,0,0,0,0,0,0,0,0,0,0,0,0,0,0.0491843,0,0,0.037561754,0.049614366,0.083870085,0.077135227,0.070596214,0.058138527,0.036263554,0.019596357,0.129405933,0.116816822,0.104776083,0.082489237,0.04603005,0.021675716,0.100074009,0.093866796,0.087828883,0.076289338,0.055584058,0.038202154,0.038887584,0.032546647,0.026844042,0.017456892,0.006050208,0.00163312,0.062789894,0.04980256,0.038555914,0.021341791,0.004694036,0.000632961,0.021303787,0.017045649,0.013445614,0.008009465,0.002414834,0.000568801,0.029071042,0.02133203,0.015194594,0.007085376,0.001082948,0.0001057,0.055045535,0.048709028,0.042826147,0.032425351,0.017046191,0.008032572,0.089746763,0.076711355,0.064863549,0.044830843,0.018749862,0.006489477,0.019723224,0.015588724,0.01209293,0.006936222,0.001865675,0.000359811,0.025678306,0.018251399,0.012510482,0.005373361,0.000602463,2.40E-05,0.021064388,0.016848901,0.013282135,0.007875922,0.002290989,0.000466818,0.027976651,0.020304025,0.014284111,0.006377273,0.000888998,7.43E-05,0.021532135,0.017313875,0.013719645,0.008242046,0.002386725,0.00049905,0.028372407,0.020693694,0.014612463,0.006655468,0.000994937,8.66E-05,0.045235335,0.038447386,0.032259018,0.021880908,0.00846888,0.002667821,0.074292166,0.060350961,0.047901163,0.028061926,0.007071237,0.001254361,0.06486065,0.058684056,0.052780125,0.04181608,0.02371429,0.011222007,0.100536405,0.094774604,0.089176946,0.078545836,0.059435438,0.043227414,0.039297958,0.036038801,0.035201719,0.03542062,0.036555558,0.038579846,0.041402136,0.042072262,0.039297939,0.036038841,0.035201708,0.03542063,0.03655557,0.038579843,0.041402143,0.042072262,0.035661756,0.03542134,0.036542002,0.038171166,0.040560601,0.044597172,0.047085194,0.047240448,0.0003451,1.69E-05,0.003357131,0.000386626,0.00196537,0.000115014,0,0,0.021614254,0.017250162,0.013547888,0.007879431,0.002197959,0.000459693,0.029783399,0.021642483,0.015288809,0.006955225,0.001014852,0.000101522,0.008804002,0.001234082,0.004182763,0.000286104,0.030017631,0.012383555,0.70967865,0.6408081,0.065535923,0.061112915,0.056915866,0.049169094,0.036175806,0.026140573,0.018598547,0.008951893,0,0,0.23882395,0.21556596,0.19373657,0.15409498,0.11915794,0.090251458,0.066422705,0.047975309,0.034054699,0,0,0.005
2025,6,0,0,0,0,0,0,0,0,0,0,0,0,0,0,0,0,0,0,0,0,0,0.0491843,0,0,0.037561754,0.049614366,0.083870085,0.077135227,0.070596214,0.058138527,0.036263554,0.019596357,0.129405933,0.116816822,0.104776083,0.082489237,0.04603005,0.021675716,0.100074009,0.093866796,0.087828883,0.076289338,0.055584058,0.038202154,0.038887584,0.032546647,0.026844042,0.017456892,0.006050208,0.00163312,0.062789894,0.04980256,0.038555914,0.021341791,0.004694036,0.000632961,0.021303787,0.017045649,0.013445614,0.008009465,0.002414834,0.000568801,0.029071042,0.02133203,0.015194594,0.007085376,0.001082948,0.0001057,0.055045535,0.048709028,0.042826147,0.032425351,0.017046191,0.008032572,0.089746763,0.076711355,0.064863549,0.044830843,0.018749862,0.006489477,0.019723224,0.015588724,0.01209293,0.006936222,0.001865675,0.000359811,0.025678306,0.018251399,0.012510482,0.005373361,0.000602463,2.40E-05,0.021064388,0.016848901,0.013282135,0.007875922,0.002290989,0.000466818,0.027976651,0.020304025,0.014284111,0.006377273,0.000888998,7.43E-05,0.021532135,0.017313875,0.013719645,0.008242046,0.002386725,0.00049905,0.028372407,0.020693694,0.014612463,0.006655468,0.000994937,8.66E-05,0.045235335,0.038447386,0.032259018,0.021880908,0.00846888,0.002667821,0.074292166,0.060350961,0.047901163,0.028061926,0.007071237,0.001254361,0.06486065,0.058684056,0.052780125,0.04181608,0.02371429,0.011222007,0.100536405,0.094774604,0.089176946,0.078545836,0.059435438,0.043227414,0.039297958,0.036038801,0.035201719,0.03542062,0.036555558,0.038579846,0.041402136,0.042072262,0.039297939,0.036038841,0.035201708,0.03542063,0.03655557,0.038579843,0.041402143,0.042072262,0.035661756,0.03542134,0.036542002,0.038171166,0.040560601,0.044597172,0.047085194,0.047240448,0.0003451,1.69E-05,0.003357131,0.000386626,0.00196537,0.000115014,0,0,0.021614254,0.017250162,0.013547888,0.007879431,0.002197959,0.000459693,0.029783399,0.021642483,0.015288809,0.006955225,0.001014852,0.000101522,0.008804002,0.001234082,0.004182763,0.000286104,0.030017631,0.012383555,0.70967865,0.6408081,0.065535923,0.061112915,0.056915866,0.049169094,0.036175806,0.026140573,0.018598547,0.008951893,0,0,0.23882395,0.21556596,0.19373657,0.15409498,0.11915794,0.090251458,0.066422705,0.047975309,0.034054699,0,0,0.005
2025,7,0,0,0,0,0,0,0,0,0,0,0,0,0,0,0,0,0,0,0,0,0,0.0491843,0,0,0.037561754,0.049614366,0.083870085,0.077135227,0.070596214,0.058138527,0.036263554,0.019596357,0.129405933,0.116816822,0.104776083,0.082489237,0.04603005,0.021675716,0.100074009,0.093866796,0.087828883,0.076289338,0.055584058,0.038202154,0.038887584,0.032546647,0.026844042,0.017456892,0.006050208,0.00163312,0.062789894,0.04980256,0.038555914,0.021341791,0.004694036,0.000632961,0.021303787,0.017045649,0.013445614,0.008009465,0.002414834,0.000568801,0.029071042,0.02133203,0.015194594,0.007085376,0.001082948,0.0001057,0.055045535,0.048709028,0.042826147,0.032425351,0.017046191,0.008032572,0.089746763,0.076711355,0.064863549,0.044830843,0.018749862,0.006489477,0.019723224,0.015588724,0.01209293,0.006936222,0.001865675,0.000359811,0.025678306,0.018251399,0.012510482,0.005373361,0.000602463,2.40E-05,0.021064388,0.016848901,0.013282135,0.007875922,0.002290989,0.000466818,0.027976651,0.020304025,0.014284111,0.006377273,0.000888998,7.43E-05,0.021532135,0.017313875,0.013719645,0.008242046,0.002386725,0.00049905,0.028372407,0.020693694,0.014612463,0.006655468,0.000994937,8.66E-05,0.045235335,0.038447386,0.032259018,0.021880908,0.00846888,0.002667821,0.074292166,0.060350961,0.047901163,0.028061926,0.007071237,0.001254361,0.06486065,0.058684056,0.052780125,0.04181608,0.02371429,0.011222007,0.100536405,0.094774604,0.089176946,0.078545836,0.059435438,0.043227414,0.039297958,0.036038801,0.035201719,0.03542062,0.036555558,0.038579846,0.041402136,0.042072262,0.039297939,0.036038841,0.035201708,0.03542063,0.03655557,0.038579843,0.041402143,0.042072262,0.035661756,0.03542134,0.036542002,0.038171166,0.040560601,0.044597172,0.047085194,0.047240448,0.0003451,1.69E-05,0.003357131,0.000386626,0.00196537,0.000115014,0,0,0.021614254,0.017250162,0.013547888,0.007879431,0.002197959,0.000459693,0.029783399,0.021642483,0.015288809,0.006955225,0.001014852,0.000101522,0.008804002,0.001234082,0.004182763,0.000286104,0.030017631,0.012383555,0.70967865,0.6408081,0.065535923,0.061112915,0.056915866,0.049169094,0.036175806,0.026140573,0.018598547,0.008951893,0,0,0.23882395,0.21556596,0.19373657,0.15409498,0.11915794,0.090251458,0.066422705,0.047975309,0.034054699,0,0,0.005
2025,8,0,0,0,0,0,0,0,0,0,0,0,0,0,0,0,0,0,0,0,0,0,0.0491843,0,0,0.037561754,0.049614366,0.083870085,0.077135227,0.070596214,0.058138527,0.036263554,0.019596357,0.129405933,0.116816822,0.104776083,0.082489237,0.04603005,0.021675716,0.100074009,0.093866796,0.087828883,0.076289338,0.055584058,0.038202154,0.038887584,0.032546647,0.026844042,0.017456892,0.006050208,0.00163312,0.062789894,0.04980256,0.038555914,0.021341791,0.004694036,0.000632961,0.021303787,0.017045649,0.013445614,0.008009465,0.002414834,0.000568801,0.029071042,0.02133203,0.015194594,0.007085376,0.001082948,0.0001057,0.055045535,0.048709028,0.042826147,0.032425351,0.017046191,0.008032572,0.089746763,0.076711355,0.064863549,0.044830843,0.018749862,0.006489477,0.019723224,0.015588724,0.01209293,0.006936222,0.001865675,0.000359811,0.025678306,0.018251399,0.012510482,0.005373361,0.000602463,2.40E-05,0.021064388,0.016848901,0.013282135,0.007875922,0.002290989,0.000466818,0.027976651,0.020304025,0.014284111,0.006377273,0.000888998,7.43E-05,0.021532135,0.017313875,0.013719645,0.008242046,0.002386725,0.00049905,0.028372407,0.020693694,0.014612463,0.006655468,0.000994937,8.66E-05,0.045235335,0.038447386,0.032259018,0.021880908,0.00846888,0.002667821,0.074292166,0.060350961,0.047901163,0.028061926,0.007071237,0.001254361,0.06486065,0.058684056,0.052780125,0.04181608,0.02371429,0.011222007,0.100536405,0.094774604,0.089176946,0.078545836,0.059435438,0.043227414,0.039297958,0.036038801,0.035201719,0.03542062,0.036555558,0.038579846,0.041402136,0.042072262,0.039297939,0.036038841,0.035201708,0.03542063,0.03655557,0.038579843,0.041402143,0.042072262,0.035661756,0.03542134,0.036542002,0.038171166,0.040560601,0.044597172,0.047085194,0.047240448,0.0003451,1.69E-05,0.003357131,0.000386626,0.00196537,0.000115014,0,0,0.021614254,0.017250162,0.013547888,0.007879431,0.002197959,0.000459693,0.029783399,0.021642483,0.015288809,0.006955225,0.001014852,0.000101522,0.008804002,0.001234082,0.004182763,0.000286104,0.030017631,0.012383555,0.70967865,0.6408081,0.065535923,0.061112915,0.056915866,0.049169094,0.036175806,0.026140573,0.018598547,0.008951893,0,0,0.23882395,0.21556596,0.19373657,0.15409498,0.11915794,0.090251458,0.066422705,0.047975309,0.034054699,0,0,0.005
2025,9,0,0,0,0,0,0,0,0,0,0,0,0,0,0,0,0,0,0,0,0,0,0.0491843,0,0,0.037561754,0.049614366,0.083870085,0.077135227,0.070596214,0.058138527,0.036263554,0.019596357,0.129405933,0.116816822,0.104776083,0.082489237,0.04603005,0.021675716,0.100074009,0.093866796,0.087828883,0.076289338,0.055584058,0.038202154,0.038887584,0.032546647,0.026844042,0.017456892,0.006050208,0.00163312,0.062789894,0.04980256,0.038555914,0.021341791,0.004694036,0.000632961,0.021303787,0.017045649,0.013445614,0.008009465,0.002414834,0.000568801,0.029071042,0.02133203,0.015194594,0.007085376,0.001082948,0.0001057,0.055045535,0.048709028,0.042826147,0.032425351,0.017046191,0.008032572,0.089746763,0.076711355,0.064863549,0.044830843,0.018749862,0.006489477,0.019723224,0.015588724,0.01209293,0.006936222,0.001865675,0.000359811,0.025678306,0.018251399,0.012510482,0.005373361,0.000602463,2.40E-05,0.021064388,0.016848901,0.013282135,0.007875922,0.002290989,0.000466818,0.027976651,0.020304025,0.014284111,0.006377273,0.000888998,7.43E-05,0.021532135,0.017313875,0.013719645,0.008242046,0.002386725,0.00049905,0.028372407,0.020693694,0.014612463,0.006655468,0.000994937,8.66E-05,0.045235335,0.038447386,0.032259018,0.021880908,0.00846888,0.002667821,0.074292166,0.060350961,0.047901163,0.028061926,0.007071237,0.001254361,0.06486065,0.058684056,0.052780125,0.04181608,0.02371429,0.011222007,0.100536405,0.094774604,0.089176946,0.078545836,0.059435438,0.043227414,0.039297958,0.036038801,0.035201719,0.03542062,0.036555558,0.038579846,0.041402136,0.042072262,0.039297939,0.036038841,0.035201708,0.03542063,0.03655557,0.038579843,0.041402143,0.042072262,0.035661756,0.03542134,0.036542002,0.038171166,0.040560601,0.044597172,0.047085194,0.047240448,0.0003451,1.69E-05,0.003357131,0.000386626,0.00196537,0.000115014,0,0,0.021614254,0.017250162,0.013547888,0.007879431,0.002197959,0.000459693,0.029783399,0.021642483,0.015288809,0.006955225,0.001014852,0.000101522,0.008804002,0.001234082,0.004182763,0.000286104,0.030017631,0.012383555,0.70967865,0.6408081,0.065535923,0.061112915,0.056915866,0.049169094,0.036175806,0.026140573,0.018598547,0.008951893,0,0,0.23882395,0.21556596,0.19373657,0.15409498,0.11915794,0.090251458,0.066422705,0.047975309,0.034054699,0,0,0.005
